customer_id,cluster_id,segment_name,split
SYN-CUST-01838,4,Engaged low conversion,holdout
SYN-CUST-01651,4,Engaged low conversion,development
SYN-CUST-01873,4,Engaged low conversion,development
SYN-CUST-01885,4,Engaged low conversion,development
SYN-CUST-00996,0,Growth potential,development
SYN-CUST-01870,4,Engaged low conversion,development
SYN-CUST-02921,1,Dormant low value,development
SYN-CUST-02553,1,Dormant low value,holdout
SYN-CUST-00064,2,Loyal high value,development
SYN-CUST-02717,1,Dormant low value,development
SYN-CUST-02244,3,Discount-led frequent,development
SYN-CUST-01988,4,Engaged low conversion,development
SYN-CUST-02351,3,Discount-led frequent,holdout
SYN-CUST-00139,2,Loyal high value,development
SYN-CUST-01742,4,Engaged low conversion,holdout
SYN-CUST-00475,5,High value at risk,development
SYN-CUST-00980,0,Growth potential,development
SYN-CUST-02966,1,Dormant low value,development
SYN-CUST-02501,1,Dormant low value,development
SYN-CUST-00962,0,Growth potential,development
SYN-CUST-02550,1,Dormant low value,development
SYN-CUST-01931,4,Engaged low conversion,development
SYN-CUST-00162,2,Loyal high value,development
SYN-CUST-01922,4,Engaged low conversion,development
SYN-CUST-01331,0,Growth potential,development
SYN-CUST-02150,3,Discount-led frequent,development
SYN-CUST-02162,3,Discount-led frequent,development
SYN-CUST-01690,4,Engaged low conversion,development
SYN-CUST-00750,5,High value at risk,development
SYN-CUST-00554,5,High value at risk,holdout
SYN-CUST-00072,2,Loyal high value,holdout
SYN-CUST-00197,2,Loyal high value,development
SYN-CUST-00531,5,High value at risk,holdout
SYN-CUST-00619,5,High value at risk,development
SYN-CUST-01872,4,Engaged low conversion,development
SYN-CUST-02901,1,Dormant low value,development
SYN-CUST-00630,5,High value at risk,development
SYN-CUST-00866,0,Growth potential,development
SYN-CUST-02668,1,Dormant low value,development
SYN-CUST-01977,4,Engaged low conversion,development
SYN-CUST-00502,5,High value at risk,development
SYN-CUST-02047,3,Discount-led frequent,development
SYN-CUST-01140,0,Growth potential,development
SYN-CUST-00010,2,Loyal high value,holdout
SYN-CUST-00911,0,Growth potential,holdout
SYN-CUST-01292,0,Growth potential,holdout
SYN-CUST-01099,0,Growth potential,development
SYN-CUST-02015,4,Engaged low conversion,development
SYN-CUST-01752,4,Engaged low conversion,development
SYN-CUST-02536,1,Dormant low value,development
SYN-CUST-00299,2,Loyal high value,development
SYN-CUST-00851,0,Growth potential,holdout
SYN-CUST-02329,3,Discount-led frequent,holdout
SYN-CUST-02812,1,Dormant low value,development
SYN-CUST-02568,1,Dormant low value,development
SYN-CUST-02214,3,Discount-led frequent,development
SYN-CUST-00203,2,Loyal high value,holdout
SYN-CUST-01920,4,Engaged low conversion,development
SYN-CUST-02922,1,Dormant low value,development
SYN-CUST-00048,2,Loyal high value,development
SYN-CUST-00043,2,Loyal high value,development
SYN-CUST-01040,0,Growth potential,development
SYN-CUST-00278,2,Loyal high value,development
SYN-CUST-02003,4,Engaged low conversion,holdout
SYN-CUST-00837,0,Growth potential,development
SYN-CUST-02439,3,Discount-led frequent,development
SYN-CUST-00843,0,Growth potential,development
SYN-CUST-01141,0,Growth potential,holdout
SYN-CUST-01945,4,Engaged low conversion,development
SYN-CUST-02307,3,Discount-led frequent,development
SYN-CUST-02339,3,Discount-led frequent,holdout
SYN-CUST-00899,0,Growth potential,development
SYN-CUST-00367,2,Loyal high value,development
SYN-CUST-01538,4,Engaged low conversion,holdout
SYN-CUST-01144,0,Growth potential,development
SYN-CUST-02859,1,Dormant low value,development
SYN-CUST-00666,5,High value at risk,development
SYN-CUST-00995,0,Growth potential,development
SYN-CUST-00158,2,Loyal high value,development
SYN-CUST-01547,4,Engaged low conversion,development
SYN-CUST-02514,1,Dormant low value,holdout
SYN-CUST-00578,5,High value at risk,development
SYN-CUST-01868,4,Engaged low conversion,development
SYN-CUST-01820,0,Growth potential,development
SYN-CUST-02061,3,Discount-led frequent,development
SYN-CUST-01150,0,Growth potential,development
SYN-CUST-02599,1,Dormant low value,development
SYN-CUST-02879,1,Dormant low value,holdout
SYN-CUST-02712,1,Dormant low value,holdout
SYN-CUST-02245,3,Discount-led frequent,development
SYN-CUST-02704,1,Dormant low value,development
SYN-CUST-00875,0,Growth potential,development
SYN-CUST-00621,5,High value at risk,development
SYN-CUST-02146,3,Discount-led frequent,holdout
SYN-CUST-02856,1,Dormant low value,development
SYN-CUST-02852,1,Dormant low value,development
SYN-CUST-01341,0,Growth potential,holdout
SYN-CUST-00005,2,Loyal high value,development
SYN-CUST-02616,1,Dormant low value,development
SYN-CUST-00355,2,Loyal high value,development
SYN-CUST-02315,3,Discount-led frequent,holdout
SYN-CUST-01062,0,Growth potential,development
SYN-CUST-01112,0,Growth potential,holdout
SYN-CUST-00522,5,High value at risk,development
SYN-CUST-02174,3,Discount-led frequent,holdout
SYN-CUST-00455,5,High value at risk,development
SYN-CUST-02582,1,Dormant low value,development
SYN-CUST-00588,5,High value at risk,development
SYN-CUST-01103,0,Growth potential,holdout
SYN-CUST-01510,4,Engaged low conversion,holdout
SYN-CUST-02059,3,Discount-led frequent,development
SYN-CUST-00886,0,Growth potential,holdout
SYN-CUST-01278,0,Growth potential,development
SYN-CUST-00180,2,Loyal high value,development
SYN-CUST-00184,2,Loyal high value,development
SYN-CUST-01018,0,Growth potential,development
SYN-CUST-01735,4,Engaged low conversion,development
SYN-CUST-00241,2,Loyal high value,development
SYN-CUST-01492,4,Engaged low conversion,development
SYN-CUST-02980,1,Dormant low value,development
SYN-CUST-00835,0,Growth potential,holdout
SYN-CUST-02498,1,Dormant low value,development
SYN-CUST-00568,5,High value at risk,development
SYN-CUST-01703,4,Engaged low conversion,development
SYN-CUST-00809,5,High value at risk,holdout
SYN-CUST-02986,1,Dormant low value,development
SYN-CUST-00244,2,Loyal high value,development
SYN-CUST-01462,0,Growth potential,development
SYN-CUST-00680,5,High value at risk,development
SYN-CUST-00847,4,Engaged low conversion,development
SYN-CUST-00199,2,Loyal high value,development
SYN-CUST-00921,0,Growth potential,development
SYN-CUST-02431,3,Discount-led frequent,development
SYN-CUST-02706,1,Dormant low value,development
SYN-CUST-00872,0,Growth potential,holdout
SYN-CUST-00856,0,Growth potential,holdout
SYN-CUST-02733,1,Dormant low value,development
SYN-CUST-01762,4,Engaged low conversion,development
SYN-CUST-02834,1,Dormant low value,development
SYN-CUST-02144,3,Discount-led frequent,holdout
SYN-CUST-01210,0,Growth potential,development
SYN-CUST-02319,3,Discount-led frequent,holdout
SYN-CUST-01544,4,Engaged low conversion,development
SYN-CUST-02756,1,Dormant low value,development
SYN-CUST-00227,2,Loyal high value,holdout
SYN-CUST-01481,4,Engaged low conversion,development
SYN-CUST-00836,0,Growth potential,development
SYN-CUST-02270,3,Discount-led frequent,development
SYN-CUST-01057,0,Growth potential,development
SYN-CUST-02938,1,Dormant low value,holdout
SYN-CUST-00917,0,Growth potential,development
SYN-CUST-01052,0,Growth potential,development
SYN-CUST-02693,1,Dormant low value,holdout
SYN-CUST-02743,1,Dormant low value,development
SYN-CUST-00209,2,Loyal high value,development
SYN-CUST-02467,1,Dormant low value,development
SYN-CUST-02212,3,Discount-led frequent,development
SYN-CUST-00702,5,High value at risk,holdout
SYN-CUST-01008,0,Growth potential,development
SYN-CUST-02698,1,Dormant low value,development
SYN-CUST-02224,3,Discount-led frequent,development
SYN-CUST-02971,1,Dormant low value,development
SYN-CUST-01791,4,Engaged low conversion,holdout
SYN-CUST-01903,4,Engaged low conversion,holdout
SYN-CUST-02383,3,Discount-led frequent,development
SYN-CUST-00991,0,Growth potential,development
SYN-CUST-01213,0,Growth potential,development
SYN-CUST-02524,1,Dormant low value,development
SYN-CUST-01480,4,Engaged low conversion,holdout
SYN-CUST-01951,4,Engaged low conversion,development
SYN-CUST-01242,0,Growth potential,holdout
SYN-CUST-00520,5,High value at risk,development
SYN-CUST-01555,4,Engaged low conversion,development
SYN-CUST-02978,1,Dormant low value,holdout
SYN-CUST-02102,3,Discount-led frequent,holdout
SYN-CUST-02725,1,Dormant low value,holdout
SYN-CUST-01812,4,Engaged low conversion,development
SYN-CUST-01119,0,Growth potential,holdout
SYN-CUST-01876,4,Engaged low conversion,holdout
SYN-CUST-02373,3,Discount-led frequent,holdout
SYN-CUST-02116,3,Discount-led frequent,development
SYN-CUST-01438,0,Growth potential,development
SYN-CUST-02342,3,Discount-led frequent,development
SYN-CUST-02168,3,Discount-led frequent,holdout
SYN-CUST-01417,0,Growth potential,holdout
SYN-CUST-01363,0,Growth potential,development
SYN-CUST-02460,1,Dormant low value,development
SYN-CUST-00266,2,Loyal high value,development
SYN-CUST-01100,0,Growth potential,holdout
SYN-CUST-01898,4,Engaged low conversion,development
SYN-CUST-02018,3,Discount-led frequent,development
SYN-CUST-02659,1,Dormant low value,development
SYN-CUST-00581,5,High value at risk,holdout
SYN-CUST-00803,5,High value at risk,development
SYN-CUST-02886,1,Dormant low value,holdout
SYN-CUST-00575,5,High value at risk,holdout
SYN-CUST-00518,5,High value at risk,holdout
SYN-CUST-01342,0,Growth potential,development
SYN-CUST-02357,3,Discount-led frequent,development
SYN-CUST-02661,1,Dormant low value,holdout
SYN-CUST-00374,2,Loyal high value,development
SYN-CUST-00484,5,High value at risk,development
SYN-CUST-00338,2,Loyal high value,development
SYN-CUST-02125,3,Discount-led frequent,holdout
SYN-CUST-00017,2,Loyal high value,development
SYN-CUST-00405,2,Loyal high value,development
SYN-CUST-01934,4,Engaged low conversion,development
SYN-CUST-01636,4,Engaged low conversion,development
SYN-CUST-02110,3,Discount-led frequent,development
SYN-CUST-01709,4,Engaged low conversion,development
SYN-CUST-01471,0,Growth potential,holdout
SYN-CUST-02969,1,Dormant low value,holdout
SYN-CUST-00766,5,High value at risk,holdout
SYN-CUST-00689,5,High value at risk,development
SYN-CUST-00993,0,Growth potential,development
SYN-CUST-01591,4,Engaged low conversion,development
SYN-CUST-01047,0,Growth potential,development
SYN-CUST-02092,3,Discount-led frequent,development
SYN-CUST-02650,1,Dormant low value,holdout
SYN-CUST-00300,2,Loyal high value,development
SYN-CUST-00250,2,Loyal high value,development
SYN-CUST-02183,3,Discount-led frequent,holdout
SYN-CUST-02933,1,Dormant low value,development
SYN-CUST-01536,4,Engaged low conversion,development
SYN-CUST-01764,4,Engaged low conversion,development
SYN-CUST-00395,2,Loyal high value,development
SYN-CUST-02586,1,Dormant low value,holdout
SYN-CUST-01155,0,Growth potential,holdout
SYN-CUST-01357,0,Growth potential,development
SYN-CUST-00093,2,Loyal high value,development
SYN-CUST-01612,4,Engaged low conversion,development
SYN-CUST-02658,1,Dormant low value,holdout
SYN-CUST-00267,2,Loyal high value,development
SYN-CUST-01288,0,Growth potential,holdout
SYN-CUST-01947,4,Engaged low conversion,development
SYN-CUST-02452,1,Dormant low value,development
SYN-CUST-01120,0,Growth potential,development
SYN-CUST-02967,1,Dormant low value,holdout
SYN-CUST-00146,2,Loyal high value,holdout
SYN-CUST-02408,3,Discount-led frequent,holdout
SYN-CUST-00949,0,Growth potential,development
SYN-CUST-02924,1,Dormant low value,development
SYN-CUST-00002,2,Loyal high value,development
SYN-CUST-02771,1,Dormant low value,development
SYN-CUST-02724,1,Dormant low value,development
SYN-CUST-00988,0,Growth potential,development
SYN-CUST-00950,0,Growth potential,holdout
SYN-CUST-02738,1,Dormant low value,development
SYN-CUST-01409,0,Growth potential,development
SYN-CUST-02961,1,Dormant low value,development
SYN-CUST-02056,3,Discount-led frequent,development
SYN-CUST-01545,4,Engaged low conversion,holdout
SYN-CUST-01716,4,Engaged low conversion,holdout
SYN-CUST-02292,3,Discount-led frequent,development
SYN-CUST-02907,1,Dormant low value,holdout
SYN-CUST-00933,0,Growth potential,development
SYN-CUST-00973,0,Growth potential,holdout
SYN-CUST-02223,3,Discount-led frequent,holdout
SYN-CUST-00685,5,High value at risk,development
SYN-CUST-01220,0,Growth potential,holdout
SYN-CUST-01234,0,Growth potential,development
SYN-CUST-01745,4,Engaged low conversion,holdout
SYN-CUST-00665,5,High value at risk,development
SYN-CUST-02337,3,Discount-led frequent,development
SYN-CUST-02710,1,Dormant low value,development
SYN-CUST-01501,4,Engaged low conversion,development
SYN-CUST-00648,5,High value at risk,holdout
SYN-CUST-01315,0,Growth potential,development
SYN-CUST-01097,0,Growth potential,development
SYN-CUST-01659,0,Growth potential,development
SYN-CUST-01491,0,Growth potential,holdout
SYN-CUST-01844,4,Engaged low conversion,development
SYN-CUST-00487,5,High value at risk,holdout
SYN-CUST-01033,0,Growth potential,development
SYN-CUST-00596,5,High value at risk,development
SYN-CUST-02648,1,Dormant low value,development
SYN-CUST-01525,4,Engaged low conversion,development
SYN-CUST-01558,4,Engaged low conversion,development
SYN-CUST-02379,3,Discount-led frequent,development
SYN-CUST-00528,5,High value at risk,development
SYN-CUST-00420,2,Loyal high value,development
SYN-CUST-02618,1,Dormant low value,development
SYN-CUST-02310,3,Discount-led frequent,holdout
SYN-CUST-00101,2,Loyal high value,holdout
SYN-CUST-00490,5,High value at risk,development
SYN-CUST-01483,4,Engaged low conversion,development
SYN-CUST-02657,1,Dormant low value,development
SYN-CUST-02322,3,Discount-led frequent,development
SYN-CUST-00021,2,Loyal high value,holdout
SYN-CUST-02919,1,Dormant low value,holdout
SYN-CUST-01254,0,Growth potential,development
SYN-CUST-00012,2,Loyal high value,holdout
SYN-CUST-00431,2,Loyal high value,development
SYN-CUST-01581,4,Engaged low conversion,development
SYN-CUST-01489,4,Engaged low conversion,development
SYN-CUST-00679,5,High value at risk,development
SYN-CUST-01756,4,Engaged low conversion,holdout
SYN-CUST-01815,4,Engaged low conversion,development
SYN-CUST-00577,5,High value at risk,holdout
SYN-CUST-00343,2,Loyal high value,development
SYN-CUST-00633,5,High value at risk,development
SYN-CUST-02080,3,Discount-led frequent,development
SYN-CUST-02560,1,Dormant low value,development
SYN-CUST-02404,3,Discount-led frequent,development
SYN-CUST-00108,2,Loyal high value,development
SYN-CUST-02587,1,Dormant low value,development
SYN-CUST-00969,0,Growth potential,development
SYN-CUST-01086,0,Growth potential,development
SYN-CUST-02057,3,Discount-led frequent,development
SYN-CUST-00939,0,Growth potential,holdout
SYN-CUST-02301,3,Discount-led frequent,development
SYN-CUST-02486,1,Dormant low value,development
SYN-CUST-00191,2,Loyal high value,development
SYN-CUST-02974,1,Dormant low value,holdout
SYN-CUST-01038,0,Growth potential,holdout
SYN-CUST-00626,5,High value at risk,holdout
SYN-CUST-01579,4,Engaged low conversion,development
SYN-CUST-00109,2,Loyal high value,development
SYN-CUST-01880,4,Engaged low conversion,holdout
SYN-CUST-02251,3,Discount-led frequent,development
SYN-CUST-00370,2,Loyal high value,development
SYN-CUST-02078,3,Discount-led frequent,holdout
SYN-CUST-00061,2,Loyal high value,holdout
SYN-CUST-01183,0,Growth potential,development
SYN-CUST-00130,2,Loyal high value,holdout
SYN-CUST-00976,0,Growth potential,development
SYN-CUST-02462,1,Dormant low value,development
SYN-CUST-02497,1,Dormant low value,development
SYN-CUST-00592,5,High value at risk,development
SYN-CUST-02213,3,Discount-led frequent,development
SYN-CUST-02328,3,Discount-led frequent,development
SYN-CUST-02062,3,Discount-led frequent,holdout
SYN-CUST-00765,5,High value at risk,holdout
SYN-CUST-01311,0,Growth potential,development
SYN-CUST-01377,0,Growth potential,development
SYN-CUST-01209,0,Growth potential,development
SYN-CUST-02118,3,Discount-led frequent,development
SYN-CUST-00134,2,Loyal high value,development
SYN-CUST-02683,1,Dormant low value,development
SYN-CUST-00774,5,High value at risk,development
SYN-CUST-00978,0,Growth potential,development
SYN-CUST-01584,4,Engaged low conversion,development
SYN-CUST-00639,5,High value at risk,development
SYN-CUST-00291,2,Loyal high value,holdout
SYN-CUST-00145,2,Loyal high value,development
SYN-CUST-02946,1,Dormant low value,development
SYN-CUST-02851,1,Dormant low value,development
SYN-CUST-01307,0,Growth potential,development
SYN-CUST-02826,1,Dormant low value,development
SYN-CUST-02508,1,Dormant low value,development
SYN-CUST-02959,1,Dormant low value,development
SYN-CUST-01804,4,Engaged low conversion,holdout
SYN-CUST-02983,1,Dormant low value,development
SYN-CUST-02906,1,Dormant low value,development
SYN-CUST-02325,3,Discount-led frequent,holdout
SYN-CUST-00751,5,High value at risk,development
SYN-CUST-01387,0,Growth potential,development
SYN-CUST-02792,1,Dormant low value,development
SYN-CUST-01878,4,Engaged low conversion,holdout
SYN-CUST-00550,5,High value at risk,development
SYN-CUST-01104,0,Growth potential,development
SYN-CUST-01675,4,Engaged low conversion,development
SYN-CUST-00238,2,Loyal high value,development
SYN-CUST-01674,4,Engaged low conversion,development
SYN-CUST-00360,2,Loyal high value,development
SYN-CUST-01204,0,Growth potential,holdout
SYN-CUST-02847,1,Dormant low value,holdout
SYN-CUST-02952,1,Dormant low value,holdout
SYN-CUST-01436,0,Growth potential,holdout
SYN-CUST-00811,5,High value at risk,development
SYN-CUST-00757,5,High value at risk,development
SYN-CUST-01328,0,Growth potential,development
SYN-CUST-00974,0,Growth potential,development
SYN-CUST-02503,1,Dormant low value,development
SYN-CUST-02833,1,Dormant low value,development
SYN-CUST-01418,0,Growth potential,development
SYN-CUST-00140,2,Loyal high value,development
SYN-CUST-02591,1,Dormant low value,development
SYN-CUST-01339,0,Growth potential,development
SYN-CUST-02633,1,Dormant low value,development
SYN-CUST-02996,1,Dormant low value,development
SYN-CUST-01189,0,Growth potential,holdout
SYN-CUST-00201,2,Loyal high value,development
SYN-CUST-00141,2,Loyal high value,development
SYN-CUST-01461,0,Growth potential,development
SYN-CUST-01154,0,Growth potential,development
SYN-CUST-00443,2,Loyal high value,development
SYN-CUST-00310,2,Loyal high value,holdout
SYN-CUST-01494,4,Engaged low conversion,development
SYN-CUST-01031,4,Engaged low conversion,development
SYN-CUST-00440,2,Loyal high value,development
SYN-CUST-02330,3,Discount-led frequent,development
SYN-CUST-01594,4,Engaged low conversion,development
SYN-CUST-00963,0,Growth potential,holdout
SYN-CUST-01771,4,Engaged low conversion,development
SYN-CUST-02099,3,Discount-led frequent,development
SYN-CUST-00057,2,Loyal high value,development
SYN-CUST-00569,5,High value at risk,development
SYN-CUST-01578,4,Engaged low conversion,development
SYN-CUST-02275,3,Discount-led frequent,development
SYN-CUST-01729,4,Engaged low conversion,development
SYN-CUST-02206,3,Discount-led frequent,development
SYN-CUST-02878,1,Dormant low value,holdout
SYN-CUST-00478,5,High value at risk,development
SYN-CUST-00788,5,High value at risk,development
SYN-CUST-02530,1,Dormant low value,development
SYN-CUST-00274,2,Loyal high value,development
SYN-CUST-01172,0,Growth potential,holdout
SYN-CUST-02138,3,Discount-led frequent,holdout
SYN-CUST-01726,4,Engaged low conversion,development
SYN-CUST-01862,4,Engaged low conversion,holdout
SYN-CUST-01999,4,Engaged low conversion,holdout
SYN-CUST-02173,3,Discount-led frequent,development
SYN-CUST-01834,4,Engaged low conversion,development
SYN-CUST-00024,2,Loyal high value,holdout
SYN-CUST-01131,0,Growth potential,holdout
SYN-CUST-02703,1,Dormant low value,holdout
SYN-CUST-00151,2,Loyal high value,development
SYN-CUST-02925,1,Dormant low value,development
SYN-CUST-01390,0,Growth potential,development
SYN-CUST-00094,2,Loyal high value,holdout
SYN-CUST-01413,0,Growth potential,development
SYN-CUST-01611,4,Engaged low conversion,holdout
SYN-CUST-00333,2,Loyal high value,holdout
SYN-CUST-01169,0,Growth potential,development
SYN-CUST-01769,4,Engaged low conversion,development
SYN-CUST-00175,2,Loyal high value,development
SYN-CUST-00027,2,Loyal high value,development
SYN-CUST-00752,5,High value at risk,development
SYN-CUST-00912,0,Growth potential,development
SYN-CUST-00152,2,Loyal high value,holdout
SYN-CUST-01354,0,Growth potential,development
SYN-CUST-00723,5,High value at risk,holdout
SYN-CUST-02964,1,Dormant low value,holdout
SYN-CUST-02988,1,Dormant low value,development
SYN-CUST-01464,0,Growth potential,holdout
SYN-CUST-02355,3,Discount-led frequent,holdout
SYN-CUST-01906,4,Engaged low conversion,development
SYN-CUST-02678,1,Dormant low value,development
SYN-CUST-02682,1,Dormant low value,holdout
SYN-CUST-02709,1,Dormant low value,development
SYN-CUST-00447,2,Loyal high value,development
SYN-CUST-01405,0,Growth potential,development
SYN-CUST-00078,2,Loyal high value,holdout
SYN-CUST-02768,1,Dormant low value,development
SYN-CUST-01773,4,Engaged low conversion,development
SYN-CUST-01929,4,Engaged low conversion,development
SYN-CUST-02786,1,Dormant low value,development
SYN-CUST-00590,5,High value at risk,development
SYN-CUST-01511,4,Engaged low conversion,development
SYN-CUST-02799,1,Dormant low value,holdout
SYN-CUST-00466,5,High value at risk,development
SYN-CUST-00664,5,High value at risk,development
SYN-CUST-01976,4,Engaged low conversion,development
SYN-CUST-00537,5,High value at risk,development
SYN-CUST-02569,1,Dormant low value,development
SYN-CUST-01585,4,Engaged low conversion,holdout
SYN-CUST-01230,0,Growth potential,holdout
SYN-CUST-00058,2,Loyal high value,development
SYN-CUST-00613,5,High value at risk,development
SYN-CUST-02522,1,Dormant low value,holdout
SYN-CUST-00353,2,Loyal high value,holdout
SYN-CUST-01216,0,Growth potential,holdout
SYN-CUST-01039,0,Growth potential,holdout
SYN-CUST-00155,2,Loyal high value,holdout
SYN-CUST-00544,5,High value at risk,development
SYN-CUST-02191,3,Discount-led frequent,development
SYN-CUST-00303,2,Loyal high value,development
SYN-CUST-00087,2,Loyal high value,development
SYN-CUST-00031,2,Loyal high value,development
SYN-CUST-01698,4,Engaged low conversion,development
SYN-CUST-02757,1,Dormant low value,holdout
SYN-CUST-00986,0,Growth potential,holdout
SYN-CUST-01386,0,Growth potential,development
SYN-CUST-01435,4,Engaged low conversion,development
SYN-CUST-01051,0,Growth potential,development
SYN-CUST-00615,5,High value at risk,development
SYN-CUST-00563,5,High value at risk,development
SYN-CUST-02317,3,Discount-led frequent,holdout
SYN-CUST-01669,4,Engaged low conversion,holdout
SYN-CUST-00081,2,Loyal high value,development
SYN-CUST-02225,3,Discount-led frequent,development
SYN-CUST-01373,0,Growth potential,development
SYN-CUST-01561,0,Growth potential,development
SYN-CUST-00676,5,High value at risk,development
SYN-CUST-00977,0,Growth potential,holdout
SYN-CUST-00562,5,High value at risk,holdout
SYN-CUST-01264,0,Growth potential,development
SYN-CUST-00290,2,Loyal high value,development
SYN-CUST-00449,2,Loyal high value,development
SYN-CUST-01245,0,Growth potential,development
SYN-CUST-00756,5,High value at risk,development
SYN-CUST-00870,0,Growth potential,development
SYN-CUST-02426,3,Discount-led frequent,development
SYN-CUST-01369,0,Growth potential,development
SYN-CUST-02171,3,Discount-led frequent,holdout
SYN-CUST-00150,2,Loyal high value,development
SYN-CUST-00436,2,Loyal high value,development
SYN-CUST-01530,4,Engaged low conversion,holdout
SYN-CUST-01127,0,Growth potential,development
SYN-CUST-01711,4,Engaged low conversion,development
SYN-CUST-00880,0,Growth potential,development
SYN-CUST-01229,0,Growth potential,development
SYN-CUST-01139,0,Growth potential,development
SYN-CUST-01517,4,Engaged low conversion,development
SYN-CUST-01344,0,Growth potential,development
SYN-CUST-02930,1,Dormant low value,holdout
SYN-CUST-00985,0,Growth potential,holdout
SYN-CUST-01793,4,Engaged low conversion,development
SYN-CUST-01320,0,Growth potential,holdout
SYN-CUST-02360,3,Discount-led frequent,development
SYN-CUST-00208,2,Loyal high value,holdout
SYN-CUST-00820,5,High value at risk,development
SYN-CUST-00425,2,Loyal high value,development
SYN-CUST-01733,4,Engaged low conversion,development
SYN-CUST-02572,1,Dormant low value,development
SYN-CUST-01314,0,Growth potential,development
SYN-CUST-02028,3,Discount-led frequent,development
SYN-CUST-01195,0,Growth potential,holdout
SYN-CUST-02815,1,Dormant low value,development
SYN-CUST-00095,2,Loyal high value,development
SYN-CUST-02755,1,Dormant low value,holdout
SYN-CUST-02154,3,Discount-led frequent,development
SYN-CUST-01317,0,Growth potential,development
SYN-CUST-01343,0,Growth potential,development
SYN-CUST-02566,1,Dormant low value,development
SYN-CUST-02882,1,Dormant low value,development
SYN-CUST-00699,5,High value at risk,holdout
SYN-CUST-02979,1,Dormant low value,holdout
SYN-CUST-02760,1,Dormant low value,development
SYN-CUST-00868,0,Growth potential,development
SYN-CUST-00972,0,Growth potential,development
SYN-CUST-00507,5,High value at risk,holdout
SYN-CUST-01067,0,Growth potential,holdout
SYN-CUST-01519,4,Engaged low conversion,development
SYN-CUST-01542,4,Engaged low conversion,holdout
SYN-CUST-00297,2,Loyal high value,development
SYN-CUST-00816,5,High value at risk,development
SYN-CUST-01734,4,Engaged low conversion,development
SYN-CUST-01730,4,Engaged low conversion,development
SYN-CUST-02371,3,Discount-led frequent,development
SYN-CUST-01218,0,Growth potential,development
SYN-CUST-01021,0,Growth potential,holdout
SYN-CUST-01184,0,Growth potential,holdout
SYN-CUST-02179,3,Discount-led frequent,holdout
SYN-CUST-02884,1,Dormant low value,development
SYN-CUST-02781,1,Dormant low value,development
SYN-CUST-02796,1,Dormant low value,development
SYN-CUST-02837,1,Dormant low value,development
SYN-CUST-00256,2,Loyal high value,development
SYN-CUST-00066,2,Loyal high value,development
SYN-CUST-02161,3,Discount-led frequent,development
SYN-CUST-01017,0,Growth potential,development
SYN-CUST-01848,4,Engaged low conversion,development
SYN-CUST-02081,3,Discount-led frequent,holdout
SYN-CUST-01985,4,Engaged low conversion,holdout
SYN-CUST-02830,1,Dormant low value,development
SYN-CUST-00294,2,Loyal high value,holdout
SYN-CUST-01757,4,Engaged low conversion,development
SYN-CUST-01467,0,Growth potential,development
SYN-CUST-01776,4,Engaged low conversion,development
SYN-CUST-01205,0,Growth potential,development
SYN-CUST-00902,0,Growth potential,development
SYN-CUST-01818,4,Engaged low conversion,development
SYN-CUST-02051,3,Discount-led frequent,holdout
SYN-CUST-02612,1,Dormant low value,holdout
SYN-CUST-01859,4,Engaged low conversion,development
SYN-CUST-00703,5,High value at risk,holdout
SYN-CUST-02631,1,Dormant low value,holdout
SYN-CUST-01107,0,Growth potential,development
SYN-CUST-00641,5,High value at risk,development
SYN-CUST-00885,0,Growth potential,development
SYN-CUST-02574,1,Dormant low value,holdout
SYN-CUST-00275,2,Loyal high value,holdout
SYN-CUST-02359,3,Discount-led frequent,development
SYN-CUST-00392,2,Loyal high value,development
SYN-CUST-01950,4,Engaged low conversion,development
SYN-CUST-01224,0,Growth potential,development
SYN-CUST-00236,2,Loyal high value,development
SYN-CUST-01260,0,Growth potential,development
SYN-CUST-02095,3,Discount-led frequent,development
SYN-CUST-00276,2,Loyal high value,holdout
SYN-CUST-00404,2,Loyal high value,development
SYN-CUST-02641,1,Dormant low value,development
SYN-CUST-00559,5,High value at risk,development
SYN-CUST-01135,0,Growth potential,development
SYN-CUST-02700,1,Dormant low value,development
SYN-CUST-01252,0,Growth potential,development
SYN-CUST-01122,0,Growth potential,development
SYN-CUST-00523,5,High value at risk,development
SYN-CUST-00019,2,Loyal high value,development
SYN-CUST-00369,2,Loyal high value,development
SYN-CUST-00606,5,High value at risk,development
SYN-CUST-02278,3,Discount-led frequent,development
SYN-CUST-01466,0,Growth potential,holdout
SYN-CUST-01933,4,Engaged low conversion,development
SYN-CUST-02794,1,Dormant low value,development
SYN-CUST-00258,2,Loyal high value,holdout
SYN-CUST-02485,1,Dormant low value,holdout
SYN-CUST-01840,4,Engaged low conversion,holdout
SYN-CUST-00725,5,High value at risk,development
SYN-CUST-01719,4,Engaged low conversion,holdout
SYN-CUST-02259,3,Discount-led frequent,holdout
SYN-CUST-01199,0,Growth potential,development
SYN-CUST-01738,4,Engaged low conversion,development
SYN-CUST-01044,0,Growth potential,holdout
SYN-CUST-02914,1,Dormant low value,development
SYN-CUST-01244,0,Growth potential,development
SYN-CUST-00362,2,Loyal high value,development
SYN-CUST-01037,0,Growth potential,development
SYN-CUST-00160,2,Loyal high value,holdout
SYN-CUST-01420,0,Growth potential,development
SYN-CUST-02669,1,Dormant low value,holdout
SYN-CUST-02097,3,Discount-led frequent,development
SYN-CUST-01967,4,Engaged low conversion,development
SYN-CUST-00272,2,Loyal high value,development
SYN-CUST-01196,0,Growth potential,development
SYN-CUST-01450,0,Growth potential,development
SYN-CUST-02438,3,Discount-led frequent,development
SYN-CUST-01924,4,Engaged low conversion,development
SYN-CUST-02447,1,Dormant low value,development
SYN-CUST-02605,1,Dormant low value,holdout
SYN-CUST-02890,1,Dormant low value,development
SYN-CUST-02147,3,Discount-led frequent,development
SYN-CUST-00726,5,High value at risk,development
SYN-CUST-02540,1,Dormant low value,development
SYN-CUST-01642,4,Engaged low conversion,development
SYN-CUST-00824,5,High value at risk,development
SYN-CUST-00706,5,High value at risk,development
SYN-CUST-02430,3,Discount-led frequent,development
SYN-CUST-02679,1,Dormant low value,development
SYN-CUST-01598,4,Engaged low conversion,development
SYN-CUST-02419,3,Discount-led frequent,development
SYN-CUST-00332,2,Loyal high value,development
SYN-CUST-00545,5,High value at risk,development
SYN-CUST-02511,1,Dormant low value,development
SYN-CUST-00378,2,Loyal high value,development
SYN-CUST-01763,4,Engaged low conversion,holdout
SYN-CUST-00215,2,Loyal high value,development
SYN-CUST-02970,1,Dormant low value,development
SYN-CUST-00603,5,High value at risk,development
SYN-CUST-02687,1,Dormant low value,development
SYN-CUST-01830,4,Engaged low conversion,holdout
SYN-CUST-00761,5,High value at risk,development
SYN-CUST-02625,1,Dormant low value,holdout
SYN-CUST-02535,1,Dormant low value,development
SYN-CUST-00482,5,High value at risk,development
SYN-CUST-02831,1,Dormant low value,development
SYN-CUST-01123,0,Growth potential,development
SYN-CUST-02002,4,Engaged low conversion,development
SYN-CUST-01046,0,Growth potential,holdout
SYN-CUST-01460,0,Growth potential,holdout
SYN-CUST-02666,1,Dormant low value,development
SYN-CUST-00852,0,Growth potential,development
SYN-CUST-00174,2,Loyal high value,development
SYN-CUST-01627,4,Engaged low conversion,development
SYN-CUST-02575,1,Dormant low value,development
SYN-CUST-01398,0,Growth potential,development
SYN-CUST-01212,0,Growth potential,development
SYN-CUST-00464,5,High value at risk,development
SYN-CUST-01073,0,Growth potential,development
SYN-CUST-00088,2,Loyal high value,development
SYN-CUST-01087,0,Growth potential,development
SYN-CUST-02289,3,Discount-led frequent,development
SYN-CUST-02434,3,Discount-led frequent,development
SYN-CUST-00345,2,Loyal high value,development
SYN-CUST-02038,3,Discount-led frequent,development
SYN-CUST-00196,2,Loyal high value,development
SYN-CUST-02090,3,Discount-led frequent,development
SYN-CUST-01705,4,Engaged low conversion,development
SYN-CUST-00733,5,High value at risk,holdout
SYN-CUST-00426,2,Loyal high value,development
SYN-CUST-02197,3,Discount-led frequent,development
SYN-CUST-01832,4,Engaged low conversion,development
SYN-CUST-02478,1,Dormant low value,development
SYN-CUST-02230,3,Discount-led frequent,development
SYN-CUST-00934,0,Growth potential,holdout
SYN-CUST-02113,3,Discount-led frequent,holdout
SYN-CUST-01474,0,Growth potential,holdout
SYN-CUST-02120,3,Discount-led frequent,holdout
SYN-CUST-01198,0,Growth potential,holdout
SYN-CUST-02195,3,Discount-led frequent,development
SYN-CUST-02039,3,Discount-led frequent,development
SYN-CUST-01238,0,Growth potential,development
SYN-CUST-01239,0,Growth potential,development
SYN-CUST-00929,0,Growth potential,holdout
SYN-CUST-01849,4,Engaged low conversion,development
SYN-CUST-02200,3,Discount-led frequent,development
SYN-CUST-01194,0,Growth potential,development
SYN-CUST-02563,1,Dormant low value,development
SYN-CUST-00417,2,Loyal high value,development
SYN-CUST-01335,0,Growth potential,holdout
SYN-CUST-00907,0,Growth potential,development
SYN-CUST-01515,4,Engaged low conversion,holdout
SYN-CUST-02754,1,Dormant low value,development
SYN-CUST-01476,0,Growth potential,holdout
SYN-CUST-01070,0,Growth potential,development
SYN-CUST-00634,5,High value at risk,development
SYN-CUST-02889,1,Dormant low value,development
SYN-CUST-01074,0,Growth potential,development
SYN-CUST-01426,0,Growth potential,holdout
SYN-CUST-01487,4,Engaged low conversion,development
SYN-CUST-02115,3,Discount-led frequent,development
SYN-CUST-01895,4,Engaged low conversion,development
SYN-CUST-00383,2,Loyal high value,development
SYN-CUST-01736,4,Engaged low conversion,holdout
SYN-CUST-00955,0,Growth potential,development
SYN-CUST-01453,0,Growth potential,development
SYN-CUST-02072,3,Discount-led frequent,development
SYN-CUST-00432,2,Loyal high value,development
SYN-CUST-01068,0,Growth potential,development
SYN-CUST-01032,0,Growth potential,development
SYN-CUST-00663,5,High value at risk,development
SYN-CUST-00341,2,Loyal high value,development
SYN-CUST-00694,5,High value at risk,development
SYN-CUST-01495,4,Engaged low conversion,development
SYN-CUST-01959,4,Engaged low conversion,development
SYN-CUST-02128,3,Discount-led frequent,development
SYN-CUST-00918,0,Growth potential,holdout
SYN-CUST-02829,1,Dormant low value,development
SYN-CUST-01058,0,Growth potential,development
SYN-CUST-01041,0,Growth potential,development
SYN-CUST-00268,2,Loyal high value,development
SYN-CUST-02482,1,Dormant low value,development
SYN-CUST-02075,3,Discount-led frequent,development
SYN-CUST-00366,2,Loyal high value,development
SYN-CUST-01029,0,Growth potential,development
SYN-CUST-00164,2,Loyal high value,holdout
SYN-CUST-00045,2,Loyal high value,development
SYN-CUST-00460,5,High value at risk,holdout
SYN-CUST-01652,4,Engaged low conversion,development
SYN-CUST-01055,0,Growth potential,development
SYN-CUST-00063,2,Loyal high value,development
SYN-CUST-00777,5,High value at risk,development
SYN-CUST-01454,0,Growth potential,development
SYN-CUST-01136,0,Growth potential,development
SYN-CUST-00410,2,Loyal high value,holdout
SYN-CUST-00908,0,Growth potential,development
SYN-CUST-00050,2,Loyal high value,development
SYN-CUST-02773,1,Dormant low value,development
SYN-CUST-02714,1,Dormant low value,development
SYN-CUST-02732,1,Dormant low value,holdout
SYN-CUST-00444,2,Loyal high value,development
SYN-CUST-00132,2,Loyal high value,development
SYN-CUST-01940,4,Engaged low conversion,holdout
SYN-CUST-01403,0,Growth potential,development
SYN-CUST-02762,1,Dormant low value,holdout
SYN-CUST-01266,0,Growth potential,development
SYN-CUST-01001,0,Growth potential,development
SYN-CUST-01943,4,Engaged low conversion,development
SYN-CUST-00257,2,Loyal high value,development
SYN-CUST-02827,1,Dormant low value,development
SYN-CUST-00960,0,Growth potential,development
SYN-CUST-00829,0,Growth potential,development
SYN-CUST-00576,5,High value at risk,development
SYN-CUST-02205,3,Discount-led frequent,holdout
SYN-CUST-01916,4,Engaged low conversion,holdout
SYN-CUST-02321,3,Discount-led frequent,development
SYN-CUST-00394,2,Loyal high value,development
SYN-CUST-00041,2,Loyal high value,holdout
SYN-CUST-01367,0,Growth potential,development
SYN-CUST-00468,5,High value at risk,holdout
SYN-CUST-00462,5,High value at risk,development
SYN-CUST-02400,3,Discount-led frequent,development
SYN-CUST-02406,3,Discount-led frequent,holdout
SYN-CUST-00536,5,High value at risk,holdout
SYN-CUST-00313,2,Loyal high value,development
SYN-CUST-02338,3,Discount-led frequent,holdout
SYN-CUST-00865,0,Growth potential,development
SYN-CUST-02241,3,Discount-led frequent,development
SYN-CUST-00919,0,Growth potential,development
SYN-CUST-01564,4,Engaged low conversion,development
SYN-CUST-00561,5,High value at risk,holdout
SYN-CUST-01937,4,Engaged low conversion,development
SYN-CUST-00252,2,Loyal high value,development
SYN-CUST-01588,4,Engaged low conversion,development
SYN-CUST-02011,4,Engaged low conversion,holdout
SYN-CUST-01034,0,Growth potential,development
SYN-CUST-00705,5,High value at risk,development
SYN-CUST-02425,3,Discount-led frequent,development
SYN-CUST-01647,4,Engaged low conversion,development
SYN-CUST-01499,4,Engaged low conversion,holdout
SYN-CUST-01783,4,Engaged low conversion,development
SYN-CUST-00105,2,Loyal high value,holdout
SYN-CUST-00598,5,High value at risk,development
SYN-CUST-01961,4,Engaged low conversion,holdout
SYN-CUST-02937,1,Dormant low value,development
SYN-CUST-02858,1,Dormant low value,holdout
SYN-CUST-00317,2,Loyal high value,development
SYN-CUST-01825,4,Engaged low conversion,holdout
SYN-CUST-02832,1,Dormant low value,development
SYN-CUST-00465,5,High value at risk,development
SYN-CUST-00617,5,High value at risk,development
SYN-CUST-01271,0,Growth potential,development
SYN-CUST-02940,1,Dormant low value,holdout
SYN-CUST-00239,2,Loyal high value,development
SYN-CUST-00051,2,Loyal high value,development
SYN-CUST-02784,1,Dormant low value,development
SYN-CUST-00457,5,High value at risk,holdout
SYN-CUST-00453,2,Loyal high value,development
SYN-CUST-00385,2,Loyal high value,development
SYN-CUST-00218,2,Loyal high value,development
SYN-CUST-00284,2,Loyal high value,development
SYN-CUST-00348,2,Loyal high value,development
SYN-CUST-02737,1,Dormant low value,development
SYN-CUST-01683,4,Engaged low conversion,holdout
SYN-CUST-02887,1,Dormant low value,development
SYN-CUST-01456,0,Growth potential,holdout
SYN-CUST-01866,4,Engaged low conversion,development
SYN-CUST-02911,1,Dormant low value,holdout
SYN-CUST-02860,1,Dormant low value,holdout
SYN-CUST-00881,0,Growth potential,development
SYN-CUST-01737,4,Engaged low conversion,holdout
SYN-CUST-00188,2,Loyal high value,development
SYN-CUST-01960,4,Engaged low conversion,development
SYN-CUST-02035,3,Discount-led frequent,development
SYN-CUST-01970,4,Engaged low conversion,development
SYN-CUST-01509,4,Engaged low conversion,holdout
SYN-CUST-00008,2,Loyal high value,development
SYN-CUST-00762,5,High value at risk,holdout
SYN-CUST-00813,5,High value at risk,development
SYN-CUST-02294,3,Discount-led frequent,development
SYN-CUST-00325,2,Loyal high value,development
SYN-CUST-00533,5,High value at risk,development
SYN-CUST-02149,3,Discount-led frequent,development
SYN-CUST-00786,5,High value at risk,development
SYN-CUST-02975,1,Dormant low value,development
SYN-CUST-00738,5,High value at risk,development
SYN-CUST-02655,1,Dormant low value,development
SYN-CUST-01807,4,Engaged low conversion,development
SYN-CUST-00539,5,High value at risk,development
SYN-CUST-00230,2,Loyal high value,holdout
SYN-CUST-00077,2,Loyal high value,development
SYN-CUST-02521,1,Dormant low value,development
SYN-CUST-01263,0,Growth potential,development
SYN-CUST-00364,2,Loyal high value,development
SYN-CUST-01692,4,Engaged low conversion,development
SYN-CUST-00951,0,Growth potential,development
SYN-CUST-00237,2,Loyal high value,development
SYN-CUST-00015,2,Loyal high value,holdout
SYN-CUST-01600,4,Engaged low conversion,holdout
SYN-CUST-01124,0,Growth potential,development
SYN-CUST-02037,3,Discount-led frequent,holdout
SYN-CUST-02793,1,Dormant low value,development
SYN-CUST-00115,2,Loyal high value,holdout
SYN-CUST-02345,3,Discount-led frequent,holdout
SYN-CUST-02296,3,Discount-led frequent,development
SYN-CUST-02880,1,Dormant low value,holdout
SYN-CUST-01166,0,Growth potential,development
SYN-CUST-00213,2,Loyal high value,development
SYN-CUST-00047,2,Loyal high value,development
SYN-CUST-01605,4,Engaged low conversion,development
SYN-CUST-02209,3,Discount-led frequent,development
SYN-CUST-00983,0,Growth potential,development
SYN-CUST-02280,3,Discount-led frequent,development
SYN-CUST-00913,0,Growth potential,development
SYN-CUST-00580,5,High value at risk,development
SYN-CUST-02176,3,Discount-led frequent,holdout
SYN-CUST-02277,3,Discount-led frequent,development
SYN-CUST-02547,1,Dormant low value,holdout
SYN-CUST-01023,0,Growth potential,development
SYN-CUST-02070,3,Discount-led frequent,development
SYN-CUST-00226,2,Loyal high value,holdout
SYN-CUST-00769,5,High value at risk,development
SYN-CUST-02624,1,Dormant low value,holdout
SYN-CUST-01193,0,Growth potential,development
SYN-CUST-01035,0,Growth potential,development
SYN-CUST-00240,2,Loyal high value,holdout
SYN-CUST-02868,1,Dormant low value,development
SYN-CUST-01407,0,Growth potential,holdout
SYN-CUST-00349,2,Loyal high value,development
SYN-CUST-02626,1,Dormant low value,development
SYN-CUST-00998,0,Growth potential,development
SYN-CUST-00357,2,Loyal high value,development
SYN-CUST-00411,2,Loyal high value,holdout
SYN-CUST-02236,3,Discount-led frequent,development
SYN-CUST-01724,4,Engaged low conversion,development
SYN-CUST-00903,0,Growth potential,development
SYN-CUST-02589,1,Dormant low value,development
SYN-CUST-01092,0,Growth potential,holdout
SYN-CUST-01496,4,Engaged low conversion,development
SYN-CUST-01532,4,Engaged low conversion,holdout
SYN-CUST-01272,0,Growth potential,development
SYN-CUST-01348,0,Growth potential,development
SYN-CUST-02108,3,Discount-led frequent,development
SYN-CUST-02881,1,Dormant low value,development
SYN-CUST-01863,4,Engaged low conversion,development
SYN-CUST-00729,5,High value at risk,development
SYN-CUST-00365,2,Loyal high value,development
SYN-CUST-02158,3,Discount-led frequent,development
SYN-CUST-00731,5,High value at risk,development
SYN-CUST-00957,0,Growth potential,development
SYN-CUST-01732,4,Engaged low conversion,development
SYN-CUST-00337,2,Loyal high value,development
SYN-CUST-00535,5,High value at risk,development
SYN-CUST-01785,4,Engaged low conversion,development
SYN-CUST-01066,0,Growth potential,development
SYN-CUST-01938,4,Engaged low conversion,holdout
SYN-CUST-01740,4,Engaged low conversion,development
SYN-CUST-00628,5,High value at risk,development
SYN-CUST-01421,0,Growth potential,holdout
SYN-CUST-01658,4,Engaged low conversion,development
SYN-CUST-00283,2,Loyal high value,development
SYN-CUST-02096,3,Discount-led frequent,holdout
SYN-CUST-00407,2,Loyal high value,development
SYN-CUST-01634,4,Engaged low conversion,development
SYN-CUST-01365,0,Growth potential,development
SYN-CUST-02593,1,Dormant low value,holdout
SYN-CUST-01045,0,Growth potential,development
SYN-CUST-02374,3,Discount-led frequent,development
SYN-CUST-01687,4,Engaged low conversion,development
SYN-CUST-00493,5,High value at risk,holdout
SYN-CUST-02014,4,Engaged low conversion,holdout
SYN-CUST-01660,4,Engaged low conversion,development
SYN-CUST-00638,5,High value at risk,development
SYN-CUST-02825,1,Dormant low value,development
SYN-CUST-02902,1,Dormant low value,development
SYN-CUST-00361,2,Loyal high value,development
SYN-CUST-00214,2,Loyal high value,development
SYN-CUST-00640,5,High value at risk,development
SYN-CUST-02160,3,Discount-led frequent,development
SYN-CUST-02909,1,Dormant low value,development
SYN-CUST-01236,0,Growth potential,development
SYN-CUST-01754,4,Engaged low conversion,development
SYN-CUST-00675,5,High value at risk,development
SYN-CUST-02836,1,Dormant low value,development
SYN-CUST-02151,3,Discount-led frequent,holdout
SYN-CUST-00305,2,Loyal high value,holdout
SYN-CUST-02451,1,Dormant low value,development
SYN-CUST-00990,0,Growth potential,holdout
SYN-CUST-01897,4,Engaged low conversion,holdout
SYN-CUST-01971,4,Engaged low conversion,development
SYN-CUST-01590,4,Engaged low conversion,holdout
SYN-CUST-01188,0,Growth potential,development
SYN-CUST-01477,0,Growth potential,development
SYN-CUST-00560,5,High value at risk,development
SYN-CUST-01096,0,Growth potential,development
SYN-CUST-01312,0,Growth potential,development
SYN-CUST-00133,2,Loyal high value,development
SYN-CUST-00079,2,Loyal high value,development
SYN-CUST-02527,1,Dormant low value,development
SYN-CUST-02130,3,Discount-led frequent,development
SYN-CUST-01225,0,Growth potential,holdout
SYN-CUST-01356,0,Growth potential,development
SYN-CUST-00677,5,High value at risk,development
SYN-CUST-00319,2,Loyal high value,holdout
SYN-CUST-01708,4,Engaged low conversion,development
SYN-CUST-02621,1,Dormant low value,development
SYN-CUST-02739,1,Dormant low value,development
SYN-CUST-01964,4,Engaged low conversion,holdout
SYN-CUST-00552,5,High value at risk,development
SYN-CUST-01602,4,Engaged low conversion,development
SYN-CUST-02972,1,Dormant low value,holdout
SYN-CUST-01955,4,Engaged low conversion,development
SYN-CUST-01167,0,Growth potential,development
SYN-CUST-01472,0,Growth potential,development
SYN-CUST-00827,0,Growth potential,development
SYN-CUST-00910,0,Growth potential,development
SYN-CUST-02877,1,Dormant low value,holdout
SYN-CUST-02414,3,Discount-led frequent,development
SYN-CUST-00496,5,High value at risk,development
SYN-CUST-00298,2,Loyal high value,development
SYN-CUST-00143,2,Loyal high value,development
SYN-CUST-00961,0,Growth potential,development
SYN-CUST-00538,5,High value at risk,holdout
SYN-CUST-00605,5,High value at risk,holdout
SYN-CUST-02684,1,Dormant low value,development
SYN-CUST-01582,4,Engaged low conversion,development
SYN-CUST-02007,4,Engaged low conversion,development
SYN-CUST-02654,1,Dormant low value,holdout
SYN-CUST-00314,2,Loyal high value,development
SYN-CUST-00282,2,Loyal high value,development
SYN-CUST-00940,0,Growth potential,development
SYN-CUST-02101,3,Discount-led frequent,development
SYN-CUST-01276,0,Growth potential,development
SYN-CUST-01531,4,Engaged low conversion,development
SYN-CUST-02178,3,Discount-led frequent,development
SYN-CUST-01753,4,Engaged low conversion,development
SYN-CUST-01900,4,Engaged low conversion,holdout
SYN-CUST-00335,2,Loyal high value,holdout
SYN-CUST-01618,4,Engaged low conversion,development
SYN-CUST-01325,0,Growth potential,development
SYN-CUST-00635,5,High value at risk,development
SYN-CUST-01625,4,Engaged low conversion,development
SYN-CUST-00055,2,Loyal high value,development
SYN-CUST-01524,4,Engaged low conversion,development
SYN-CUST-01290,0,Growth potential,development
SYN-CUST-01841,4,Engaged low conversion,development
SYN-CUST-01061,0,Growth potential,development
SYN-CUST-02594,1,Dormant low value,development
SYN-CUST-02361,3,Discount-led frequent,holdout
SYN-CUST-01101,0,Growth potential,development
SYN-CUST-00316,2,Loyal high value,development
SYN-CUST-01839,4,Engaged low conversion,development
SYN-CUST-00324,2,Loyal high value,development
SYN-CUST-00653,5,High value at risk,development
SYN-CUST-00860,0,Growth potential,development
SYN-CUST-02413,3,Discount-led frequent,development
SYN-CUST-00403,2,Loyal high value,holdout
SYN-CUST-00642,5,High value at risk,development
SYN-CUST-02021,3,Discount-led frequent,development
SYN-CUST-01993,4,Engaged low conversion,holdout
SYN-CUST-01211,0,Growth potential,development
SYN-CUST-02523,1,Dormant low value,development
SYN-CUST-02962,1,Dormant low value,development
SYN-CUST-02885,1,Dormant low value,holdout
SYN-CUST-00735,5,High value at risk,development
SYN-CUST-01968,4,Engaged low conversion,development
SYN-CUST-02207,3,Discount-led frequent,development
SYN-CUST-02418,3,Discount-led frequent,development
SYN-CUST-00169,2,Loyal high value,holdout
SYN-CUST-00347,2,Loyal high value,development
SYN-CUST-02620,1,Dormant low value,development
SYN-CUST-02692,1,Dormant low value,development
SYN-CUST-01449,0,Growth potential,development
SYN-CUST-00039,2,Loyal high value,development
SYN-CUST-02588,1,Dormant low value,development
SYN-CUST-01284,0,Growth potential,development
SYN-CUST-00233,2,Loyal high value,holdout
SYN-CUST-02696,1,Dormant low value,development
SYN-CUST-00942,0,Growth potential,development
SYN-CUST-02133,3,Discount-led frequent,development
SYN-CUST-01814,4,Engaged low conversion,development
SYN-CUST-02386,3,Discount-led frequent,holdout
SYN-CUST-00471,5,High value at risk,development
SYN-CUST-01808,4,Engaged low conversion,holdout
SYN-CUST-00553,5,High value at risk,development
SYN-CUST-02627,1,Dormant low value,holdout
SYN-CUST-01130,0,Growth potential,development
SYN-CUST-00402,2,Loyal high value,holdout
SYN-CUST-02622,1,Dormant low value,development
SYN-CUST-01175,0,Growth potential,development
SYN-CUST-00165,2,Loyal high value,development
SYN-CUST-01662,4,Engaged low conversion,development
SYN-CUST-00508,5,High value at risk,holdout
SYN-CUST-01796,4,Engaged low conversion,development
SYN-CUST-02888,1,Dormant low value,holdout
SYN-CUST-00248,2,Loyal high value,development
SYN-CUST-02701,1,Dormant low value,development
SYN-CUST-01633,4,Engaged low conversion,development
SYN-CUST-00755,5,High value at risk,development
SYN-CUST-01392,0,Growth potential,holdout
SYN-CUST-01562,4,Engaged low conversion,development
SYN-CUST-01996,4,Engaged low conversion,development
SYN-CUST-01249,0,Growth potential,holdout
SYN-CUST-00189,2,Loyal high value,development
SYN-CUST-00223,2,Loyal high value,development
SYN-CUST-00586,5,High value at risk,holdout
SYN-CUST-00075,2,Loyal high value,development
SYN-CUST-01077,0,Growth potential,development
SYN-CUST-00815,5,High value at risk,development
SYN-CUST-02424,3,Discount-led frequent,development
SYN-CUST-00287,2,Loyal high value,development
SYN-CUST-02981,1,Dormant low value,development
SYN-CUST-00799,5,High value at risk,development
SYN-CUST-02023,3,Discount-led frequent,holdout
SYN-CUST-00178,2,Loyal high value,development
SYN-CUST-00412,2,Loyal high value,holdout
SYN-CUST-01465,0,Growth potential,development
SYN-CUST-00429,2,Loyal high value,development
SYN-CUST-02470,1,Dormant low value,development
SYN-CUST-00863,0,Growth potential,development
SYN-CUST-02776,1,Dormant low value,development
SYN-CUST-00202,2,Loyal high value,development
SYN-CUST-00488,5,High value at risk,holdout
SYN-CUST-01563,4,Engaged low conversion,development
SYN-CUST-02273,3,Discount-led frequent,development
SYN-CUST-01187,0,Growth potential,development
SYN-CUST-02027,3,Discount-led frequent,development
SYN-CUST-01257,0,Growth potential,development
SYN-CUST-02303,3,Discount-led frequent,development
SYN-CUST-01646,4,Engaged low conversion,development
SYN-CUST-00060,2,Loyal high value,development
SYN-CUST-02122,3,Discount-led frequent,holdout
SYN-CUST-01308,0,Growth potential,development
SYN-CUST-00001,2,Loyal high value,development
SYN-CUST-01294,0,Growth potential,development
SYN-CUST-02694,1,Dormant low value,development
SYN-CUST-02900,1,Dormant low value,holdout
SYN-CUST-02949,1,Dormant low value,development
SYN-CUST-02055,3,Discount-led frequent,holdout
SYN-CUST-00704,5,High value at risk,development
SYN-CUST-02745,1,Dormant low value,development
SYN-CUST-02872,1,Dormant low value,development
SYN-CUST-02215,3,Discount-led frequent,holdout
SYN-CUST-01149,0,Growth potential,development
SYN-CUST-00593,5,High value at risk,development
SYN-CUST-02651,1,Dormant low value,development
SYN-CUST-02528,1,Dormant low value,development
SYN-CUST-02767,1,Dormant low value,holdout
SYN-CUST-00107,2,Loyal high value,holdout
SYN-CUST-00966,0,Growth potential,holdout
SYN-CUST-01223,0,Growth potential,development
SYN-CUST-01394,0,Growth potential,holdout
SYN-CUST-01890,4,Engaged low conversion,holdout
SYN-CUST-02994,1,Dormant low value,development
SYN-CUST-01852,4,Engaged low conversion,development
SYN-CUST-02143,3,Discount-led frequent,holdout
SYN-CUST-01932,4,Engaged low conversion,development
SYN-CUST-02382,3,Discount-led frequent,development
SYN-CUST-00228,2,Loyal high value,holdout
SYN-CUST-01016,0,Growth potential,development
SYN-CUST-00720,5,High value at risk,holdout
SYN-CUST-02585,1,Dormant low value,holdout
SYN-CUST-00975,0,Growth potential,development
SYN-CUST-00354,2,Loyal high value,holdout
SYN-CUST-02031,3,Discount-led frequent,holdout
SYN-CUST-00032,2,Loyal high value,development
SYN-CUST-01374,0,Growth potential,development
SYN-CUST-01569,4,Engaged low conversion,development
SYN-CUST-00161,2,Loyal high value,development
SYN-CUST-02033,3,Discount-led frequent,development
SYN-CUST-00519,5,High value at risk,development
SYN-CUST-01694,4,Engaged low conversion,development
SYN-CUST-01293,0,Growth potential,development
SYN-CUST-01401,0,Growth potential,development
SYN-CUST-02189,3,Discount-led frequent,holdout
SYN-CUST-00790,5,High value at risk,holdout
SYN-CUST-00459,5,High value at risk,development
SYN-CUST-00583,5,High value at risk,development
SYN-CUST-02367,3,Discount-led frequent,development
SYN-CUST-00894,0,Growth potential,development
SYN-CUST-00510,5,High value at risk,development
SYN-CUST-01129,0,Growth potential,holdout
SYN-CUST-02013,4,Engaged low conversion,development
SYN-CUST-01780,4,Engaged low conversion,development
SYN-CUST-00224,2,Loyal high value,development
SYN-CUST-00971,0,Growth potential,development
SYN-CUST-00277,2,Loyal high value,holdout
SYN-CUST-01268,0,Growth potential,development
SYN-CUST-02476,1,Dormant low value,development
SYN-CUST-01572,4,Engaged low conversion,development
SYN-CUST-02677,1,Dormant low value,development
SYN-CUST-00710,5,High value at risk,development
SYN-CUST-01316,0,Growth potential,holdout
SYN-CUST-01628,4,Engaged low conversion,development
SYN-CUST-00565,5,High value at risk,development
SYN-CUST-01253,0,Growth potential,development
SYN-CUST-01843,4,Engaged low conversion,development
SYN-CUST-00938,0,Growth potential,development
SYN-CUST-00749,5,High value at risk,development
SYN-CUST-00481,5,High value at risk,development
SYN-CUST-00839,0,Growth potential,development
SYN-CUST-02993,1,Dormant low value,development
SYN-CUST-01226,0,Growth potential,development
SYN-CUST-02976,1,Dormant low value,development
SYN-CUST-00092,2,Loyal high value,development
SYN-CUST-01200,0,Growth potential,development
SYN-CUST-01553,4,Engaged low conversion,development
SYN-CUST-01498,4,Engaged low conversion,holdout
SYN-CUST-00263,2,Loyal high value,development
SYN-CUST-00372,2,Loyal high value,holdout
SYN-CUST-01829,4,Engaged low conversion,development
SYN-CUST-00542,5,High value at risk,development
SYN-CUST-02954,1,Dormant low value,development
SYN-CUST-00783,5,High value at risk,development
SYN-CUST-02735,1,Dormant low value,development
SYN-CUST-02609,1,Dormant low value,development
SYN-CUST-02950,1,Dormant low value,development
SYN-CUST-02957,1,Dormant low value,development
SYN-CUST-01445,0,Growth potential,development
SYN-CUST-02281,3,Discount-led frequent,holdout
SYN-CUST-02163,3,Discount-led frequent,development
SYN-CUST-02219,3,Discount-led frequent,development
SYN-CUST-01601,4,Engaged low conversion,development
SYN-CUST-02302,3,Discount-led frequent,development
SYN-CUST-01442,0,Growth potential,development
SYN-CUST-02053,3,Discount-led frequent,development
SYN-CUST-00850,0,Growth potential,development
SYN-CUST-00328,2,Loyal high value,development
SYN-CUST-02688,1,Dormant low value,development
SYN-CUST-02992,1,Dormant low value,development
SYN-CUST-02353,3,Discount-led frequent,development
SYN-CUST-02973,1,Dormant low value,holdout
SYN-CUST-01957,4,Engaged low conversion,holdout
SYN-CUST-00670,5,High value at risk,development
SYN-CUST-02024,3,Discount-led frequent,development
SYN-CUST-01250,0,Growth potential,holdout
SYN-CUST-01108,0,Growth potential,holdout
SYN-CUST-02846,1,Dormant low value,development
SYN-CUST-00097,2,Loyal high value,development
SYN-CUST-02436,3,Discount-led frequent,development
SYN-CUST-00999,0,Growth potential,development
SYN-CUST-01419,0,Growth potential,development
SYN-CUST-01704,4,Engaged low conversion,development
SYN-CUST-02611,1,Dormant low value,development
SYN-CUST-00469,5,High value at risk,development
SYN-CUST-01887,4,Engaged low conversion,development
SYN-CUST-02935,1,Dormant low value,development
SYN-CUST-02139,3,Discount-led frequent,development
SYN-CUST-02990,1,Dormant low value,holdout
SYN-CUST-02318,3,Discount-led frequent,development
SYN-CUST-00736,5,High value at risk,holdout
SYN-CUST-02313,3,Discount-led frequent,development
SYN-CUST-02630,1,Dormant low value,development
SYN-CUST-01760,4,Engaged low conversion,holdout
SYN-CUST-01459,0,Growth potential,development
SYN-CUST-02083,3,Discount-led frequent,development
SYN-CUST-01747,4,Engaged low conversion,development
SYN-CUST-02402,3,Discount-led frequent,development
SYN-CUST-00742,5,High value at risk,holdout
SYN-CUST-01884,4,Engaged low conversion,development
SYN-CUST-00172,2,Loyal high value,development
SYN-CUST-00555,5,High value at risk,development
SYN-CUST-00089,2,Loyal high value,holdout
SYN-CUST-01118,0,Growth potential,development
SYN-CUST-02044,3,Discount-led frequent,holdout
SYN-CUST-02835,1,Dormant low value,holdout
SYN-CUST-01727,4,Engaged low conversion,development
SYN-CUST-01151,0,Growth potential,development
SYN-CUST-01463,0,Growth potential,holdout
SYN-CUST-02500,1,Dormant low value,holdout
SYN-CUST-02894,1,Dormant low value,development
SYN-CUST-01251,0,Growth potential,development
SYN-CUST-00779,5,High value at risk,development
SYN-CUST-01857,4,Engaged low conversion,development
SYN-CUST-02199,3,Discount-led frequent,holdout
SYN-CUST-02392,3,Discount-led frequent,development
SYN-CUST-02156,3,Discount-led frequent,development
SYN-CUST-00259,2,Loyal high value,development
SYN-CUST-00935,0,Growth potential,development
SYN-CUST-00661,5,High value at risk,holdout
SYN-CUST-00052,2,Loyal high value,holdout
SYN-CUST-01755,0,Growth potential,development
SYN-CUST-00557,5,High value at risk,development
SYN-CUST-00309,2,Loyal high value,development
SYN-CUST-00210,2,Loyal high value,holdout
SYN-CUST-00034,2,Loyal high value,development
SYN-CUST-00415,2,Loyal high value,holdout
SYN-CUST-00363,2,Loyal high value,holdout
SYN-CUST-01470,0,Growth potential,holdout
SYN-CUST-02602,1,Dormant low value,holdout
SYN-CUST-00028,2,Loyal high value,development
SYN-CUST-02689,1,Dormant low value,development
SYN-CUST-02155,3,Discount-led frequent,development
SYN-CUST-02069,3,Discount-led frequent,development
SYN-CUST-00069,2,Loyal high value,development
SYN-CUST-02819,1,Dormant low value,development
SYN-CUST-01287,0,Growth potential,development
SYN-CUST-01121,0,Growth potential,development
SYN-CUST-01231,0,Growth potential,development
SYN-CUST-02196,3,Discount-led frequent,holdout
SYN-CUST-01359,0,Growth potential,development
SYN-CUST-01770,4,Engaged low conversion,development
SYN-CUST-00183,2,Loyal high value,development
SYN-CUST-00647,5,High value at risk,development
SYN-CUST-00669,5,High value at risk,development
SYN-CUST-01291,0,Growth potential,development
SYN-CUST-00914,0,Growth potential,development
SYN-CUST-00845,0,Growth potential,development
SYN-CUST-01015,0,Growth potential,development
SYN-CUST-01512,4,Engaged low conversion,development
SYN-CUST-00629,5,High value at risk,development
SYN-CUST-01400,0,Growth potential,holdout
SYN-CUST-01080,0,Growth potential,development
SYN-CUST-00182,2,Loyal high value,holdout
SYN-CUST-01877,4,Engaged low conversion,development
SYN-CUST-00076,2,Loyal high value,development
SYN-CUST-01114,0,Growth potential,development
SYN-CUST-02968,1,Dormant low value,development
SYN-CUST-00941,0,Growth potential,development
SYN-CUST-01717,4,Engaged low conversion,holdout
SYN-CUST-02592,1,Dormant low value,development
SYN-CUST-00572,5,High value at risk,holdout
SYN-CUST-02180,3,Discount-led frequent,holdout
SYN-CUST-01433,0,Growth potential,development
SYN-CUST-00186,2,Loyal high value,development
SYN-CUST-02763,1,Dormant low value,development
SYN-CUST-02445,3,Discount-led frequent,holdout
SYN-CUST-01404,0,Growth potential,holdout
SYN-CUST-00867,0,Growth potential,holdout
SYN-CUST-02295,3,Discount-led frequent,holdout
SYN-CUST-01486,4,Engaged low conversion,holdout
SYN-CUST-02727,1,Dormant low value,holdout
SYN-CUST-01259,0,Growth potential,development
SYN-CUST-01888,4,Engaged low conversion,development
SYN-CUST-00207,2,Loyal high value,development
SYN-CUST-00389,2,Loyal high value,development
SYN-CUST-00959,0,Growth potential,holdout
SYN-CUST-02904,1,Dormant low value,development
SYN-CUST-02005,4,Engaged low conversion,development
SYN-CUST-02267,3,Discount-led frequent,development
SYN-CUST-01655,4,Engaged low conversion,development
SYN-CUST-02210,3,Discount-led frequent,development
SYN-CUST-01989,4,Engaged low conversion,development
SYN-CUST-02228,3,Discount-led frequent,development
SYN-CUST-01309,0,Growth potential,holdout
SYN-CUST-01182,0,Growth potential,development
SYN-CUST-01568,4,Engaged low conversion,holdout
SYN-CUST-02941,1,Dormant low value,holdout
SYN-CUST-00622,5,High value at risk,development
SYN-CUST-01298,0,Growth potential,development
SYN-CUST-01860,4,Engaged low conversion,holdout
SYN-CUST-02306,3,Discount-led frequent,development
SYN-CUST-00326,2,Loyal high value,development
SYN-CUST-02237,3,Discount-led frequent,development
SYN-CUST-01430,0,Growth potential,development
SYN-CUST-00506,5,High value at risk,development
SYN-CUST-02427,3,Discount-led frequent,holdout
SYN-CUST-01697,4,Engaged low conversion,holdout
SYN-CUST-00623,5,High value at risk,development
SYN-CUST-00373,2,Loyal high value,development
SYN-CUST-02372,3,Discount-led frequent,holdout
SYN-CUST-02260,3,Discount-led frequent,development
SYN-CUST-02761,1,Dormant low value,development
SYN-CUST-00439,2,Loyal high value,development
SYN-CUST-01962,4,Engaged low conversion,development
SYN-CUST-00861,0,Growth potential,holdout
SYN-CUST-01788,4,Engaged low conversion,development
SYN-CUST-02623,1,Dormant low value,holdout
SYN-CUST-00857,0,Growth potential,development
SYN-CUST-01699,4,Engaged low conversion,development
SYN-CUST-02145,3,Discount-led frequent,development
SYN-CUST-00128,2,Loyal high value,development
SYN-CUST-01102,0,Growth potential,development
SYN-CUST-02287,3,Discount-led frequent,development
SYN-CUST-01128,0,Growth potential,holdout
SYN-CUST-01632,4,Engaged low conversion,development
SYN-CUST-02449,1,Dormant low value,development
SYN-CUST-02429,3,Discount-led frequent,development
SYN-CUST-00279,2,Loyal high value,development
SYN-CUST-02030,3,Discount-led frequent,holdout
SYN-CUST-01036,0,Growth potential,holdout
SYN-CUST-02326,3,Discount-led frequent,holdout
SYN-CUST-02518,1,Dormant low value,development
SYN-CUST-01012,0,Growth potential,development
SYN-CUST-01134,4,Engaged low conversion,development
SYN-CUST-01805,4,Engaged low conversion,development
SYN-CUST-01685,4,Engaged low conversion,development
SYN-CUST-01670,4,Engaged low conversion,development
SYN-CUST-01789,4,Engaged low conversion,holdout
SYN-CUST-01081,0,Growth potential,development
SYN-CUST-00288,2,Loyal high value,development
SYN-CUST-00787,5,High value at risk,development
SYN-CUST-00371,2,Loyal high value,development
SYN-CUST-02377,3,Discount-led frequent,development
SYN-CUST-01653,4,Engaged low conversion,holdout
SYN-CUST-01882,4,Engaged low conversion,development
SYN-CUST-00627,5,High value at risk,development
SYN-CUST-02876,1,Dormant low value,development
SYN-CUST-02695,1,Dormant low value,development
SYN-CUST-02608,1,Dormant low value,development
SYN-CUST-02728,1,Dormant low value,development
SYN-CUST-02797,1,Dormant low value,holdout
SYN-CUST-02458,1,Dormant low value,holdout
SYN-CUST-02272,3,Discount-led frequent,holdout
SYN-CUST-01384,0,Growth potential,development
SYN-CUST-00548,5,High value at risk,development
SYN-CUST-00763,5,High value at risk,development
SYN-CUST-00645,5,High value at risk,development
SYN-CUST-01030,0,Growth potential,development
SYN-CUST-01319,0,Growth potential,holdout
SYN-CUST-00512,5,High value at risk,development
SYN-CUST-02759,1,Dormant low value,development
SYN-CUST-00620,5,High value at risk,development
SYN-CUST-00456,5,High value at risk,development
SYN-CUST-01147,0,Growth potential,development
SYN-CUST-02590,1,Dormant low value,development
SYN-CUST-00206,2,Loyal high value,development
SYN-CUST-01828,4,Engaged low conversion,holdout
SYN-CUST-01452,0,Growth potential,holdout
SYN-CUST-00516,5,High value at risk,holdout
SYN-CUST-02262,3,Discount-led frequent,holdout
SYN-CUST-02285,3,Discount-led frequent,development
SYN-CUST-01944,4,Engaged low conversion,holdout
SYN-CUST-00646,5,High value at risk,development
SYN-CUST-02920,1,Dormant low value,development
SYN-CUST-00782,5,High value at risk,development
SYN-CUST-00954,0,Growth potential,development
SYN-CUST-00170,2,Loyal high value,development
SYN-CUST-00312,2,Loyal high value,holdout
SYN-CUST-00871,0,Growth potential,development
SYN-CUST-02211,3,Discount-led frequent,development
SYN-CUST-00340,2,Loyal high value,development
SYN-CUST-01592,4,Engaged low conversion,holdout
SYN-CUST-00714,5,High value at risk,development
SYN-CUST-00713,5,High value at risk,development
SYN-CUST-01094,0,Growth potential,holdout
SYN-CUST-02555,1,Dormant low value,development
SYN-CUST-00221,2,Loyal high value,development
SYN-CUST-02074,3,Discount-led frequent,development
SYN-CUST-02455,1,Dormant low value,development
SYN-CUST-00458,5,High value at risk,development
SYN-CUST-01171,0,Growth potential,development
SYN-CUST-02190,3,Discount-led frequent,development
SYN-CUST-00650,5,High value at risk,holdout
SYN-CUST-02020,3,Discount-led frequent,development
SYN-CUST-00883,0,Growth potential,development
SYN-CUST-00499,5,High value at risk,development
SYN-CUST-02841,1,Dormant low value,development
SYN-CUST-00541,5,High value at risk,development
SYN-CUST-02094,3,Discount-led frequent,holdout
SYN-CUST-00306,2,Loyal high value,holdout
SYN-CUST-02874,1,Dormant low value,holdout
SYN-CUST-01241,0,Growth potential,development
SYN-CUST-01576,4,Engaged low conversion,development
SYN-CUST-00113,2,Loyal high value,development
SYN-CUST-02917,1,Dormant low value,development
SYN-CUST-00807,5,High value at risk,holdout
SYN-CUST-00582,5,High value at risk,holdout
SYN-CUST-02464,1,Dormant low value,development
SYN-CUST-00718,5,High value at risk,development
SYN-CUST-02370,3,Discount-led frequent,development
SYN-CUST-02356,3,Discount-led frequent,development
SYN-CUST-00422,2,Loyal high value,development
SYN-CUST-00173,2,Loyal high value,development
SYN-CUST-02495,1,Dormant low value,development
SYN-CUST-00071,2,Loyal high value,holdout
SYN-CUST-00234,2,Loyal high value,development
SYN-CUST-01190,0,Growth potential,development
SYN-CUST-00715,5,High value at risk,holdout
SYN-CUST-02652,1,Dormant low value,holdout
SYN-CUST-02817,1,Dormant low value,holdout
SYN-CUST-01883,4,Engaged low conversion,holdout
SYN-CUST-00770,5,High value at risk,development
SYN-CUST-01939,4,Engaged low conversion,development
SYN-CUST-02640,1,Dormant low value,development
SYN-CUST-02960,1,Dormant low value,development
SYN-CUST-01402,0,Growth potential,development
SYN-CUST-01748,4,Engaged low conversion,development
SYN-CUST-01088,0,Growth potential,development
SYN-CUST-02036,3,Discount-led frequent,holdout
SYN-CUST-01768,4,Engaged low conversion,development
SYN-CUST-02348,3,Discount-led frequent,development
SYN-CUST-00997,0,Growth potential,development
SYN-CUST-01493,4,Engaged low conversion,development
SYN-CUST-00805,5,High value at risk,development
SYN-CUST-01728,4,Engaged low conversion,development
SYN-CUST-01000,0,Growth potential,development
SYN-CUST-02928,1,Dormant low value,holdout
SYN-CUST-02422,3,Discount-led frequent,development
SYN-CUST-02087,3,Discount-led frequent,development
SYN-CUST-01395,0,Growth potential,development
SYN-CUST-00376,2,Loyal high value,development
SYN-CUST-01393,0,Growth potential,development
SYN-CUST-00772,5,High value at risk,holdout
SYN-CUST-02004,4,Engaged low conversion,development
SYN-CUST-01593,4,Engaged low conversion,holdout
SYN-CUST-01772,4,Engaged low conversion,development
SYN-CUST-01846,4,Engaged low conversion,development
SYN-CUST-01710,4,Engaged low conversion,development
SYN-CUST-00286,2,Loyal high value,development
SYN-CUST-01306,0,Growth potential,holdout
SYN-CUST-00529,5,High value at risk,development
SYN-CUST-01388,0,Growth potential,development
SYN-CUST-02117,3,Discount-led frequent,development
SYN-CUST-01201,0,Growth potential,development
SYN-CUST-01321,0,Growth potential,development
SYN-CUST-01901,4,Engaged low conversion,holdout
SYN-CUST-00380,2,Loyal high value,development
SYN-CUST-01508,4,Engaged low conversion,development
SYN-CUST-02040,3,Discount-led frequent,holdout
SYN-CUST-02124,3,Discount-led frequent,development
SYN-CUST-02775,1,Dormant low value,development
SYN-CUST-00810,5,High value at risk,development
SYN-CUST-00956,0,Growth potential,development
SYN-CUST-01059,0,Growth potential,development
SYN-CUST-01448,0,Growth potential,development
SYN-CUST-00053,2,Loyal high value,development
SYN-CUST-01765,4,Engaged low conversion,development
SYN-CUST-00610,5,High value at risk,development
SYN-CUST-01002,0,Growth potential,development
SYN-CUST-02435,3,Discount-led frequent,development
SYN-CUST-01214,0,Growth potential,development
SYN-CUST-00098,2,Loyal high value,development
SYN-CUST-00654,5,High value at risk,development
SYN-CUST-01079,0,Growth potential,development
SYN-CUST-01125,0,Growth potential,holdout
SYN-CUST-02248,3,Discount-led frequent,development
SYN-CUST-00187,2,Loyal high value,development
SYN-CUST-00656,5,High value at risk,development
SYN-CUST-02947,1,Dormant low value,development
SYN-CUST-00212,2,Loyal high value,development
SYN-CUST-01980,4,Engaged low conversion,development
SYN-CUST-01376,0,Growth potential,development
SYN-CUST-02849,1,Dormant low value,holdout
SYN-CUST-00708,5,High value at risk,development
SYN-CUST-01816,4,Engaged low conversion,development
SYN-CUST-01071,0,Growth potential,development
SYN-CUST-02634,1,Dormant low value,development
SYN-CUST-01537,4,Engaged low conversion,development
SYN-CUST-01197,0,Growth potential,development
SYN-CUST-01718,4,Engaged low conversion,development
SYN-CUST-02955,1,Dormant low value,development
SYN-CUST-00163,2,Loyal high value,development
SYN-CUST-00386,2,Loyal high value,development
SYN-CUST-01910,4,Engaged low conversion,development
SYN-CUST-01069,0,Growth potential,development
SYN-CUST-01979,4,Engaged low conversion,holdout
SYN-CUST-01451,0,Growth potential,development
SYN-CUST-01202,0,Growth potential,development
SYN-CUST-01936,4,Engaged low conversion,holdout
SYN-CUST-02091,3,Discount-led frequent,development
SYN-CUST-01567,4,Engaged low conversion,development
SYN-CUST-00984,0,Growth potential,development
SYN-CUST-00882,0,Growth potential,development
SYN-CUST-00036,2,Loyal high value,development
SYN-CUST-00149,2,Loyal high value,holdout
SYN-CUST-02632,1,Dormant low value,development
SYN-CUST-02766,1,Dormant low value,development
SYN-CUST-01350,0,Growth potential,development
SYN-CUST-02883,1,Dormant low value,development
SYN-CUST-00423,2,Loyal high value,holdout
SYN-CUST-02494,1,Dormant low value,development
SYN-CUST-02713,1,Dormant low value,development
SYN-CUST-01065,0,Growth potential,development
SYN-CUST-01949,4,Engaged low conversion,holdout
SYN-CUST-02437,3,Discount-led frequent,development
SYN-CUST-00450,2,Loyal high value,development
SYN-CUST-02844,1,Dormant low value,holdout
SYN-CUST-00111,2,Loyal high value,development
SYN-CUST-02123,3,Discount-led frequent,development
SYN-CUST-02923,1,Dormant low value,holdout
SYN-CUST-00915,0,Growth potential,development
SYN-CUST-02405,3,Discount-led frequent,development
SYN-CUST-02243,3,Discount-led frequent,development
SYN-CUST-00530,5,High value at risk,development
SYN-CUST-02410,3,Discount-led frequent,development
SYN-CUST-00231,2,Loyal high value,development
SYN-CUST-01982,4,Engaged low conversion,development
SYN-CUST-00504,5,High value at risk,development
SYN-CUST-01861,4,Engaged low conversion,development
SYN-CUST-02142,3,Discount-led frequent,development
SYN-CUST-00848,0,Growth potential,development
SYN-CUST-00216,2,Loyal high value,development
SYN-CUST-01237,0,Growth potential,holdout
SYN-CUST-00789,5,High value at risk,development
SYN-CUST-02104,3,Discount-led frequent,development
SYN-CUST-01854,4,Engaged low conversion,development
SYN-CUST-00243,2,Loyal high value,development
SYN-CUST-00351,2,Loyal high value,development
SYN-CUST-01313,0,Growth potential,development
SYN-CUST-00125,2,Loyal high value,development
SYN-CUST-02417,3,Discount-led frequent,holdout
SYN-CUST-00784,5,High value at risk,development
SYN-CUST-02537,1,Dormant low value,development
SYN-CUST-00858,0,Growth potential,holdout
SYN-CUST-01668,4,Engaged low conversion,development
SYN-CUST-01965,4,Engaged low conversion,development
SYN-CUST-01790,4,Engaged low conversion,development
SYN-CUST-01997,4,Engaged low conversion,development
SYN-CUST-02484,1,Dormant low value,development
SYN-CUST-02109,3,Discount-led frequent,development
SYN-CUST-01775,4,Engaged low conversion,development
SYN-CUST-00085,2,Loyal high value,development
SYN-CUST-00890,0,Growth potential,development
SYN-CUST-00124,2,Loyal high value,development
SYN-CUST-01956,4,Engaged low conversion,holdout
SYN-CUST-02912,1,Dormant low value,development
SYN-CUST-00602,5,High value at risk,development
SYN-CUST-00400,2,Loyal high value,development
SYN-CUST-00200,2,Loyal high value,holdout
SYN-CUST-01280,0,Growth potential,development
SYN-CUST-01666,4,Engaged low conversion,holdout
SYN-CUST-00745,5,High value at risk,development
SYN-CUST-02544,1,Dormant low value,development
SYN-CUST-02848,1,Dormant low value,holdout
SYN-CUST-02529,1,Dormant low value,holdout
SYN-CUST-00822,5,High value at risk,development
SYN-CUST-00292,2,Loyal high value,holdout
SYN-CUST-01277,0,Growth potential,development
SYN-CUST-02376,3,Discount-led frequent,development
SYN-CUST-02477,1,Dormant low value,holdout
SYN-CUST-01766,4,Engaged low conversion,development
SYN-CUST-02873,1,Dormant low value,development
SYN-CUST-00889,0,Growth potential,development
SYN-CUST-00965,0,Growth potential,holdout
SYN-CUST-02227,3,Discount-led frequent,holdout
SYN-CUST-00261,2,Loyal high value,development
SYN-CUST-01534,4,Engaged low conversion,holdout
SYN-CUST-01972,4,Engaged low conversion,development
SYN-CUST-00887,0,Growth potential,development
SYN-CUST-02770,1,Dormant low value,holdout
SYN-CUST-02238,3,Discount-led frequent,development
SYN-CUST-02708,1,Dormant low value,development
SYN-CUST-01654,4,Engaged low conversion,development
SYN-CUST-01296,0,Growth potential,development
SYN-CUST-00930,0,Growth potential,holdout
SYN-CUST-02892,1,Dormant low value,holdout
SYN-CUST-01671,4,Engaged low conversion,development
SYN-CUST-00624,5,High value at risk,holdout
SYN-CUST-02853,1,Dormant low value,development
SYN-CUST-01518,4,Engaged low conversion,holdout
SYN-CUST-00424,2,Loyal high value,holdout
SYN-CUST-01482,4,Engaged low conversion,holdout
SYN-CUST-01688,4,Engaged low conversion,development
SYN-CUST-01894,4,Engaged low conversion,holdout
SYN-CUST-00651,5,High value at risk,holdout
SYN-CUST-02798,1,Dormant low value,development
SYN-CUST-02246,3,Discount-led frequent,development
SYN-CUST-01447,0,Growth potential,development
SYN-CUST-00944,0,Growth potential,development
SYN-CUST-01085,0,Growth potential,development
SYN-CUST-02064,3,Discount-led frequent,development
SYN-CUST-02939,1,Dormant low value,development
SYN-CUST-02220,3,Discount-led frequent,development
SYN-CUST-00409,2,Loyal high value,development
SYN-CUST-02263,3,Discount-led frequent,development
SYN-CUST-00549,5,High value at risk,development
SYN-CUST-01875,4,Engaged low conversion,development
SYN-CUST-01638,4,Engaged low conversion,holdout
SYN-CUST-02378,3,Discount-led frequent,holdout
SYN-CUST-00587,5,High value at risk,development
SYN-CUST-00315,2,Loyal high value,development
SYN-CUST-00022,2,Loyal high value,development
SYN-CUST-00419,2,Loyal high value,development
SYN-CUST-02789,1,Dormant low value,holdout
SYN-CUST-00102,2,Loyal high value,holdout
SYN-CUST-02354,3,Discount-led frequent,holdout
SYN-CUST-00495,5,High value at risk,development
SYN-CUST-02479,1,Dormant low value,development
SYN-CUST-00166,2,Loyal high value,holdout
SYN-CUST-02913,1,Dormant low value,development
SYN-CUST-00195,2,Loyal high value,holdout
SYN-CUST-02840,1,Dormant low value,holdout
SYN-CUST-02105,3,Discount-led frequent,development
SYN-CUST-00235,2,Loyal high value,development
SYN-CUST-00758,5,High value at risk,development
SYN-CUST-00864,0,Growth potential,holdout
SYN-CUST-00217,2,Loyal high value,development
SYN-CUST-02871,1,Dormant low value,holdout
SYN-CUST-02085,3,Discount-led frequent,development
SYN-CUST-02963,1,Dormant low value,development
SYN-CUST-01152,0,Growth potential,development
SYN-CUST-01847,4,Engaged low conversion,holdout
SYN-CUST-02170,3,Discount-led frequent,development
SYN-CUST-02570,1,Dormant low value,development
SYN-CUST-00387,2,Loyal high value,development
SYN-CUST-01689,4,Engaged low conversion,holdout
SYN-CUST-00011,2,Loyal high value,development
SYN-CUST-01022,0,Growth potential,development
SYN-CUST-02985,1,Dormant low value,development
SYN-CUST-02842,1,Dormant low value,development
SYN-CUST-02942,1,Dormant low value,development
SYN-CUST-00414,2,Loyal high value,development
SYN-CUST-01338,0,Growth potential,development
SYN-CUST-00905,0,Growth potential,development
SYN-CUST-02685,1,Dormant low value,holdout
SYN-CUST-01109,0,Growth potential,development
SYN-CUST-02058,3,Discount-led frequent,development
SYN-CUST-02779,1,Dormant low value,holdout
SYN-CUST-00103,2,Loyal high value,holdout
SYN-CUST-01615,4,Engaged low conversion,development
SYN-CUST-02493,1,Dormant low value,development
SYN-CUST-00800,5,High value at risk,development
SYN-CUST-02433,3,Discount-led frequent,development
SYN-CUST-02818,1,Dormant low value,development
SYN-CUST-02218,3,Discount-led frequent,development
SYN-CUST-01573,4,Engaged low conversion,development
SYN-CUST-02545,1,Dormant low value,development
SYN-CUST-00099,2,Loyal high value,development
SYN-CUST-00817,5,High value at risk,development
SYN-CUST-02327,3,Discount-led frequent,development
SYN-CUST-02234,3,Discount-led frequent,development
SYN-CUST-02734,1,Dormant low value,development
SYN-CUST-00928,0,Growth potential,development
SYN-CUST-00849,0,Growth potential,development
SYN-CUST-00007,2,Loyal high value,development
SYN-CUST-00724,5,High value at risk,development
SYN-CUST-01746,4,Engaged low conversion,holdout
SYN-CUST-02601,1,Dormant low value,development
SYN-CUST-01643,4,Engaged low conversion,development
SYN-CUST-02646,1,Dormant low value,development
SYN-CUST-02681,1,Dormant low value,development
SYN-CUST-02086,3,Discount-led frequent,development
SYN-CUST-00792,5,High value at risk,holdout
SYN-CUST-01984,4,Engaged low conversion,development
SYN-CUST-01935,4,Engaged low conversion,development
SYN-CUST-01701,4,Engaged low conversion,development
SYN-CUST-02999,1,Dormant low value,development
SYN-CUST-00451,2,Loyal high value,holdout
SYN-CUST-01261,0,Growth potential,development
SYN-CUST-02707,1,Dormant low value,development
SYN-CUST-02750,1,Dormant low value,development
SYN-CUST-01098,0,Growth potential,development
SYN-CUST-01975,4,Engaged low conversion,development
SYN-CUST-02805,1,Dormant low value,development
SYN-CUST-00463,5,High value at risk,holdout
SYN-CUST-01749,4,Engaged low conversion,development
SYN-CUST-00270,2,Loyal high value,development
SYN-CUST-00229,2,Loyal high value,development
SYN-CUST-01075,0,Growth potential,development
SYN-CUST-02806,1,Dormant low value,development
SYN-CUST-00296,2,Loyal high value,development
SYN-CUST-01616,4,Engaged low conversion,development
SYN-CUST-02098,3,Discount-led frequent,development
SYN-CUST-00958,0,Growth potential,development
SYN-CUST-01412,0,Growth potential,development
SYN-CUST-00080,2,Loyal high value,holdout
SYN-CUST-02332,3,Discount-led frequent,development
SYN-CUST-00597,5,High value at risk,development
SYN-CUST-01973,4,Engaged low conversion,holdout
SYN-CUST-02073,3,Discount-led frequent,development
SYN-CUST-01629,4,Engaged low conversion,development
SYN-CUST-02461,1,Dormant low value,holdout
SYN-CUST-02487,1,Dormant low value,development
SYN-CUST-01850,4,Engaged low conversion,development
SYN-CUST-01422,0,Growth potential,holdout
SYN-CUST-01053,0,Growth potential,development
SYN-CUST-02489,1,Dormant low value,development
SYN-CUST-00952,0,Growth potential,development
SYN-CUST-00489,5,High value at risk,development
SYN-CUST-00668,5,High value at risk,development
SYN-CUST-00192,2,Loyal high value,development
SYN-CUST-01326,0,Growth potential,development
SYN-CUST-00754,5,High value at risk,development
SYN-CUST-02466,1,Dormant low value,holdout
SYN-CUST-01867,4,Engaged low conversion,development
SYN-CUST-01138,0,Growth potential,development
SYN-CUST-02304,3,Discount-led frequent,development
SYN-CUST-01305,0,Growth potential,holdout
SYN-CUST-00743,5,High value at risk,development
SYN-CUST-00739,5,High value at risk,development
SYN-CUST-02412,3,Discount-led frequent,development
SYN-CUST-01391,0,Growth potential,development
SYN-CUST-02637,1,Dormant low value,development
SYN-CUST-02502,1,Dormant low value,development
SYN-CUST-00888,0,Growth potential,development
SYN-CUST-00461,5,High value at risk,development
SYN-CUST-02505,1,Dormant low value,development
SYN-CUST-01469,0,Growth potential,development
SYN-CUST-01551,4,Engaged low conversion,development
SYN-CUST-02862,1,Dormant low value,development
SYN-CUST-01334,0,Growth potential,development
SYN-CUST-00025,2,Loyal high value,development
SYN-CUST-01176,0,Growth potential,holdout
SYN-CUST-00293,2,Loyal high value,development
SYN-CUST-02531,1,Dormant low value,holdout
SYN-CUST-01543,4,Engaged low conversion,development
SYN-CUST-00616,5,High value at risk,development
SYN-CUST-01383,0,Growth potential,holdout
SYN-CUST-02715,1,Dormant low value,development
SYN-CUST-00501,5,High value at risk,holdout
SYN-CUST-02390,3,Discount-led frequent,development
SYN-CUST-02483,1,Dormant low value,development
SYN-CUST-01580,4,Engaged low conversion,holdout
SYN-CUST-01986,4,Engaged low conversion,holdout
SYN-CUST-01886,4,Engaged low conversion,development
SYN-CUST-01389,0,Growth potential,holdout
SYN-CUST-00433,2,Loyal high value,holdout
SYN-CUST-01535,4,Engaged low conversion,holdout
SYN-CUST-00168,2,Loyal high value,holdout
SYN-CUST-01707,4,Engaged low conversion,development
SYN-CUST-02741,1,Dormant low value,holdout
SYN-CUST-00350,2,Loyal high value,holdout
SYN-CUST-00249,2,Loyal high value,holdout
SYN-CUST-02795,1,Dormant low value,holdout
SYN-CUST-00384,2,Loyal high value,development
SYN-CUST-01571,4,Engaged low conversion,holdout
SYN-CUST-01892,4,Engaged low conversion,development
SYN-CUST-01297,0,Growth potential,development
SYN-CUST-02788,1,Dormant low value,development
SYN-CUST-01371,0,Growth potential,holdout
SYN-CUST-01497,4,Engaged low conversion,development
SYN-CUST-02415,3,Discount-led frequent,development
SYN-CUST-00795,5,High value at risk,development
SYN-CUST-01056,0,Growth potential,holdout
SYN-CUST-00220,2,Loyal high value,development
SYN-CUST-02751,1,Dormant low value,development
SYN-CUST-01093,0,Growth potential,development
SYN-CUST-02686,1,Dormant low value,holdout
SYN-CUST-01912,4,Engaged low conversion,development
SYN-CUST-02910,1,Dormant low value,holdout
SYN-CUST-00473,5,High value at risk,holdout
SYN-CUST-02718,1,Dormant low value,development
SYN-CUST-02656,1,Dormant low value,holdout
SYN-CUST-00785,5,High value at risk,holdout
SYN-CUST-00382,2,Loyal high value,development
SYN-CUST-02699,1,Dormant low value,development
SYN-CUST-02554,1,Dormant low value,development
SYN-CUST-02639,1,Dormant low value,holdout
SYN-CUST-00566,5,High value at risk,development
SYN-CUST-00614,5,High value at risk,development
SYN-CUST-01360,0,Growth potential,development
SYN-CUST-02769,1,Dormant low value,development
SYN-CUST-00359,2,Loyal high value,holdout
SYN-CUST-00515,5,High value at risk,holdout
SYN-CUST-01781,4,Engaged low conversion,development
SYN-CUST-02932,1,Dormant low value,development
SYN-CUST-02208,3,Discount-led frequent,holdout
SYN-CUST-01273,0,Growth potential,holdout
SYN-CUST-00924,0,Growth potential,development
SYN-CUST-00391,2,Loyal high value,development
SYN-CUST-01714,4,Engaged low conversion,development
SYN-CUST-02867,1,Dormant low value,holdout
SYN-CUST-01533,4,Engaged low conversion,development
SYN-CUST-01680,4,Engaged low conversion,development
SYN-CUST-02463,1,Dormant low value,development
SYN-CUST-01164,0,Growth potential,holdout
SYN-CUST-00931,0,Growth potential,development
SYN-CUST-01322,0,Growth potential,development
SYN-CUST-02305,3,Discount-led frequent,development
SYN-CUST-02041,3,Discount-led frequent,development
SYN-CUST-01178,0,Growth potential,holdout
SYN-CUST-01222,0,Growth potential,development
SYN-CUST-00020,2,Loyal high value,development
SYN-CUST-00877,0,Growth potential,development
SYN-CUST-00673,5,High value at risk,development
SYN-CUST-00038,2,Loyal high value,holdout
SYN-CUST-02421,3,Discount-led frequent,development
SYN-CUST-02839,1,Dormant low value,holdout
SYN-CUST-01686,4,Engaged low conversion,holdout
SYN-CUST-00246,2,Loyal high value,development
SYN-CUST-02670,1,Dormant low value,development
SYN-CUST-01256,0,Growth potential,holdout
SYN-CUST-00609,5,High value at risk,development
SYN-CUST-01702,4,Engaged low conversion,development
SYN-CUST-01010,0,Growth potential,development
SYN-CUST-02804,1,Dormant low value,development
SYN-CUST-02320,3,Discount-led frequent,development
SYN-CUST-02908,1,Dormant low value,development
SYN-CUST-02916,1,Dormant low value,development
SYN-CUST-00301,2,Loyal high value,development
SYN-CUST-02276,3,Discount-led frequent,holdout
SYN-CUST-00891,0,Growth potential,holdout
SYN-CUST-01819,4,Engaged low conversion,development
SYN-CUST-02411,3,Discount-led frequent,development
SYN-CUST-00979,4,Engaged low conversion,holdout
SYN-CUST-01607,4,Engaged low conversion,holdout
SYN-CUST-02557,1,Dormant low value,development
SYN-CUST-01919,4,Engaged low conversion,holdout
SYN-CUST-00631,5,High value at risk,development
SYN-CUST-00925,0,Growth potential,development
SYN-CUST-01514,4,Engaged low conversion,development
SYN-CUST-00906,0,Growth potential,development
SYN-CUST-01720,4,Engaged low conversion,development
SYN-CUST-01987,4,Engaged low conversion,development
SYN-CUST-00342,2,Loyal high value,development
SYN-CUST-01994,4,Engaged low conversion,development
SYN-CUST-01475,0,Growth potential,development
SYN-CUST-00804,5,High value at risk,holdout
SYN-CUST-01806,4,Engaged low conversion,holdout
SYN-CUST-02471,1,Dormant low value,holdout
SYN-CUST-01559,4,Engaged low conversion,development
SYN-CUST-00953,0,Growth potential,development
SYN-CUST-02828,1,Dormant low value,development
SYN-CUST-02157,3,Discount-led frequent,development
SYN-CUST-01902,4,Engaged low conversion,development
SYN-CUST-01137,0,Growth potential,development
SYN-CUST-02672,1,Dormant low value,holdout
SYN-CUST-01778,4,Engaged low conversion,holdout
SYN-CUST-00900,0,Growth potential,development
SYN-CUST-01909,4,Engaged low conversion,holdout
SYN-CUST-02551,1,Dormant low value,development
SYN-CUST-01025,0,Growth potential,development
SYN-CUST-01837,4,Engaged low conversion,development
SYN-CUST-01774,4,Engaged low conversion,development
SYN-CUST-01635,4,Engaged low conversion,holdout
SYN-CUST-00126,2,Loyal high value,development
SYN-CUST-02680,1,Dormant low value,development
SYN-CUST-02578,1,Dormant low value,development
SYN-CUST-02468,1,Dormant low value,development
SYN-CUST-01800,4,Engaged low conversion,development
SYN-CUST-00114,2,Loyal high value,development
SYN-CUST-01706,4,Engaged low conversion,development
SYN-CUST-02135,3,Discount-led frequent,development
SYN-CUST-02169,3,Discount-led frequent,development
SYN-CUST-02562,1,Dormant low value,development
SYN-CUST-02787,1,Dormant low value,development
SYN-CUST-01641,4,Engaged low conversion,development
SYN-CUST-02290,3,Discount-led frequent,holdout
SYN-CUST-00159,2,Loyal high value,holdout
SYN-CUST-02079,3,Discount-led frequent,development
SYN-CUST-00612,5,High value at risk,development
SYN-CUST-02312,3,Discount-led frequent,development
SYN-CUST-00232,2,Loyal high value,development
SYN-CUST-02472,1,Dormant low value,development
SYN-CUST-01441,0,Growth potential,development
SYN-CUST-02948,1,Dormant low value,holdout
SYN-CUST-02203,3,Discount-led frequent,development
SYN-CUST-01161,0,Growth potential,development
SYN-CUST-01700,4,Engaged low conversion,development
SYN-CUST-01918,4,Engaged low conversion,holdout
SYN-CUST-00000,2,Loyal high value,development
SYN-CUST-01007,0,Growth potential,development
SYN-CUST-00262,2,Loyal high value,development
SYN-CUST-00776,5,High value at risk,holdout
SYN-CUST-02742,1,Dormant low value,holdout
SYN-CUST-01265,0,Growth potential,development
SYN-CUST-00686,5,High value at risk,development
SYN-CUST-01217,0,Growth potential,development
SYN-CUST-02729,1,Dormant low value,development
SYN-CUST-01082,0,Growth potential,holdout
SYN-CUST-01506,4,Engaged low conversion,development
SYN-CUST-01827,4,Engaged low conversion,development
SYN-CUST-00016,2,Loyal high value,holdout
SYN-CUST-01484,4,Engaged low conversion,development
SYN-CUST-02747,1,Dormant low value,development
SYN-CUST-00893,0,Growth potential,development
SYN-CUST-00543,5,High value at risk,development
SYN-CUST-01899,4,Engaged low conversion,development
SYN-CUST-00503,5,High value at risk,holdout
SYN-CUST-02316,3,Discount-led frequent,development
SYN-CUST-00106,2,Loyal high value,development
SYN-CUST-01379,0,Growth potential,development
SYN-CUST-00119,2,Loyal high value,development
SYN-CUST-02341,3,Discount-led frequent,development
SYN-CUST-00006,2,Loyal high value,development
SYN-CUST-01437,0,Growth potential,holdout
SYN-CUST-00771,5,High value at risk,development
SYN-CUST-02409,3,Discount-led frequent,development
SYN-CUST-02001,4,Engaged low conversion,development
SYN-CUST-00336,2,Loyal high value,development
SYN-CUST-02958,1,Dormant low value,development
SYN-CUST-02989,1,Dormant low value,holdout
SYN-CUST-00814,5,High value at risk,development
SYN-CUST-00448,2,Loyal high value,development
SYN-CUST-02222,3,Discount-led frequent,development
SYN-CUST-02204,3,Discount-led frequent,development
SYN-CUST-01864,4,Engaged low conversion,development
SYN-CUST-02820,1,Dormant low value,development
SYN-CUST-00156,2,Loyal high value,holdout
SYN-CUST-00137,2,Loyal high value,holdout
SYN-CUST-00898,0,Growth potential,development
SYN-CUST-02526,1,Dormant low value,development
SYN-CUST-02577,1,Dormant low value,holdout
SYN-CUST-02239,3,Discount-led frequent,development
SYN-CUST-02629,1,Dormant low value,development
SYN-CUST-00049,2,Loyal high value,development
SYN-CUST-01803,4,Engaged low conversion,development
SYN-CUST-02956,1,Dormant low value,holdout
SYN-CUST-01767,4,Engaged low conversion,holdout
SYN-CUST-00176,2,Loyal high value,development
SYN-CUST-02380,3,Discount-led frequent,development
SYN-CUST-00844,0,Growth potential,development
SYN-CUST-00513,5,High value at risk,development
SYN-CUST-02256,3,Discount-led frequent,development
SYN-CUST-01958,4,Engaged low conversion,development
SYN-CUST-00320,2,Loyal high value,development
SYN-CUST-00556,5,High value at risk,holdout
SYN-CUST-01275,0,Growth potential,development
SYN-CUST-00712,5,High value at risk,development
SYN-CUST-00004,2,Loyal high value,development
SYN-CUST-01281,0,Growth potential,development
SYN-CUST-02077,3,Discount-led frequent,development
SYN-CUST-00120,2,Loyal high value,development
SYN-CUST-00280,2,Loyal high value,development
SYN-CUST-02444,3,Discount-led frequent,development
SYN-CUST-00452,2,Loyal high value,development
SYN-CUST-02398,3,Discount-led frequent,holdout
SYN-CUST-01550,4,Engaged low conversion,development
SYN-CUST-02711,1,Dormant low value,holdout
SYN-CUST-00681,5,High value at risk,development
SYN-CUST-02778,1,Dormant low value,development
SYN-CUST-00514,5,High value at risk,development
SYN-CUST-02822,1,Dormant low value,development
SYN-CUST-02264,3,Discount-led frequent,development
SYN-CUST-00377,2,Loyal high value,holdout
SYN-CUST-00381,2,Loyal high value,development
SYN-CUST-02394,3,Discount-led frequent,holdout
SYN-CUST-00970,0,Growth potential,development
SYN-CUST-02918,1,Dormant low value,development
SYN-CUST-01043,0,Growth potential,development
SYN-CUST-02800,1,Dormant low value,development
SYN-CUST-00253,2,Loyal high value,development
SYN-CUST-02271,3,Discount-led frequent,development
SYN-CUST-02423,3,Discount-led frequent,development
SYN-CUST-00073,2,Loyal high value,development
SYN-CUST-01170,0,Growth potential,development
SYN-CUST-00698,5,High value at risk,development
SYN-CUST-01723,4,Engaged low conversion,holdout
SYN-CUST-02283,3,Discount-led frequent,development
SYN-CUST-00331,2,Loyal high value,development
SYN-CUST-00920,0,Growth potential,holdout
SYN-CUST-01528,4,Engaged low conversion,holdout
SYN-CUST-02548,1,Dormant low value,holdout
SYN-CUST-02137,3,Discount-led frequent,holdout
SYN-CUST-00611,5,High value at risk,holdout
SYN-CUST-01946,4,Engaged low conversion,development
SYN-CUST-01672,4,Engaged low conversion,development
SYN-CUST-00672,5,High value at risk,development
SYN-CUST-01824,4,Engaged low conversion,development
SYN-CUST-02443,3,Discount-led frequent,development
SYN-CUST-00035,2,Loyal high value,development
SYN-CUST-00823,5,High value at risk,development
SYN-CUST-01116,0,Growth potential,development
SYN-CUST-00264,2,Loyal high value,development
SYN-CUST-01520,4,Engaged low conversion,development
SYN-CUST-02229,3,Discount-led frequent,development
SYN-CUST-00936,0,Growth potential,development
SYN-CUST-01731,4,Engaged low conversion,development
SYN-CUST-00721,5,High value at risk,development
SYN-CUST-02584,1,Dormant low value,development
SYN-CUST-02603,1,Dormant low value,development
SYN-CUST-01399,0,Growth potential,development
SYN-CUST-00678,5,High value at risk,development
SYN-CUST-02401,3,Discount-led frequent,development
SYN-CUST-02299,3,Discount-led frequent,development
SYN-CUST-01691,4,Engaged low conversion,development
SYN-CUST-00796,5,High value at risk,development
SYN-CUST-01255,0,Growth potential,development
SYN-CUST-00558,5,High value at risk,holdout
SYN-CUST-01362,0,Growth potential,holdout
SYN-CUST-02510,1,Dormant low value,development
SYN-CUST-02112,3,Discount-led frequent,development
SYN-CUST-02721,1,Dormant low value,development
SYN-CUST-00211,2,Loyal high value,development
SYN-CUST-02613,1,Dormant low value,development
SYN-CUST-00148,2,Loyal high value,development
SYN-CUST-01798,4,Engaged low conversion,development
SYN-CUST-00339,2,Loyal high value,development
SYN-CUST-02546,1,Dormant low value,holdout
SYN-CUST-00649,5,High value at risk,development
SYN-CUST-02052,3,Discount-led frequent,development
SYN-CUST-01179,0,Growth potential,development
SYN-CUST-00846,0,Growth potential,development
SYN-CUST-02017,3,Discount-led frequent,development
SYN-CUST-02255,3,Discount-led frequent,development
SYN-CUST-01269,4,Engaged low conversion,development
SYN-CUST-00074,2,Loyal high value,development
SYN-CUST-01684,4,Engaged low conversion,development
SYN-CUST-01663,4,Engaged low conversion,development
SYN-CUST-01983,4,Engaged low conversion,holdout
SYN-CUST-00579,5,High value at risk,development
SYN-CUST-02188,3,Discount-led frequent,development
SYN-CUST-02854,1,Dormant low value,development
SYN-CUST-02049,3,Discount-led frequent,development
SYN-CUST-00307,2,Loyal high value,development
SYN-CUST-02516,1,Dormant low value,holdout
SYN-CUST-02045,3,Discount-led frequent,development
SYN-CUST-01603,4,Engaged low conversion,development
SYN-CUST-01856,4,Engaged low conversion,development
SYN-CUST-01366,0,Growth potential,development
SYN-CUST-01743,4,Engaged low conversion,development
SYN-CUST-02084,3,Discount-led frequent,holdout
SYN-CUST-01340,4,Engaged low conversion,holdout
SYN-CUST-02177,3,Discount-led frequent,development
SYN-CUST-02344,3,Discount-led frequent,development
SYN-CUST-01148,0,Growth potential,development
SYN-CUST-02488,1,Dormant low value,holdout
SYN-CUST-02152,3,Discount-led frequent,holdout
SYN-CUST-02576,1,Dormant low value,holdout
SYN-CUST-01473,0,Growth potential,development
SYN-CUST-02824,1,Dormant low value,development
SYN-CUST-00474,5,High value at risk,development
SYN-CUST-02869,1,Dormant low value,development
SYN-CUST-02071,3,Discount-led frequent,development
SYN-CUST-02532,1,Dormant low value,development
SYN-CUST-00808,5,High value at risk,development
SYN-CUST-00722,5,High value at risk,development
SYN-CUST-02298,3,Discount-led frequent,development
SYN-CUST-00390,2,Loyal high value,development
SYN-CUST-01358,0,Growth potential,development
SYN-CUST-02934,1,Dormant low value,development
SYN-CUST-01115,0,Growth potential,development
SYN-CUST-02381,3,Discount-led frequent,holdout
SYN-CUST-01637,4,Engaged low conversion,development
SYN-CUST-00601,5,High value at risk,development
SYN-CUST-02247,3,Discount-led frequent,development
SYN-CUST-01429,0,Growth potential,development
SYN-CUST-01656,4,Engaged low conversion,development
SYN-CUST-02496,1,Dormant low value,development
SYN-CUST-00477,5,High value at risk,development
SYN-CUST-01192,0,Growth potential,development
SYN-CUST-01048,0,Growth potential,development
SYN-CUST-01468,0,Growth potential,development
SYN-CUST-02997,1,Dormant low value,development
SYN-CUST-01554,4,Engaged low conversion,development
SYN-CUST-02676,1,Dormant low value,development
SYN-CUST-02791,1,Dormant low value,development
SYN-CUST-00833,0,Growth potential,development
SYN-CUST-02746,1,Dormant low value,development
SYN-CUST-02915,1,Dormant low value,development
SYN-CUST-00205,2,Loyal high value,development
SYN-CUST-01526,4,Engaged low conversion,holdout
SYN-CUST-00701,5,High value at risk,development
SYN-CUST-00427,2,Loyal high value,holdout
SYN-CUST-01162,0,Growth potential,development
SYN-CUST-02927,1,Dormant low value,development
SYN-CUST-01014,0,Growth potential,holdout
SYN-CUST-00441,2,Loyal high value,development
SYN-CUST-01279,0,Growth potential,development
SYN-CUST-02127,3,Discount-led frequent,development
SYN-CUST-00608,5,High value at risk,development
SYN-CUST-02349,3,Discount-led frequent,development
SYN-CUST-02019,3,Discount-led frequent,development
SYN-CUST-02140,3,Discount-led frequent,development
SYN-CUST-02480,1,Dormant low value,development
SYN-CUST-00696,5,High value at risk,development
SYN-CUST-01300,0,Growth potential,development
SYN-CUST-01667,4,Engaged low conversion,development
SYN-CUST-00655,5,High value at risk,development
SYN-CUST-00825,0,Growth potential,development
SYN-CUST-00154,2,Loyal high value,holdout
SYN-CUST-02850,1,Dormant low value,development
SYN-CUST-01416,0,Growth potential,development
SYN-CUST-00033,2,Loyal high value,development
SYN-CUST-02987,1,Dormant low value,holdout
SYN-CUST-00719,5,High value at risk,development
SYN-CUST-00987,0,Growth potential,holdout
SYN-CUST-01657,4,Engaged low conversion,development
SYN-CUST-00070,2,Loyal high value,development
SYN-CUST-02257,3,Discount-led frequent,development
SYN-CUST-01330,0,Growth potential,holdout
SYN-CUST-02690,1,Dormant low value,development
SYN-CUST-02265,3,Discount-led frequent,holdout
SYN-CUST-02067,3,Discount-led frequent,holdout
SYN-CUST-02636,1,Dormant low value,holdout
SYN-CUST-01295,0,Growth potential,development
SYN-CUST-00323,2,Loyal high value,development
SYN-CUST-00003,2,Loyal high value,development
SYN-CUST-00683,5,High value at risk,development
SYN-CUST-01595,4,Engaged low conversion,development
SYN-CUST-00497,5,High value at risk,development
SYN-CUST-00707,5,High value at risk,holdout
SYN-CUST-01440,0,Growth potential,development
SYN-CUST-02705,1,Dormant low value,development
SYN-CUST-00657,5,High value at risk,development
SYN-CUST-01677,4,Engaged low conversion,development
SYN-CUST-01869,4,Engaged low conversion,development
SYN-CUST-01981,0,Growth potential,development
SYN-CUST-01160,0,Growth potential,holdout
SYN-CUST-01953,4,Engaged low conversion,holdout
SYN-CUST-02314,3,Discount-led frequent,holdout
SYN-CUST-01221,0,Growth potential,holdout
SYN-CUST-01630,4,Engaged low conversion,development
SYN-CUST-02403,3,Discount-led frequent,development
SYN-CUST-00084,2,Loyal high value,development
SYN-CUST-00801,5,High value at risk,development
SYN-CUST-02323,3,Discount-led frequent,development
SYN-CUST-01521,4,Engaged low conversion,development
SYN-CUST-00687,5,High value at risk,development
SYN-CUST-00014,2,Loyal high value,development
SYN-CUST-02744,1,Dormant low value,holdout
SYN-CUST-02006,4,Engaged low conversion,holdout
SYN-CUST-02385,3,Discount-led frequent,development
SYN-CUST-00117,2,Loyal high value,development
SYN-CUST-02509,1,Dormant low value,development
SYN-CUST-01425,0,Growth potential,development
SYN-CUST-00994,0,Growth potential,development
SYN-CUST-00873,0,Growth potential,development
SYN-CUST-00065,2,Loyal high value,development
SYN-CUST-01329,4,Engaged low conversion,holdout
SYN-CUST-01992,4,Engaged low conversion,development
SYN-CUST-00818,5,High value at risk,development
SYN-CUST-01378,0,Growth potential,development
SYN-CUST-02254,3,Discount-led frequent,development
SYN-CUST-00013,2,Loyal high value,development
SYN-CUST-00879,0,Growth potential,development
SYN-CUST-02534,1,Dormant low value,development
SYN-CUST-00884,0,Growth potential,development
SYN-CUST-02167,3,Discount-led frequent,development
SYN-CUST-02129,3,Discount-led frequent,development
SYN-CUST-00401,2,Loyal high value,development
SYN-CUST-00144,2,Loyal high value,holdout
SYN-CUST-00830,0,Growth potential,development
SYN-CUST-02823,1,Dormant low value,development
SYN-CUST-02132,3,Discount-led frequent,development
SYN-CUST-01500,4,Engaged low conversion,development
SYN-CUST-02364,3,Discount-led frequent,development
SYN-CUST-00585,5,High value at risk,development
SYN-CUST-01665,4,Engaged low conversion,holdout
SYN-CUST-00695,5,High value at risk,development
SYN-CUST-02334,3,Discount-led frequent,holdout
SYN-CUST-02809,1,Dormant low value,development
SYN-CUST-00062,2,Loyal high value,holdout
SYN-CUST-00570,5,High value at risk,development
SYN-CUST-02221,3,Discount-led frequent,development
SYN-CUST-02499,1,Dormant low value,development
SYN-CUST-00525,5,High value at risk,development
SYN-CUST-02855,1,Dormant low value,development
SYN-CUST-02813,1,Dormant low value,development
SYN-CUST-02375,3,Discount-led frequent,development
SYN-CUST-01286,0,Growth potential,holdout
SYN-CUST-01411,0,Growth potential,holdout
SYN-CUST-01978,4,Engaged low conversion,development
SYN-CUST-01375,0,Growth potential,holdout
SYN-CUST-02995,1,Dormant low value,holdout
SYN-CUST-02022,3,Discount-led frequent,development
SYN-CUST-00379,2,Loyal high value,development
SYN-CUST-01587,4,Engaged low conversion,development
SYN-CUST-01270,0,Growth potential,development
SYN-CUST-01364,0,Growth potential,development
SYN-CUST-02780,1,Dormant low value,development
SYN-CUST-01208,0,Growth potential,holdout
SYN-CUST-01907,4,Engaged low conversion,holdout
SYN-CUST-02192,3,Discount-led frequent,holdout
SYN-CUST-00748,5,High value at risk,development
SYN-CUST-00040,2,Loyal high value,holdout
SYN-CUST-01574,4,Engaged low conversion,development
SYN-CUST-01626,4,Engaged low conversion,development
SYN-CUST-01020,0,Growth potential,development
SYN-CUST-00775,5,High value at risk,development
SYN-CUST-00193,2,Loyal high value,development
SYN-CUST-01408,0,Growth potential,development
SYN-CUST-01457,0,Growth potential,development
SYN-CUST-02765,1,Dormant low value,holdout
SYN-CUST-02000,4,Engaged low conversion,development
SYN-CUST-00684,5,High value at risk,development
SYN-CUST-00442,2,Loyal high value,development
SYN-CUST-00773,5,High value at risk,holdout
SYN-CUST-01913,4,Engaged low conversion,development
SYN-CUST-01930,4,Engaged low conversion,development
SYN-CUST-02542,1,Dormant low value,development
SYN-CUST-01026,0,Growth potential,holdout
SYN-CUST-02340,3,Discount-led frequent,development
SYN-CUST-02772,1,Dormant low value,development
SYN-CUST-01682,4,Engaged low conversion,development
SYN-CUST-01896,4,Engaged low conversion,development
SYN-CUST-01431,0,Growth potential,development
SYN-CUST-00832,0,Growth potential,development
SYN-CUST-02034,3,Discount-led frequent,development
SYN-CUST-02506,1,Dormant low value,development
SYN-CUST-02391,3,Discount-led frequent,development
SYN-CUST-02216,3,Discount-led frequent,development
SYN-CUST-00869,0,Growth potential,development
SYN-CUST-00604,5,High value at risk,holdout
SYN-CUST-00242,2,Loyal high value,development
SYN-CUST-00876,0,Growth potential,development
SYN-CUST-01566,4,Engaged low conversion,development
SYN-CUST-02448,1,Dormant low value,development
SYN-CUST-02660,1,Dormant low value,development
SYN-CUST-01285,0,Growth potential,development
SYN-CUST-02642,1,Dormant low value,holdout
SYN-CUST-02131,3,Discount-led frequent,development
SYN-CUST-02617,1,Dormant low value,development
SYN-CUST-02726,1,Dormant low value,development
SYN-CUST-01610,4,Engaged low conversion,development
SYN-CUST-01649,4,Engaged low conversion,development
SYN-CUST-00485,5,High value at risk,holdout
SYN-CUST-01381,0,Growth potential,development
SYN-CUST-01173,0,Growth potential,development
SYN-CUST-02730,1,Dormant low value,development
SYN-CUST-01721,4,Engaged low conversion,development
SYN-CUST-01095,0,Growth potential,development
SYN-CUST-00693,5,High value at risk,holdout
SYN-CUST-00700,5,High value at risk,development
SYN-CUST-01905,4,Engaged low conversion,development
SYN-CUST-01133,0,Growth potential,holdout
SYN-CUST-01759,4,Engaged low conversion,development
SYN-CUST-01597,4,Engaged low conversion,holdout
SYN-CUST-02346,3,Discount-led frequent,development
SYN-CUST-02193,3,Discount-led frequent,development
SYN-CUST-00798,5,High value at risk,holdout
SYN-CUST-01004,0,Growth potential,holdout
SYN-CUST-02926,1,Dormant low value,development
SYN-CUST-00346,2,Loyal high value,holdout
SYN-CUST-00690,5,High value at risk,development
SYN-CUST-02875,1,Dormant low value,development
SYN-CUST-00375,2,Loyal high value,development
SYN-CUST-00470,5,High value at risk,development
SYN-CUST-02896,1,Dormant low value,development
SYN-CUST-00547,5,High value at risk,development
SYN-CUST-00438,2,Loyal high value,holdout
SYN-CUST-02723,1,Dormant low value,development
SYN-CUST-02565,1,Dormant low value,development
SYN-CUST-02440,3,Discount-led frequent,development
SYN-CUST-01337,0,Growth potential,development
SYN-CUST-01011,0,Growth potential,development
SYN-CUST-02159,3,Discount-led frequent,development
SYN-CUST-00526,5,High value at risk,development
SYN-CUST-02573,1,Dormant low value,development
SYN-CUST-01969,4,Engaged low conversion,development
SYN-CUST-00285,2,Loyal high value,development
SYN-CUST-01352,0,Growth potential,holdout
SYN-CUST-00110,2,Loyal high value,development
SYN-CUST-00260,2,Loyal high value,holdout
SYN-CUST-02054,3,Discount-led frequent,development
SYN-CUST-00524,5,High value at risk,development
SYN-CUST-01995,4,Engaged low conversion,development
SYN-CUST-02181,3,Discount-led frequent,development
SYN-CUST-02782,1,Dormant low value,development
SYN-CUST-02016,4,Engaged low conversion,development
SYN-CUST-01942,4,Engaged low conversion,development
SYN-CUST-02893,1,Dormant low value,development
SYN-CUST-01810,4,Engaged low conversion,development
SYN-CUST-02951,1,Dormant low value,development
SYN-CUST-02459,1,Dormant low value,development
SYN-CUST-00618,5,High value at risk,holdout
SYN-CUST-01050,0,Growth potential,development
SYN-CUST-01678,4,Engaged low conversion,development
SYN-CUST-01479,0,Growth potential,development
SYN-CUST-02457,1,Dormant low value,holdout
SYN-CUST-01302,0,Growth potential,development
SYN-CUST-00059,2,Loyal high value,holdout
SYN-CUST-01227,0,Growth potential,holdout
SYN-CUST-02558,1,Dormant low value,development
SYN-CUST-01185,0,Growth potential,development
SYN-CUST-02416,3,Discount-led frequent,development
SYN-CUST-01444,0,Growth potential,development
SYN-CUST-02619,1,Dormant low value,development
SYN-CUST-00121,2,Loyal high value,development
SYN-CUST-00479,5,High value at risk,development
SYN-CUST-01589,4,Engaged low conversion,development
SYN-CUST-00204,2,Loyal high value,holdout
SYN-CUST-01165,0,Growth potential,development
SYN-CUST-02638,1,Dormant low value,development
SYN-CUST-01228,0,Growth potential,holdout
SYN-CUST-00368,2,Loyal high value,development
SYN-CUST-01529,4,Engaged low conversion,development
SYN-CUST-01146,0,Growth potential,holdout
SYN-CUST-00083,2,Loyal high value,holdout
SYN-CUST-01925,4,Engaged low conversion,development
SYN-CUST-02662,1,Dormant low value,development
SYN-CUST-01168,0,Growth potential,development
SYN-CUST-01414,0,Growth potential,development
SYN-CUST-00344,2,Loyal high value,development
SYN-CUST-02943,1,Dormant low value,holdout
SYN-CUST-01432,0,Growth potential,development
SYN-CUST-00764,5,High value at risk,development
SYN-CUST-01327,0,Growth potential,development
SYN-CUST-02297,3,Discount-led frequent,development
SYN-CUST-01817,4,Engaged low conversion,development
SYN-CUST-00118,2,Loyal high value,holdout
SYN-CUST-02843,1,Dormant low value,development
SYN-CUST-00418,2,Loyal high value,development
SYN-CUST-01879,4,Engaged low conversion,development
SYN-CUST-02368,3,Discount-led frequent,holdout
SYN-CUST-02202,3,Discount-led frequent,holdout
SYN-CUST-02719,1,Dormant low value,development
SYN-CUST-01712,4,Engaged low conversion,development
SYN-CUST-00434,2,Loyal high value,development
SYN-CUST-00781,5,High value at risk,development
SYN-CUST-01794,4,Engaged low conversion,development
SYN-CUST-01787,4,Engaged low conversion,development
SYN-CUST-01639,4,Engaged low conversion,holdout
SYN-CUST-02347,3,Discount-led frequent,holdout
SYN-CUST-01513,4,Engaged low conversion,development
SYN-CUST-00551,5,High value at risk,development
SYN-CUST-00123,2,Loyal high value,holdout
SYN-CUST-02048,3,Discount-led frequent,development
SYN-CUST-01539,4,Engaged low conversion,development
SYN-CUST-00112,2,Loyal high value,development
SYN-CUST-01792,4,Engaged low conversion,holdout
SYN-CUST-00435,2,Loyal high value,development
SYN-CUST-00728,5,High value at risk,holdout
SYN-CUST-00591,5,High value at risk,development
SYN-CUST-02748,1,Dormant low value,development
SYN-CUST-01523,4,Engaged low conversion,development
SYN-CUST-00406,2,Loyal high value,development
SYN-CUST-00853,0,Growth potential,holdout
SYN-CUST-00793,5,High value at risk,development
SYN-CUST-01560,4,Engaged low conversion,holdout
SYN-CUST-01158,0,Growth potential,holdout
SYN-CUST-02010,4,Engaged low conversion,development
SYN-CUST-02352,3,Discount-led frequent,development
SYN-CUST-00780,5,High value at risk,development
SYN-CUST-02645,1,Dormant low value,development
SYN-CUST-02811,1,Dormant low value,development
SYN-CUST-02335,3,Discount-led frequent,development
SYN-CUST-01351,0,Growth potential,development
SYN-CUST-02903,1,Dormant low value,development
SYN-CUST-00476,5,High value at risk,holdout
SYN-CUST-00632,5,High value at risk,development
SYN-CUST-01811,4,Engaged low conversion,holdout
SYN-CUST-01336,0,Growth potential,development
SYN-CUST-00967,0,Growth potential,development
SYN-CUST-00245,2,Loyal high value,holdout
SYN-CUST-02512,1,Dormant low value,development
SYN-CUST-00321,2,Loyal high value,development
SYN-CUST-02598,1,Dormant low value,development
SYN-CUST-01911,4,Engaged low conversion,development
SYN-CUST-02063,3,Discount-led frequent,development
SYN-CUST-01126,4,Engaged low conversion,development
SYN-CUST-02268,3,Discount-led frequent,development
SYN-CUST-00295,2,Loyal high value,development
SYN-CUST-00009,2,Loyal high value,development
SYN-CUST-01345,0,Growth potential,development
SYN-CUST-00947,0,Growth potential,holdout
SYN-CUST-00923,0,Growth potential,holdout
SYN-CUST-00838,0,Growth potential,holdout
SYN-CUST-00467,5,High value at risk,development
SYN-CUST-01586,4,Engaged low conversion,development
SYN-CUST-02043,3,Discount-led frequent,development
SYN-CUST-00759,5,High value at risk,holdout
SYN-CUST-01565,4,Engaged low conversion,development
SYN-CUST-00511,5,High value at risk,holdout
SYN-CUST-01005,0,Growth potential,development
SYN-CUST-01858,4,Engaged low conversion,development
SYN-CUST-01207,0,Growth potential,development
SYN-CUST-01089,0,Growth potential,holdout
SYN-CUST-01324,0,Growth potential,development
SYN-CUST-00171,2,Loyal high value,holdout
SYN-CUST-00289,2,Loyal high value,development
SYN-CUST-01681,4,Engaged low conversion,development
SYN-CUST-02649,1,Dormant low value,development
SYN-CUST-01177,0,Growth potential,holdout
SYN-CUST-00855,4,Engaged low conversion,holdout
SYN-CUST-01644,4,Engaged low conversion,development
SYN-CUST-00636,5,High value at risk,development
SYN-CUST-02864,1,Dormant low value,development
SYN-CUST-02583,1,Dormant low value,development
SYN-CUST-01822,4,Engaged low conversion,development
SYN-CUST-02166,3,Discount-led frequent,holdout
SYN-CUST-01583,4,Engaged low conversion,development
SYN-CUST-02600,1,Dormant low value,development
SYN-CUST-01372,0,Growth potential,development
SYN-CUST-02559,1,Dormant low value,development
SYN-CUST-02870,1,Dormant low value,development
SYN-CUST-00753,5,High value at risk,development
SYN-CUST-01966,4,Engaged low conversion,development
SYN-CUST-02291,3,Discount-led frequent,development
SYN-CUST-02614,1,Dormant low value,holdout
SYN-CUST-01797,4,Engaged low conversion,development
SYN-CUST-02336,3,Discount-led frequent,holdout
SYN-CUST-00968,0,Growth potential,development
SYN-CUST-02520,1,Dormant low value,development
SYN-CUST-01874,4,Engaged low conversion,development
SYN-CUST-00897,0,Growth potential,development
SYN-CUST-01353,0,Growth potential,development
SYN-CUST-02141,3,Discount-led frequent,holdout
SYN-CUST-02673,1,Dormant low value,development
SYN-CUST-02891,1,Dormant low value,development
SYN-CUST-00737,5,High value at risk,development
SYN-CUST-02567,1,Dormant low value,holdout
SYN-CUST-01019,0,Growth potential,development
SYN-CUST-00086,2,Loyal high value,development
SYN-CUST-00806,5,High value at risk,holdout
SYN-CUST-00302,2,Loyal high value,holdout
SYN-CUST-01332,0,Growth potential,development
SYN-CUST-00483,5,High value at risk,development
SYN-CUST-01927,4,Engaged low conversion,holdout
SYN-CUST-00717,5,High value at risk,development
SYN-CUST-02515,1,Dormant low value,development
SYN-CUST-01282,0,Growth potential,holdout
SYN-CUST-01914,4,Engaged low conversion,development
SYN-CUST-02397,3,Discount-led frequent,development
SYN-CUST-01795,4,Engaged low conversion,holdout
SYN-CUST-00840,0,Growth potential,holdout
SYN-CUST-01303,0,Growth potential,holdout
SYN-CUST-01283,4,Engaged low conversion,holdout
SYN-CUST-01397,0,Growth potential,holdout
SYN-CUST-02898,1,Dormant low value,development
SYN-CUST-01991,4,Engaged low conversion,development
SYN-CUST-02008,4,Engaged low conversion,development
SYN-CUST-02358,3,Discount-led frequent,holdout
SYN-CUST-02060,3,Discount-led frequent,development
SYN-CUST-01693,4,Engaged low conversion,development
SYN-CUST-02187,3,Discount-led frequent,development
SYN-CUST-00595,5,High value at risk,development
SYN-CUST-02184,3,Discount-led frequent,development
SYN-CUST-02369,3,Discount-led frequent,development
SYN-CUST-01954,4,Engaged low conversion,development
SYN-CUST-00992,0,Growth potential,development
SYN-CUST-01853,4,Engaged low conversion,development
SYN-CUST-02293,3,Discount-led frequent,development
SYN-CUST-00334,2,Loyal high value,development
SYN-CUST-01084,0,Growth potential,development
SYN-CUST-00030,2,Loyal high value,holdout
SYN-CUST-02201,3,Discount-led frequent,development
SYN-CUST-02556,1,Dormant low value,development
SYN-CUST-02977,1,Dormant low value,holdout
SYN-CUST-01159,0,Growth potential,holdout
SYN-CUST-02249,3,Discount-led frequent,development
SYN-CUST-00446,2,Loyal high value,development
SYN-CUST-02595,1,Dormant low value,development
SYN-CUST-01640,4,Engaged low conversion,development
SYN-CUST-00255,2,Loyal high value,development
SYN-CUST-02519,1,Dormant low value,development
SYN-CUST-01111,0,Growth potential,development
SYN-CUST-00167,2,Loyal high value,development
SYN-CUST-00322,2,Loyal high value,development
SYN-CUST-02082,3,Discount-led frequent,development
SYN-CUST-02936,1,Dormant low value,holdout
SYN-CUST-01380,0,Growth potential,development
SYN-CUST-00127,2,Loyal high value,development
SYN-CUST-02389,3,Discount-led frequent,development
SYN-CUST-02066,3,Discount-led frequent,development
SYN-CUST-01928,4,Engaged low conversion,holdout
SYN-CUST-00945,0,Growth potential,development
SYN-CUST-02076,3,Discount-led frequent,development
SYN-CUST-00445,2,Loyal high value,development
SYN-CUST-00480,5,High value at risk,development
SYN-CUST-02442,3,Discount-led frequent,development
SYN-CUST-02258,3,Discount-led frequent,development
SYN-CUST-00854,0,Growth potential,development
SYN-CUST-01370,0,Growth potential,development
SYN-CUST-02552,1,Dormant low value,development
SYN-CUST-02343,3,Discount-led frequent,development
SYN-CUST-02606,1,Dormant low value,development
SYN-CUST-00842,0,Growth potential,holdout
SYN-CUST-00136,2,Loyal high value,development
SYN-CUST-00026,2,Loyal high value,holdout
SYN-CUST-00812,5,High value at risk,holdout
SYN-CUST-02597,1,Dormant low value,development
SYN-CUST-00716,5,High value at risk,holdout
SYN-CUST-00254,2,Loyal high value,development
SYN-CUST-00181,2,Loyal high value,holdout
SYN-CUST-00584,5,High value at risk,development
SYN-CUST-01143,0,Growth potential,development
SYN-CUST-00269,2,Loyal high value,development
SYN-CUST-00540,5,High value at risk,development
SYN-CUST-00797,5,High value at risk,holdout
SYN-CUST-00662,5,High value at risk,development
SYN-CUST-02492,1,Dormant low value,development
SYN-CUST-01434,0,Growth potential,development
SYN-CUST-01784,4,Engaged low conversion,development
SYN-CUST-01385,0,Growth potential,development
SYN-CUST-02635,1,Dormant low value,development
SYN-CUST-02042,3,Discount-led frequent,development
SYN-CUST-01415,0,Growth potential,development
SYN-CUST-00878,0,Growth potential,development
SYN-CUST-02944,1,Dormant low value,development
SYN-CUST-01865,4,Engaged low conversion,development
SYN-CUST-00271,2,Loyal high value,development
SYN-CUST-02266,3,Discount-led frequent,development
SYN-CUST-01891,4,Engaged low conversion,development
SYN-CUST-01676,4,Engaged low conversion,holdout
SYN-CUST-02009,4,Engaged low conversion,development
SYN-CUST-00356,2,Loyal high value,development
SYN-CUST-01552,4,Engaged low conversion,development
SYN-CUST-00352,2,Loyal high value,holdout
SYN-CUST-00399,2,Loyal high value,development
SYN-CUST-02474,1,Dormant low value,holdout
SYN-CUST-02749,1,Dormant low value,development
SYN-CUST-01145,0,Growth potential,holdout
SYN-CUST-01049,0,Growth potential,development
SYN-CUST-02050,3,Discount-led frequent,development
SYN-CUST-01248,0,Growth potential,development
SYN-CUST-02753,1,Dormant low value,development
SYN-CUST-01142,0,Growth potential,development
SYN-CUST-01786,4,Engaged low conversion,development
SYN-CUST-02507,1,Dormant low value,development
SYN-CUST-01233,0,Growth potential,development
SYN-CUST-02816,1,Dormant low value,development
SYN-CUST-02671,1,Dormant low value,holdout
SYN-CUST-00652,5,High value at risk,development
SYN-CUST-01826,4,Engaged low conversion,development
SYN-CUST-01117,0,Growth potential,development
SYN-CUST-00505,5,High value at risk,development
SYN-CUST-02456,1,Dormant low value,development
SYN-CUST-00964,0,Growth potential,development
SYN-CUST-00157,2,Loyal high value,development
SYN-CUST-01507,4,Engaged low conversion,holdout
SYN-CUST-02362,3,Discount-led frequent,development
SYN-CUST-02814,1,Dormant low value,holdout
SYN-CUST-01845,4,Engaged low conversion,development
SYN-CUST-01054,0,Growth potential,holdout
SYN-CUST-00768,5,High value at risk,holdout
SYN-CUST-01191,0,Growth potential,holdout
SYN-CUST-01042,0,Growth potential,development
SYN-CUST-00082,2,Loyal high value,holdout
SYN-CUST-02288,3,Discount-led frequent,development
SYN-CUST-00421,2,Loyal high value,development
SYN-CUST-02407,3,Discount-led frequent,development
SYN-CUST-02783,1,Dormant low value,development
SYN-CUST-00904,0,Growth potential,development
SYN-CUST-00625,5,High value at risk,development
SYN-CUST-01599,4,Engaged low conversion,holdout
SYN-CUST-02953,1,Dormant low value,development
SYN-CUST-02801,1,Dormant low value,development
SYN-CUST-02991,1,Dormant low value,development
SYN-CUST-02473,1,Dormant low value,holdout
SYN-CUST-02702,1,Dormant low value,development
SYN-CUST-01624,4,Engaged low conversion,development
SYN-CUST-02481,1,Dormant low value,development
SYN-CUST-02284,3,Discount-led frequent,holdout
SYN-CUST-00916,0,Growth potential,development
SYN-CUST-00981,0,Growth potential,development
SYN-CUST-02046,3,Discount-led frequent,development
SYN-CUST-00594,5,High value at risk,development
SYN-CUST-01889,4,Engaged low conversion,development
SYN-CUST-02226,3,Discount-led frequent,development
SYN-CUST-00943,0,Growth potential,development
SYN-CUST-00393,2,Loyal high value,development
SYN-CUST-02802,1,Dormant low value,holdout
SYN-CUST-01809,4,Engaged low conversion,development
SYN-CUST-02269,3,Discount-led frequent,development
SYN-CUST-01990,4,Engaged low conversion,development
SYN-CUST-00946,0,Growth potential,development
SYN-CUST-02610,1,Dormant low value,development
SYN-CUST-02549,1,Dormant low value,development
SYN-CUST-02564,1,Dormant low value,development
SYN-CUST-02399,3,Discount-led frequent,development
SYN-CUST-01695,4,Engaged low conversion,holdout
SYN-CUST-00927,0,Growth potential,development
SYN-CUST-00599,5,High value at risk,development
SYN-CUST-02513,1,Dormant low value,holdout
SYN-CUST-01608,4,Engaged low conversion,development
SYN-CUST-01761,4,Engaged low conversion,holdout
SYN-CUST-00826,0,Growth potential,development
SYN-CUST-00491,5,High value at risk,development
SYN-CUST-00760,5,High value at risk,development
SYN-CUST-00901,0,Growth potential,development
SYN-CUST-00318,2,Loyal high value,development
SYN-CUST-02182,3,Discount-led frequent,development
SYN-CUST-01739,4,Engaged low conversion,holdout
SYN-CUST-00018,2,Loyal high value,development
SYN-CUST-01060,0,Growth potential,development
SYN-CUST-00104,2,Loyal high value,holdout
SYN-CUST-02674,1,Dormant low value,development
SYN-CUST-01346,0,Growth potential,development
SYN-CUST-01557,4,Engaged low conversion,development
SYN-CUST-01110,0,Growth potential,holdout
SYN-CUST-00198,2,Loyal high value,development
SYN-CUST-00090,2,Loyal high value,development
SYN-CUST-02777,1,Dormant low value,development
SYN-CUST-00219,2,Loyal high value,holdout
SYN-CUST-02675,1,Dormant low value,development
SYN-CUST-02899,1,Dormant low value,development
SYN-CUST-01522,4,Engaged low conversion,development
SYN-CUST-02945,1,Dormant low value,development
SYN-CUST-01382,0,Growth potential,holdout
SYN-CUST-01490,4,Engaged low conversion,holdout
SYN-CUST-01541,4,Engaged low conversion,holdout
SYN-CUST-00190,2,Loyal high value,development
SYN-CUST-02504,1,Dormant low value,holdout
SYN-CUST-01831,4,Engaged low conversion,development
SYN-CUST-02387,3,Discount-led frequent,development
SYN-CUST-01113,0,Growth potential,development
SYN-CUST-02194,3,Discount-led frequent,development
SYN-CUST-01923,4,Engaged low conversion,holdout
SYN-CUST-01799,4,Engaged low conversion,development
SYN-CUST-01908,4,Engaged low conversion,holdout
SYN-CUST-00430,2,Loyal high value,development
SYN-CUST-02539,1,Dormant low value,development
SYN-CUST-02286,3,Discount-led frequent,development
SYN-CUST-01076,0,Growth potential,development
SYN-CUST-01617,4,Engaged low conversion,development
SYN-CUST-02395,3,Discount-led frequent,development
SYN-CUST-02274,3,Discount-led frequent,development
SYN-CUST-02396,3,Discount-led frequent,development
SYN-CUST-02231,3,Discount-led frequent,development
SYN-CUST-01243,0,Growth potential,development
SYN-CUST-01842,0,Growth potential,development
SYN-CUST-00029,2,Loyal high value,development
SYN-CUST-00697,5,High value at risk,development
SYN-CUST-01157,0,Growth potential,development
SYN-CUST-00413,2,Loyal high value,holdout
SYN-CUST-01013,0,Growth potential,holdout
SYN-CUST-01821,4,Engaged low conversion,development
SYN-CUST-01596,4,Engaged low conversion,development
SYN-CUST-01620,4,Engaged low conversion,development
SYN-CUST-00982,0,Growth potential,development
SYN-CUST-02895,1,Dormant low value,development
SYN-CUST-02785,1,Dormant low value,development
SYN-CUST-01836,4,Engaged low conversion,development
SYN-CUST-01661,4,Engaged low conversion,holdout
SYN-CUST-02697,1,Dormant low value,development
SYN-CUST-02607,1,Dormant low value,development
SYN-CUST-01274,0,Growth potential,development
SYN-CUST-02420,3,Discount-led frequent,holdout
SYN-CUST-02333,3,Discount-led frequent,development
SYN-CUST-01247,0,Growth potential,development
SYN-CUST-02647,1,Dormant low value,holdout
SYN-CUST-00225,2,Loyal high value,development
SYN-CUST-00044,2,Loyal high value,holdout
SYN-CUST-02324,3,Discount-led frequent,development
SYN-CUST-02720,1,Dormant low value,development
SYN-CUST-00131,2,Loyal high value,holdout
SYN-CUST-02065,3,Discount-led frequent,development
SYN-CUST-01679,4,Engaged low conversion,development
SYN-CUST-00142,2,Loyal high value,holdout
SYN-CUST-00138,2,Loyal high value,holdout
SYN-CUST-02250,3,Discount-led frequent,holdout
SYN-CUST-01368,0,Growth potential,holdout
SYN-CUST-00859,0,Growth potential,development
SYN-CUST-01105,0,Growth potential,development
SYN-CUST-02807,1,Dormant low value,development
SYN-CUST-01744,4,Engaged low conversion,development
SYN-CUST-00828,0,Growth potential,development
SYN-CUST-02393,3,Discount-led frequent,holdout
SYN-CUST-00892,0,Growth potential,development
SYN-CUST-00819,5,High value at risk,development
SYN-CUST-02469,1,Dormant low value,development
SYN-CUST-01090,0,Growth potential,development
SYN-CUST-00100,2,Loyal high value,development
SYN-CUST-01428,0,Growth potential,development
SYN-CUST-01006,0,Growth potential,development
SYN-CUST-01823,4,Engaged low conversion,holdout
SYN-CUST-01777,4,Engaged low conversion,development
SYN-CUST-02615,1,Dormant low value,development
SYN-CUST-01713,4,Engaged low conversion,development
SYN-CUST-01064,0,Growth potential,holdout
SYN-CUST-02691,1,Dormant low value,development
SYN-CUST-01575,4,Engaged low conversion,development
SYN-CUST-01174,0,Growth potential,development
SYN-CUST-01246,0,Growth potential,holdout
SYN-CUST-00688,5,High value at risk,holdout
SYN-CUST-01527,4,Engaged low conversion,development
SYN-CUST-02153,3,Discount-led frequent,development
SYN-CUST-02865,1,Dormant low value,development
SYN-CUST-02736,1,Dormant low value,development
SYN-CUST-01998,4,Engaged low conversion,development
SYN-CUST-01132,0,Growth potential,development
SYN-CUST-01871,4,Engaged low conversion,development
SYN-CUST-01323,0,Growth potential,development
SYN-CUST-00732,5,High value at risk,holdout
SYN-CUST-00692,5,High value at risk,holdout
SYN-CUST-00741,5,High value at risk,development
SYN-CUST-00091,2,Loyal high value,development
SYN-CUST-00802,5,High value at risk,holdout
SYN-CUST-02808,1,Dormant low value,development
SYN-CUST-01926,4,Engaged low conversion,development
SYN-CUST-02111,3,Discount-led frequent,development
SYN-CUST-00926,0,Growth potential,development
SYN-CUST-00521,5,High value at risk,holdout
SYN-CUST-01801,4,Engaged low conversion,holdout
SYN-CUST-01516,4,Engaged low conversion,holdout
SYN-CUST-02107,3,Discount-led frequent,holdout
SYN-CUST-02929,1,Dormant low value,development
SYN-CUST-01941,4,Engaged low conversion,development
SYN-CUST-01063,0,Growth potential,development
SYN-CUST-02282,3,Discount-led frequent,development
SYN-CUST-01304,0,Growth potential,development
SYN-CUST-00791,5,High value at risk,development
SYN-CUST-02148,3,Discount-led frequent,development
SYN-CUST-02475,1,Dormant low value,development
SYN-CUST-01779,4,Engaged low conversion,development
SYN-CUST-00691,5,High value at risk,development
SYN-CUST-01696,4,Engaged low conversion,holdout
SYN-CUST-01406,0,Growth potential,development
SYN-CUST-02217,3,Discount-led frequent,development
SYN-CUST-02667,1,Dormant low value,holdout
SYN-CUST-01725,4,Engaged low conversion,development
SYN-CUST-01751,4,Engaged low conversion,holdout
SYN-CUST-01427,0,Growth potential,holdout
SYN-CUST-01262,0,Growth potential,development
SYN-CUST-01488,4,Engaged low conversion,development
SYN-CUST-01240,0,Growth potential,holdout
SYN-CUST-02490,1,Dormant low value,development
SYN-CUST-00667,5,High value at risk,development
SYN-CUST-02491,1,Dormant low value,holdout
SYN-CUST-02653,1,Dormant low value,development
SYN-CUST-02441,3,Discount-led frequent,development
SYN-CUST-01604,4,Engaged low conversion,development
SYN-CUST-02845,1,Dormant low value,holdout
SYN-CUST-02931,1,Dormant low value,development
SYN-CUST-01502,4,Engaged low conversion,holdout
SYN-CUST-01443,0,Growth potential,development
SYN-CUST-02350,3,Discount-led frequent,development
SYN-CUST-02541,1,Dormant low value,development
SYN-CUST-01083,0,Growth potential,development
SYN-CUST-02103,3,Discount-led frequent,development
SYN-CUST-01003,0,Growth potential,holdout
SYN-CUST-00734,5,High value at risk,holdout
SYN-CUST-00251,2,Loyal high value,development
SYN-CUST-01299,0,Growth potential,development
SYN-CUST-02240,3,Discount-led frequent,development
SYN-CUST-01915,4,Engaged low conversion,development
SYN-CUST-01833,4,Engaged low conversion,holdout
SYN-CUST-01802,4,Engaged low conversion,development
SYN-CUST-02233,3,Discount-led frequent,development
SYN-CUST-01355,0,Growth potential,development
SYN-CUST-01974,4,Engaged low conversion,development
SYN-CUST-01072,0,Growth potential,development
SYN-CUST-01349,0,Growth potential,development
SYN-CUST-02866,1,Dormant low value,holdout
SYN-CUST-02134,3,Discount-led frequent,holdout
SYN-CUST-01606,4,Engaged low conversion,development
SYN-CUST-02810,1,Dormant low value,development
SYN-CUST-00500,5,High value at risk,development
SYN-CUST-01855,0,Growth potential,holdout
SYN-CUST-02365,3,Discount-led frequent,holdout
SYN-CUST-01458,0,Growth potential,holdout
SYN-CUST-02861,1,Dormant low value,development
SYN-CUST-00821,5,High value at risk,holdout
SYN-CUST-01614,4,Engaged low conversion,development
SYN-CUST-02185,3,Discount-led frequent,holdout
SYN-CUST-01549,4,Engaged low conversion,development
SYN-CUST-02465,1,Dormant low value,development
SYN-CUST-01750,4,Engaged low conversion,development
SYN-CUST-02543,1,Dormant low value,holdout
SYN-CUST-02388,3,Discount-led frequent,development
SYN-CUST-01540,4,Engaged low conversion,development
SYN-CUST-01673,4,Engaged low conversion,development
SYN-CUST-00056,2,Loyal high value,development
SYN-CUST-00841,0,Growth potential,development
SYN-CUST-01613,4,Engaged low conversion,holdout
SYN-CUST-01504,4,Engaged low conversion,holdout
SYN-CUST-02561,1,Dormant low value,development
SYN-CUST-00895,0,Growth potential,development
SYN-CUST-02998,1,Dormant low value,development
SYN-CUST-00532,5,High value at risk,development
SYN-CUST-00831,0,Growth potential,development
SYN-CUST-02114,3,Discount-led frequent,development
SYN-CUST-02363,3,Discount-led frequent,holdout
SYN-CUST-00327,2,Loyal high value,development
SYN-CUST-02628,1,Dormant low value,development
SYN-CUST-02012,4,Engaged low conversion,development
SYN-CUST-00498,5,High value at risk,development
SYN-CUST-01741,4,Engaged low conversion,holdout
SYN-CUST-01485,4,Engaged low conversion,development
SYN-CUST-02198,3,Discount-led frequent,development
SYN-CUST-00067,2,Loyal high value,development
SYN-CUST-02525,1,Dormant low value,development
SYN-CUST-01106,0,Growth potential,holdout
SYN-CUST-02533,1,Dormant low value,development
SYN-CUST-02821,1,Dormant low value,development
SYN-CUST-02432,3,Discount-led frequent,holdout
SYN-CUST-01455,0,Growth potential,development
SYN-CUST-00398,2,Loyal high value,holdout
SYN-CUST-01503,4,Engaged low conversion,development
SYN-CUST-00122,2,Loyal high value,development
SYN-CUST-01153,0,Growth potential,development
SYN-CUST-00589,5,High value at risk,development
SYN-CUST-00185,2,Loyal high value,holdout
SYN-CUST-00671,5,High value at risk,development
SYN-CUST-00492,5,High value at risk,development
SYN-CUST-00397,2,Loyal high value,development
SYN-CUST-01439,0,Growth potential,development
SYN-CUST-00862,0,Growth potential,development
SYN-CUST-01948,4,Engaged low conversion,development
SYN-CUST-01318,0,Growth potential,holdout
SYN-CUST-01206,0,Growth potential,holdout
SYN-CUST-02100,3,Discount-led frequent,development
SYN-CUST-02731,1,Dormant low value,development
SYN-CUST-02644,1,Dormant low value,development
SYN-CUST-01758,4,Engaged low conversion,development
SYN-CUST-02175,3,Discount-led frequent,development
SYN-CUST-00527,5,High value at risk,development
SYN-CUST-01851,4,Engaged low conversion,development
SYN-CUST-00637,5,High value at risk,development
SYN-CUST-00607,5,High value at risk,development
SYN-CUST-00096,2,Loyal high value,development
SYN-CUST-02752,1,Dormant low value,development
SYN-CUST-01232,0,Growth potential,development
SYN-CUST-02308,3,Discount-led frequent,development
SYN-CUST-02450,1,Dormant low value,development
SYN-CUST-02790,1,Dormant low value,development
SYN-CUST-02384,3,Discount-led frequent,development
SYN-CUST-01963,4,Engaged low conversion,holdout
SYN-CUST-01722,4,Engaged low conversion,development
SYN-CUST-02716,1,Dormant low value,development
SYN-CUST-00416,2,Loyal high value,development
SYN-CUST-01835,4,Engaged low conversion,development
SYN-CUST-02261,3,Discount-led frequent,development
SYN-CUST-01648,4,Engaged low conversion,development
SYN-CUST-02121,3,Discount-led frequent,development
SYN-CUST-00746,5,High value at risk,development
SYN-CUST-00740,5,High value at risk,development
SYN-CUST-01556,4,Engaged low conversion,development
SYN-CUST-01664,4,Engaged low conversion,development
SYN-CUST-02088,3,Discount-led frequent,development
SYN-CUST-00408,2,Loyal high value,development
SYN-CUST-01645,4,Engaged low conversion,holdout
SYN-CUST-02740,1,Dormant low value,holdout
SYN-CUST-00567,5,High value at risk,development
SYN-CUST-01813,4,Engaged low conversion,development
SYN-CUST-02538,1,Dormant low value,development
SYN-CUST-00937,0,Growth potential,development
SYN-CUST-02863,1,Dormant low value,development
SYN-CUST-01258,0,Growth potential,development
SYN-CUST-01548,4,Engaged low conversion,development
SYN-CUST-02453,1,Dormant low value,holdout
SYN-CUST-02758,1,Dormant low value,development
SYN-CUST-00135,2,Loyal high value,development
SYN-CUST-02165,3,Discount-led frequent,development
SYN-CUST-01180,0,Growth potential,development
SYN-CUST-00304,2,Loyal high value,development
SYN-CUST-00674,5,High value at risk,development
SYN-CUST-02428,3,Discount-led frequent,holdout
SYN-CUST-02252,3,Discount-led frequent,development
SYN-CUST-00574,5,High value at risk,development
SYN-CUST-02965,1,Dormant low value,development
SYN-CUST-00564,5,High value at risk,development
SYN-CUST-00153,2,Loyal high value,holdout
SYN-CUST-02235,3,Discount-led frequent,holdout
SYN-CUST-00711,5,High value at risk,holdout
SYN-CUST-00273,2,Loyal high value,development
SYN-CUST-00658,5,High value at risk,development
SYN-CUST-00437,2,Loyal high value,holdout
SYN-CUST-02596,1,Dormant low value,development
SYN-CUST-00281,2,Loyal high value,development
SYN-CUST-01396,0,Growth potential,development
SYN-CUST-02279,3,Discount-led frequent,holdout
SYN-CUST-02665,1,Dormant low value,development
SYN-CUST-00730,5,High value at risk,development
SYN-CUST-00068,2,Loyal high value,holdout
SYN-CUST-01715,4,Engaged low conversion,development
SYN-CUST-01478,0,Growth potential,development
SYN-CUST-02032,3,Discount-led frequent,holdout
SYN-CUST-01091,0,Growth potential,holdout
SYN-CUST-00948,0,Growth potential,holdout
SYN-CUST-00129,2,Loyal high value,development
SYN-CUST-00116,2,Loyal high value,development
SYN-CUST-00428,2,Loyal high value,development
SYN-CUST-00329,2,Loyal high value,holdout
SYN-CUST-00546,5,High value at risk,development
SYN-CUST-01333,0,Growth potential,development
SYN-CUST-00727,5,High value at risk,holdout
SYN-CUST-00037,2,Loyal high value,development
SYN-CUST-02774,1,Dormant low value,development
SYN-CUST-01267,0,Growth potential,holdout
SYN-CUST-01203,0,Growth potential,development
SYN-CUST-00778,5,High value at risk,holdout
SYN-CUST-00311,2,Loyal high value,development
SYN-CUST-01446,0,Growth potential,development
SYN-CUST-01186,0,Growth potential,development
SYN-CUST-02172,3,Discount-led frequent,development
SYN-CUST-01028,0,Growth potential,development
SYN-CUST-02119,3,Discount-led frequent,holdout
SYN-CUST-02106,3,Discount-led frequent,development
SYN-CUST-02764,1,Dormant low value,holdout
SYN-CUST-00517,5,High value at risk,development
SYN-CUST-02136,3,Discount-led frequent,development
SYN-CUST-02982,1,Dormant low value,development
SYN-CUST-00486,5,High value at risk,holdout
SYN-CUST-02300,3,Discount-led frequent,development
SYN-CUST-01156,0,Growth potential,development
SYN-CUST-01301,0,Growth potential,holdout
SYN-CUST-01347,0,Growth potential,development
SYN-CUST-02089,3,Discount-led frequent,development
SYN-CUST-02643,1,Dormant low value,development
SYN-CUST-00265,2,Loyal high value,holdout
SYN-CUST-01235,0,Growth potential,holdout
SYN-CUST-00922,0,Growth potential,development
SYN-CUST-01009,4,Engaged low conversion,holdout
SYN-CUST-01904,4,Engaged low conversion,development
SYN-CUST-01917,4,Engaged low conversion,development
SYN-CUST-02026,3,Discount-led frequent,development
SYN-CUST-00600,5,High value at risk,holdout
SYN-CUST-02242,3,Discount-led frequent,development
SYN-CUST-02311,3,Discount-led frequent,development
SYN-CUST-02446,1,Dormant low value,development
SYN-CUST-02232,3,Discount-led frequent,development
SYN-CUST-00660,5,High value at risk,development
SYN-CUST-02722,1,Dormant low value,development
SYN-CUST-02025,3,Discount-led frequent,holdout
SYN-CUST-00834,0,Growth potential,holdout
SYN-CUST-00659,5,High value at risk,development
SYN-CUST-00643,5,High value at risk,development
SYN-CUST-02093,3,Discount-led frequent,development
SYN-CUST-02253,3,Discount-led frequent,development
SYN-CUST-02664,1,Dormant low value,development
SYN-CUST-01163,0,Growth potential,development
SYN-CUST-00177,2,Loyal high value,holdout
SYN-CUST-01024,0,Growth potential,holdout
SYN-CUST-00509,5,High value at risk,development
SYN-CUST-02581,1,Dormant low value,development
SYN-CUST-01622,4,Engaged low conversion,development
SYN-CUST-01219,0,Growth potential,development
SYN-CUST-01621,4,Engaged low conversion,development
SYN-CUST-01782,4,Engaged low conversion,holdout
SYN-CUST-00644,5,High value at risk,development
SYN-CUST-00747,5,High value at risk,development
SYN-CUST-00247,2,Loyal high value,development
SYN-CUST-01609,4,Engaged low conversion,holdout
SYN-CUST-02126,3,Discount-led frequent,development
SYN-CUST-00042,2,Loyal high value,holdout
SYN-CUST-00989,0,Growth potential,holdout
SYN-CUST-01505,4,Engaged low conversion,development
SYN-CUST-02331,3,Discount-led frequent,development
SYN-CUST-00179,2,Loyal high value,development
SYN-CUST-00222,2,Loyal high value,holdout
SYN-CUST-00472,5,High value at risk,development
SYN-CUST-01027,0,Growth potential,development
SYN-CUST-02857,1,Dormant low value,development
SYN-CUST-00046,2,Loyal high value,development
SYN-CUST-00330,2,Loyal high value,development
SYN-CUST-00054,2,Loyal high value,development
SYN-CUST-02571,1,Dormant low value,development
SYN-CUST-01921,4,Engaged low conversion,development
SYN-CUST-02803,1,Dormant low value,development
SYN-CUST-00909,0,Growth potential,development
SYN-CUST-02164,3,Discount-led frequent,development
SYN-CUST-01361,0,Growth potential,development
SYN-CUST-00308,2,Loyal high value,development
SYN-CUST-02897,1,Dormant low value,development
SYN-CUST-01078,0,Growth potential,development
SYN-CUST-00147,2,Loyal high value,development
SYN-CUST-01570,4,Engaged low conversion,development
SYN-CUST-02579,1,Dormant low value,development
SYN-CUST-01410,0,Growth potential,development
SYN-CUST-02029,3,Discount-led frequent,development
SYN-CUST-02517,1,Dormant low value,development
SYN-CUST-00932,0,Growth potential,development
SYN-CUST-02604,1,Dormant low value,holdout
SYN-CUST-00358,2,Loyal high value,holdout
SYN-CUST-00534,5,High value at risk,development
SYN-CUST-01631,4,Engaged low conversion,development
SYN-CUST-02366,3,Discount-led frequent,development
SYN-CUST-00874,0,Growth potential,development
SYN-CUST-00682,5,High value at risk,development
SYN-CUST-02454,1,Dormant low value,development
SYN-CUST-01424,0,Growth potential,development
SYN-CUST-01623,4,Engaged low conversion,development
SYN-CUST-01893,4,Engaged low conversion,holdout
SYN-CUST-02068,3,Discount-led frequent,holdout
SYN-CUST-01310,0,Growth potential,development
SYN-CUST-00194,2,Loyal high value,development
SYN-CUST-02984,1,Dormant low value,development
SYN-CUST-00794,5,High value at risk,holdout
SYN-CUST-01577,4,Engaged low conversion,development
SYN-CUST-00396,2,Loyal high value,development
SYN-CUST-02580,1,Dormant low value,development
SYN-CUST-02186,3,Discount-led frequent,development
SYN-CUST-01546,4,Engaged low conversion,development
SYN-CUST-01650,4,Engaged low conversion,development
SYN-CUST-00573,5,High value at risk,development
SYN-CUST-02838,1,Dormant low value,development
SYN-CUST-02905,1,Dormant low value,development
SYN-CUST-00388,2,Loyal high value,development
SYN-CUST-01289,0,Growth potential,development
SYN-CUST-01881,4,Engaged low conversion,development
SYN-CUST-00571,5,High value at risk,development
SYN-CUST-02663,1,Dormant low value,holdout
SYN-CUST-01619,4,Engaged low conversion,development
SYN-CUST-00744,5,High value at risk,holdout
SYN-CUST-01181,0,Growth potential,development
SYN-CUST-00896,0,Growth potential,holdout
SYN-CUST-00454,2,Loyal high value,holdout
SYN-CUST-00767,5,High value at risk,development
SYN-CUST-00023,2,Loyal high value,development
SYN-CUST-01423,0,Growth potential,holdout
SYN-CUST-01215,0,Growth potential,development
SYN-CUST-00709,5,High value at risk,holdout
SYN-CUST-01952,4,Engaged low conversion,development
SYN-CUST-00494,5,High value at risk,development
SYN-CUST-02309,3,Discount-led frequent,holdout
