customer_id,snapshot_date,recency_days,orders_12m,revenue_12m,margin_rate,sessions_90d,conversion_rate_90d,discount_order_share,category_breadth_12m,return_rate,satisfaction_score
SYN-CUST-01838,2026-01-01,98,3,165.630000,0.185100,53,0.025800,0.167000,5,0.032600,3.722000
SYN-CUST-01651,2026-01-01,120,1,88.800000,0.229000,34,0.019700,0.185200,5,0.039000,4.034000
SYN-CUST-01873,2026-01-01,105,3,206.740000,0.184500,68,0.004600,0.176300,8,0.023100,3.642000
SYN-CUST-01885,2026-01-01,86,3,182.700000,0.175400,39,0.026500,0.198000,6,0.039100,3.960000
SYN-CUST-00996,2026-01-01,48,4,373.870000,0.215900,22,0.137200,0.332600,8,0.062300,4.015000
SYN-CUST-01870,2026-01-01,66,0,0.000000,0.198300,51,0.035500,0.211800,5,0.056700,3.952000
SYN-CUST-02921,2026-01-01,319,0,0.000000,0.140900,1,0.001100,0.289900,1,0.090700,3.555000
SYN-CUST-02553,2026-01-01,267,0,0.000000,0.104800,4,0.017400,0.353700,1,0.082700,3.336000
SYN-CUST-00064,2026-01-01,13,13,1628.310000,0.305100,42,0.186900,0.152600,9,0.030800,4.601000
SYN-CUST-02717,2026-01-01,181,0,0.000000,0.161500,2,0.006400,0.441000,2,0.088200,3.288000
SYN-CUST-02244,2026-01-01,26,13,822.300000,-0.069700,35,0.150200,0.919600,3,0.112900,3.893000
SYN-CUST-01988,2026-01-01,85,0,0.000000,0.224800,73,0.023200,0.215100,10,0.056500,3.754000
SYN-CUST-02351,2026-01-01,25,7,571.570000,-0.063400,25,0.142000,0.822800,3,0.123500,3.838000
SYN-CUST-00139,2026-01-01,18,16,2464.370000,0.241700,26,0.159500,0.133800,4,0.029300,4.731000
SYN-CUST-01742,2026-01-01,72,0,0.000000,0.150800,46,0.028700,0.197000,8,0.046600,3.839000
SYN-CUST-00475,2026-01-01,148,4,741.590000,0.287300,7,0.065600,0.168000,3,0.047200,3.545000
SYN-CUST-00980,2026-01-01,30,3,232.120000,0.192700,24,0.129700,0.255100,7,0.049700,4.132000
SYN-CUST-02966,2026-01-01,179,0,0.000000,0.140300,5,0.018900,0.411700,2,0.078200,3.372000
SYN-CUST-02501,2026-01-01,357,0,0.000000,0.133700,2,0.016400,0.531600,1,0.072300,3.323000
SYN-CUST-00962,2026-01-01,51,6,559.130000,0.199800,23,0.076200,0.287800,10,0.072900,4.255000
SYN-CUST-02550,2026-01-01,263,1,54.010000,0.153500,4,0.001400,0.504400,2,0.063500,3.096000
SYN-CUST-01931,2026-01-01,75,0,0.000000,0.205600,57,0.026200,0.223600,6,0.051900,4.047000
SYN-CUST-00162,2026-01-01,14,17,2085.940000,0.284600,31,0.260400,0.141700,3,0.035700,4.363000
SYN-CUST-01922,2026-01-01,69,1,80.760000,0.111300,59,0.029000,0.282200,7,0.060700,3.977000
SYN-CUST-01331,2026-01-01,58,5,448.640000,0.238000,37,0.119200,0.312900,8,0.029900,4.088000
SYN-CUST-02150,2026-01-01,20,10,504.640000,-0.034700,32,0.120500,0.846800,3,0.110400,3.581000
SYN-CUST-02162,2026-01-01,24,11,710.550000,-0.070600,28,0.094800,0.740900,7,0.157000,3.887000
SYN-CUST-01690,2026-01-01,76,1,64.870000,0.194100,36,0.024800,0.213300,5,0.041300,4.083000
SYN-CUST-00750,2026-01-01,136,8,1110.800000,0.247300,8,0.070100,0.192500,2,0.065600,3.441000
SYN-CUST-00554,2026-01-01,157,6,1126.410000,0.206000,7,0.051200,0.173800,2,0.059800,3.962000
SYN-CUST-00072,2026-01-01,19,16,1992.390000,0.233400,25,0.168100,0.151900,6,0.035600,4.292000
SYN-CUST-00197,2026-01-01,25,21,3339.240000,0.320900,37,0.203600,0.128000,2,0.052400,4.811000
SYN-CUST-00531,2026-01-01,165,12,2224.130000,0.235200,8,0.062100,0.197500,2,0.046200,3.744000
SYN-CUST-00619,2026-01-01,156,10,1711.700000,0.237500,6,0.055400,0.177700,1,0.050800,3.457000
SYN-CUST-01872,2026-01-01,78,1,57.520000,0.180100,40,0.037000,0.205600,8,0.047400,4.185000
SYN-CUST-02901,2026-01-01,241,1,46.770000,0.107800,1,0.026700,0.473400,2,0.075100,3.543000
SYN-CUST-00630,2026-01-01,121,8,1158.780000,0.234200,9,0.038000,0.175100,2,0.050200,3.645000
SYN-CUST-00866,2026-01-01,56,6,623.700000,0.242900,28,0.086700,0.279800,10,0.062300,4.179000
SYN-CUST-02668,2026-01-01,247,1,59.880000,0.133000,1,0.013100,0.472600,1,0.078400,3.399000
SYN-CUST-01977,2026-01-01,80,2,116.790000,0.211800,44,0.012800,0.208000,10,0.038000,3.904000
SYN-CUST-00502,2026-01-01,135,9,1713.370000,0.265000,7,0.071200,0.133000,7,0.034000,3.732000
SYN-CUST-02047,2026-01-01,24,9,681.310000,-0.064700,16,0.151600,0.774600,4,0.108900,3.670000
SYN-CUST-01140,2026-01-01,48,5,541.390000,0.219600,32,0.113500,0.237100,5,0.028000,3.916000
SYN-CUST-00010,2026-01-01,25,12,1820.820000,0.281500,14,0.154700,0.164500,8,0.050600,4.147000
SYN-CUST-00911,2026-01-01,45,7,698.150000,0.220600,31,0.102600,0.317300,4,0.077000,3.588000
SYN-CUST-01292,2026-01-01,35,9,839.020000,0.192200,18,0.128600,0.273700,7,0.036800,4.028000
SYN-CUST-01099,2026-01-01,39,3,217.580000,0.259600,18,0.090300,0.265600,8,0.050900,3.980000
SYN-CUST-02015,2026-01-01,80,0,0.000000,0.161100,44,0.014900,0.197900,6,0.033700,3.852000
SYN-CUST-01752,2026-01-01,121,2,202.980000,0.200300,63,0.045100,0.187700,11,0.040600,3.771000
SYN-CUST-02536,2026-01-01,186,0,0.000000,0.149100,3,0.026800,0.421400,2,0.058300,3.271000
SYN-CUST-00299,2026-01-01,18,17,3011.620000,0.264100,35,0.144400,0.141400,3,0.025700,4.556000
SYN-CUST-00851,2026-01-01,36,7,541.020000,0.222700,21,0.118000,0.276800,5,0.059600,4.434000
SYN-CUST-02329,2026-01-01,26,13,856.320000,-0.043400,22,0.092800,0.526800,1,0.123600,3.600000
SYN-CUST-02812,2026-01-01,227,0,0.000000,0.154100,1,0.019100,0.528300,5,0.079600,2.987000
SYN-CUST-02568,2026-01-01,304,0,0.000000,0.103600,2,0.001000,0.380700,1,0.148500,3.103000
SYN-CUST-02214,2026-01-01,27,13,869.140000,-0.066100,42,0.129900,0.788500,1,0.138500,3.375000
SYN-CUST-00203,2026-01-01,15,16,3998.290000,0.259700,38,0.188200,0.147000,2,0.037100,5.000000
SYN-CUST-01920,2026-01-01,99,3,209.770000,0.203400,30,0.047100,0.174100,4,0.040700,3.363000
SYN-CUST-02922,2026-01-01,241,0,0.000000,0.165300,0,0.000000,0.394200,1,0.091700,3.340000
SYN-CUST-00048,2026-01-01,19,12,2210.380000,0.286600,41,0.149700,0.144800,6,0.042500,4.744000
SYN-CUST-00043,2026-01-01,14,15,2614.340000,0.268100,50,0.109000,0.134900,2,0.039200,4.625000
SYN-CUST-01040,2026-01-01,31,3,223.700000,0.232600,30,0.109300,0.272700,4,0.019200,4.354000
SYN-CUST-00278,2026-01-01,22,8,1003.400000,0.324600,32,0.159600,0.138300,10,0.033300,4.487000
SYN-CUST-02003,2026-01-01,98,0,0.000000,0.171900,47,0.028100,0.184000,10,0.052400,4.273000
SYN-CUST-00837,2026-01-01,56,1,106.170000,0.240100,19,0.100900,0.309700,7,0.058800,4.216000
SYN-CUST-02439,2026-01-01,29,6,391.150000,-0.058200,27,0.173100,0.868700,5,0.178100,3.458000
SYN-CUST-00843,2026-01-01,35,4,365.850000,0.184400,22,0.112700,0.253200,4,0.051200,3.867000
SYN-CUST-01141,2026-01-01,34,5,422.470000,0.185200,32,0.085800,0.307300,3,0.060100,3.957000
SYN-CUST-01945,2026-01-01,83,0,0.000000,0.173000,38,0.036800,0.176900,8,0.027200,3.696000
SYN-CUST-02307,2026-01-01,27,13,862.210000,-0.057400,26,0.118800,0.636400,2,0.152900,3.560000
SYN-CUST-02339,2026-01-01,34,13,765.820000,-0.059500,24,0.221200,0.791400,3,0.118500,3.484000
SYN-CUST-00899,2026-01-01,39,1,128.780000,0.241700,22,0.111700,0.285000,2,0.067300,3.951000
SYN-CUST-00367,2026-01-01,25,14,2505.700000,0.322300,32,0.203500,0.149300,5,0.027800,4.710000
SYN-CUST-01538,2026-01-01,50,2,109.900000,0.211000,50,0.033600,0.198100,7,0.043200,3.886000
SYN-CUST-01144,2026-01-01,49,6,498.460000,0.212000,26,0.088100,0.265600,1,0.062900,4.135000
SYN-CUST-02859,2026-01-01,276,4,176.050000,0.126000,7,0.009000,0.341400,1,0.081600,3.356000
SYN-CUST-00666,2026-01-01,160,6,931.010000,0.279700,7,0.048800,0.203600,7,0.048500,3.584000
SYN-CUST-00995,2026-01-01,44,1,79.170000,0.212900,16,0.088300,0.275700,2,0.051500,4.439000
SYN-CUST-00158,2026-01-01,20,17,2531.850000,0.273800,29,0.151900,0.150900,2,0.031100,4.545000
SYN-CUST-01547,2026-01-01,89,1,89.020000,0.197700,48,0.033000,0.185300,13,0.048500,3.830000
SYN-CUST-02514,2026-01-01,365,0,0.000000,0.137200,2,0.011800,0.386800,1,0.094600,3.499000
SYN-CUST-00578,2026-01-01,145,9,1669.100000,0.244900,6,0.072600,0.192800,1,0.055100,4.009000
SYN-CUST-01868,2026-01-01,86,1,63.580000,0.204300,42,0.004700,0.173800,3,0.038000,3.831000
SYN-CUST-01820,2026-01-01,69,2,139.880000,0.233200,50,0.033600,0.176000,3,0.053700,4.133000
SYN-CUST-02061,2026-01-01,24,17,1171.760000,-0.058000,22,0.156200,0.730600,1,0.121200,3.552000
SYN-CUST-01150,2026-01-01,38,8,581.370000,0.186000,21,0.095200,0.270200,8,0.049000,4.289000
SYN-CUST-02599,2026-01-01,328,1,58.110000,0.139400,5,0.001000,0.380500,1,0.051800,3.217000
SYN-CUST-02879,2026-01-01,185,0,0.000000,0.136800,3,0.002100,0.317500,2,0.074700,3.498000
SYN-CUST-02712,2026-01-01,252,0,0.000000,0.153500,0,0.000000,0.358300,1,0.062100,3.284000
SYN-CUST-02245,2026-01-01,21,20,947.810000,-0.045200,39,0.207300,0.798600,7,0.089400,3.913000
SYN-CUST-02704,2026-01-01,262,0,0.000000,0.170900,3,0.001000,0.420900,1,0.101500,3.527000
SYN-CUST-00875,2026-01-01,46,3,325.210000,0.201300,21,0.110700,0.302200,4,0.069200,3.890000
SYN-CUST-00621,2026-01-01,135,8,1542.740000,0.257300,3,0.062600,0.142300,7,0.074800,3.599000
SYN-CUST-02146,2026-01-01,33,8,607.240000,-0.069400,28,0.160500,0.842100,4,0.126900,3.690000
SYN-CUST-02856,2026-01-01,248,0,0.000000,0.119300,1,0.016800,0.405800,4,0.081800,3.116000
SYN-CUST-02852,2026-01-01,203,0,0.000000,0.154900,2,0.001600,0.462200,1,0.065400,3.282000
SYN-CUST-01341,2026-01-01,57,1,96.260000,0.198800,18,0.117800,0.287100,5,0.060900,4.444000
SYN-CUST-00005,2026-01-01,19,8,1294.020000,0.242700,39,0.153100,0.132100,7,0.025200,4.389000
SYN-CUST-02616,2026-01-01,267,0,0.000000,0.122400,2,0.005100,0.350800,2,0.087100,2.913000
SYN-CUST-00355,2026-01-01,17,13,2401.610000,0.284200,35,0.269200,0.128900,6,0.013900,4.467000
SYN-CUST-02315,2026-01-01,21,5,335.970000,-0.056100,23,0.157600,0.801500,4,0.119500,3.252000
SYN-CUST-01062,2026-01-01,37,3,258.270000,0.221200,33,0.083400,0.285600,7,0.037900,3.671000
SYN-CUST-01112,2026-01-01,33,3,354.260000,0.194800,29,0.122900,0.300700,5,0.077900,4.100000
SYN-CUST-00522,2026-01-01,149,6,1270.790000,0.261700,7,0.052300,0.203000,3,0.049600,3.687000
SYN-CUST-02174,2026-01-01,25,12,927.230000,-0.046300,34,0.149100,0.744600,3,0.173100,3.252000
SYN-CUST-00455,2026-01-01,164,4,579.970000,0.225800,8,0.053200,0.185300,4,0.034100,3.876000
SYN-CUST-02582,2026-01-01,264,2,104.500000,0.132300,3,0.023800,0.434900,1,0.102300,3.416000
SYN-CUST-00588,2026-01-01,154,10,1720.930000,0.282500,6,0.062200,0.200100,7,0.064600,3.703000
SYN-CUST-01103,2026-01-01,36,6,594.690000,0.245400,22,0.103400,0.319200,7,0.057700,4.151000
SYN-CUST-01510,2026-01-01,92,4,243.150000,0.172800,39,0.020100,0.223300,8,0.055100,3.846000
SYN-CUST-02059,2026-01-01,22,13,659.340000,-0.063000,29,0.126600,0.862200,2,0.118500,3.791000
SYN-CUST-00886,2026-01-01,42,2,152.500000,0.207700,31,0.089100,0.229000,6,0.066900,3.883000
SYN-CUST-01278,2026-01-01,52,5,410.190000,0.230100,18,0.114200,0.276000,4,0.054900,4.245000
SYN-CUST-00180,2026-01-01,15,10,1518.640000,0.232800,34,0.162700,0.134900,7,0.055800,4.278000
SYN-CUST-00184,2026-01-01,19,19,2774.950000,0.304500,39,0.174900,0.134100,6,0.030200,4.608000
SYN-CUST-01018,2026-01-01,42,8,806.320000,0.196500,23,0.118500,0.243400,6,0.055800,3.992000
SYN-CUST-01735,2026-01-01,82,1,72.540000,0.145600,52,0.007200,0.237600,6,0.034600,4.179000
SYN-CUST-00241,2026-01-01,21,11,1561.390000,0.213000,30,0.181100,0.133800,10,0.043900,4.570000
SYN-CUST-01492,2026-01-01,58,1,61.160000,0.149600,42,0.038400,0.134100,6,0.057100,4.178000
SYN-CUST-02980,2026-01-01,310,0,0.000000,0.146700,3,0.017700,0.466100,1,0.089900,3.320000
SYN-CUST-00835,2026-01-01,42,5,346.740000,0.204700,12,0.065900,0.280600,2,0.050800,4.083000
SYN-CUST-02498,2026-01-01,251,0,0.000000,0.167000,4,0.017200,0.394100,2,0.071200,3.125000
SYN-CUST-00568,2026-01-01,139,8,1223.370000,0.207600,11,0.068500,0.189000,6,0.062700,3.736000
SYN-CUST-01703,2026-01-01,84,0,0.000000,0.175200,35,0.027600,0.190800,6,0.040300,3.808000
SYN-CUST-00809,2026-01-01,156,10,1906.160000,0.276400,5,0.075400,0.200600,5,0.058100,3.742000
SYN-CUST-02986,2026-01-01,242,0,0.000000,0.147800,2,0.007100,0.406600,3,0.074300,3.228000
SYN-CUST-00244,2026-01-01,14,8,1067.930000,0.206900,41,0.231300,0.137800,8,0.025500,4.745000
SYN-CUST-01462,2026-01-01,41,3,339.820000,0.290300,29,0.108600,0.347000,8,0.065500,3.917000
SYN-CUST-00680,2026-01-01,127,4,593.960000,0.235300,3,0.074300,0.158400,4,0.046400,4.149000
SYN-CUST-00847,2026-01-01,35,0,0.000000,0.191900,10,0.107900,0.242100,7,0.057800,3.713000
SYN-CUST-00199,2026-01-01,16,8,1526.530000,0.315700,28,0.197600,0.147600,5,0.035400,4.864000
SYN-CUST-00921,2026-01-01,41,7,564.610000,0.235400,23,0.079700,0.265900,8,0.026900,4.360000
SYN-CUST-02431,2026-01-01,32,10,771.500000,-0.073300,36,0.134100,0.686800,4,0.155300,3.698000
SYN-CUST-02706,2026-01-01,219,2,101.070000,0.135400,2,0.009400,0.348300,2,0.126100,3.048000
SYN-CUST-00872,2026-01-01,44,2,213.450000,0.220800,27,0.107300,0.292400,7,0.053900,3.843000
SYN-CUST-00856,2026-01-01,42,2,174.720000,0.224900,29,0.072900,0.321700,7,0.048700,4.037000
SYN-CUST-02733,2026-01-01,298,1,54.040000,0.145400,1,0.015400,0.426100,1,0.077000,3.411000
SYN-CUST-01762,2026-01-01,108,0,0.000000,0.210300,62,0.028600,0.191100,8,0.042000,3.726000
SYN-CUST-02834,2026-01-01,254,1,43.790000,0.136200,1,0.023100,0.382800,2,0.084100,3.261000
SYN-CUST-02144,2026-01-01,19,4,203.780000,-0.050600,26,0.113500,0.763000,6,0.116500,3.171000
SYN-CUST-01210,2026-01-01,69,5,445.590000,0.258000,21,0.087800,0.257600,2,0.055100,3.789000
SYN-CUST-02319,2026-01-01,23,13,944.410000,-0.065600,43,0.126100,0.867200,7,0.147500,3.552000
SYN-CUST-01544,2026-01-01,66,2,214.260000,0.207700,42,0.034400,0.200200,5,0.048400,3.777000
SYN-CUST-02756,2026-01-01,251,0,0.000000,0.134700,1,0.015100,0.417600,4,0.035700,3.007000
SYN-CUST-00227,2026-01-01,23,14,2079.640000,0.255400,29,0.138300,0.135200,7,0.032600,4.389000
SYN-CUST-01481,2026-01-01,96,1,71.230000,0.192300,44,0.022900,0.174000,3,0.046200,3.893000
SYN-CUST-00836,2026-01-01,41,6,587.750000,0.176600,24,0.090500,0.270100,5,0.051300,4.040000
SYN-CUST-02270,2026-01-01,24,8,579.210000,-0.079600,22,0.141200,0.785100,3,0.120800,3.641000
SYN-CUST-01057,2026-01-01,35,1,105.270000,0.247400,23,0.074500,0.289200,6,0.057000,4.118000
SYN-CUST-02938,2026-01-01,262,1,50.520000,0.139200,0,0.000000,0.437700,1,0.093100,3.532000
SYN-CUST-00917,2026-01-01,48,4,319.320000,0.193700,36,0.065900,0.244400,2,0.045500,3.760000
SYN-CUST-01052,2026-01-01,39,2,192.010000,0.243000,21,0.110000,0.219500,8,0.058100,4.225000
SYN-CUST-02693,2026-01-01,226,1,52.690000,0.138400,2,0.003000,0.464700,2,0.068900,3.404000
SYN-CUST-02743,2026-01-01,275,2,105.600000,0.148700,2,0.011200,0.480100,2,0.075500,3.383000
SYN-CUST-00209,2026-01-01,19,14,1621.970000,0.268700,25,0.220500,0.145000,5,0.032900,4.303000
SYN-CUST-02467,2026-01-01,203,1,60.060000,0.165900,3,0.001000,0.425700,3,0.078800,3.244000
SYN-CUST-02212,2026-01-01,30,9,461.700000,-0.039200,30,0.147400,0.858400,3,0.141400,3.636000
SYN-CUST-00702,2026-01-01,131,7,1083.580000,0.209100,5,0.066700,0.243000,1,0.079600,3.815000
SYN-CUST-01008,2026-01-01,44,5,471.820000,0.272600,32,0.125800,0.277800,8,0.044100,4.129000
SYN-CUST-02698,2026-01-01,316,0,0.000000,0.146600,2,0.010100,0.472500,4,0.099800,3.178000
SYN-CUST-02224,2026-01-01,25,10,751.590000,-0.067000,38,0.216700,0.570000,5,0.100500,3.487000
SYN-CUST-02971,2026-01-01,201,0,0.000000,0.126200,4,0.001000,0.370500,1,0.067200,2.980000
SYN-CUST-01791,2026-01-01,73,2,158.990000,0.171000,57,0.021900,0.212200,4,0.034500,3.785000
SYN-CUST-01903,2026-01-01,80,0,0.000000,0.177400,63,0.041300,0.213200,7,0.054300,3.792000
SYN-CUST-02383,2026-01-01,20,5,336.480000,-0.063000,20,0.153600,0.760100,4,0.110600,3.865000
SYN-CUST-00991,2026-01-01,41,6,370.770000,0.213500,19,0.100200,0.233900,7,0.037900,4.188000
SYN-CUST-01213,2026-01-01,30,2,166.460000,0.172700,23,0.092000,0.270500,2,0.063300,4.362000
SYN-CUST-02524,2026-01-01,227,0,0.000000,0.150500,2,0.023300,0.370700,2,0.088400,3.156000
SYN-CUST-01480,2026-01-01,75,3,210.390000,0.209800,37,0.029100,0.197400,6,0.048000,3.340000
SYN-CUST-01951,2026-01-01,62,1,74.230000,0.193700,55,0.022800,0.198200,4,0.049600,3.875000
SYN-CUST-01242,2026-01-01,43,2,135.540000,0.222400,16,0.094600,0.293900,6,0.064000,4.257000
SYN-CUST-00520,2026-01-01,145,13,1691.090000,0.240000,7,0.060200,0.182000,5,0.054800,3.515000
SYN-CUST-01555,2026-01-01,98,1,72.270000,0.213000,45,0.013200,0.161600,6,0.051500,3.873000
SYN-CUST-02978,2026-01-01,282,1,58.620000,0.165200,2,0.008000,0.574100,3,0.096800,3.385000
SYN-CUST-02102,2026-01-01,28,5,298.840000,-0.055500,35,0.148300,0.828800,8,0.105400,3.621000
SYN-CUST-02725,2026-01-01,227,1,39.850000,0.138500,1,0.012700,0.382300,1,0.047900,3.542000
SYN-CUST-01812,2026-01-01,78,2,135.280000,0.167100,50,0.026700,0.199800,15,0.042800,3.986000
SYN-CUST-01119,2026-01-01,40,3,271.260000,0.194300,22,0.100400,0.271500,5,0.078700,3.831000
SYN-CUST-01876,2026-01-01,100,0,0.000000,0.188500,48,0.024900,0.228200,6,0.046900,3.979000
SYN-CUST-02373,2026-01-01,21,9,632.060000,-0.038700,28,0.154700,0.877500,4,0.131600,3.538000
SYN-CUST-02116,2026-01-01,23,6,337.080000,-0.072100,29,0.153000,0.688500,4,0.132000,3.540000
SYN-CUST-01438,2026-01-01,33,5,501.170000,0.234700,18,0.087100,0.217900,7,0.048000,4.260000
SYN-CUST-02342,2026-01-01,26,14,919.670000,-0.070200,18,0.128800,0.749200,2,0.151400,3.392000
SYN-CUST-02168,2026-01-01,27,7,404.990000,-0.062200,23,0.165400,0.838700,3,0.106600,3.591000
SYN-CUST-01417,2026-01-01,65,4,303.660000,0.255000,25,0.089700,0.278500,2,0.055300,4.147000
SYN-CUST-01363,2026-01-01,36,7,653.370000,0.206500,29,0.125500,0.256300,3,0.041800,4.431000
SYN-CUST-02460,2026-01-01,202,0,0.000000,0.149000,4,0.010100,0.472000,1,0.091500,3.115000
SYN-CUST-00266,2026-01-01,16,8,1269.910000,0.290800,35,0.197700,0.144200,8,0.032800,4.538000
SYN-CUST-01100,2026-01-01,50,3,249.930000,0.231400,26,0.082500,0.270700,6,0.052300,4.139000
SYN-CUST-01898,2026-01-01,59,0,0.000000,0.240400,33,0.026300,0.212000,7,0.045200,3.687000
SYN-CUST-02018,2026-01-01,30,7,453.890000,-0.050700,24,0.114100,0.735400,1,0.132200,3.314000
SYN-CUST-02659,2026-01-01,231,0,0.000000,0.137500,2,0.014400,0.440900,2,0.119400,3.592000
SYN-CUST-00581,2026-01-01,138,7,1277.510000,0.249500,6,0.064200,0.193000,3,0.066000,4.007000
SYN-CUST-00803,2026-01-01,183,9,1513.800000,0.181300,7,0.066100,0.127000,6,0.068300,3.906000
SYN-CUST-02886,2026-01-01,199,0,0.000000,0.119400,2,0.007800,0.499900,1,0.084600,3.246000
SYN-CUST-00575,2026-01-01,124,9,1152.660000,0.203300,5,0.074900,0.188100,6,0.079400,3.795000
SYN-CUST-00518,2026-01-01,140,10,1424.970000,0.246600,8,0.041700,0.190300,2,0.050500,3.709000
SYN-CUST-01342,2026-01-01,34,9,911.600000,0.223500,28,0.079800,0.236000,4,0.071600,3.962000
SYN-CUST-02357,2026-01-01,22,15,900.030000,-0.044200,19,0.146100,0.924500,3,0.141000,3.396000
SYN-CUST-02661,2026-01-01,233,1,42.430000,0.107300,5,0.027300,0.353200,1,0.090300,3.548000
SYN-CUST-00374,2026-01-01,21,10,1361.880000,0.308600,27,0.230700,0.163700,9,0.051100,4.714000
SYN-CUST-00484,2026-01-01,171,11,1903.360000,0.227400,6,0.057200,0.163600,3,0.068900,4.167000
SYN-CUST-00338,2026-01-01,16,12,2005.370000,0.334600,37,0.185000,0.117400,6,0.026000,4.942000
SYN-CUST-02125,2026-01-01,34,15,1110.570000,-0.057400,41,0.127100,0.759500,6,0.118900,3.663000
SYN-CUST-00017,2026-01-01,20,4,565.250000,0.251200,27,0.215300,0.162300,5,0.050400,4.704000
SYN-CUST-00405,2026-01-01,22,14,2173.860000,0.317700,40,0.119900,0.120700,2,0.042600,4.427000
SYN-CUST-01934,2026-01-01,63,0,0.000000,0.191800,44,0.022900,0.187900,7,0.046000,3.931000
SYN-CUST-01636,2026-01-01,97,2,112.360000,0.158800,39,0.018500,0.210300,5,0.061700,3.993000
SYN-CUST-02110,2026-01-01,25,9,588.330000,-0.061600,20,0.170500,0.731000,4,0.134900,3.352000
SYN-CUST-01709,2026-01-01,68,2,167.240000,0.204500,48,0.032300,0.217900,6,0.043500,4.121000
SYN-CUST-01471,2026-01-01,39,4,421.420000,0.203200,28,0.065800,0.297200,5,0.031900,3.854000
SYN-CUST-02969,2026-01-01,241,1,52.920000,0.147300,2,0.014000,0.445600,1,0.090700,3.111000
SYN-CUST-00766,2026-01-01,197,8,1404.530000,0.297800,10,0.062400,0.190700,1,0.064800,3.831000
SYN-CUST-00689,2026-01-01,119,12,2124.590000,0.243900,4,0.066400,0.162900,5,0.051100,3.548000
SYN-CUST-00993,2026-01-01,48,3,346.870000,0.215800,20,0.118000,0.264100,6,0.055200,4.464000
SYN-CUST-01591,2026-01-01,98,1,80.290000,0.158100,46,0.018400,0.201400,11,0.038700,3.661000
SYN-CUST-01047,2026-01-01,43,1,84.280000,0.256700,27,0.130200,0.215100,2,0.055300,4.014000
SYN-CUST-02092,2026-01-01,23,6,384.100000,-0.069400,25,0.143900,0.522300,6,0.176900,3.445000
SYN-CUST-02650,2026-01-01,197,0,0.000000,0.153300,1,0.002400,0.429500,1,0.075500,3.308000
SYN-CUST-00300,2026-01-01,20,19,3064.730000,0.259600,48,0.144400,0.165300,6,0.027500,4.845000
SYN-CUST-00250,2026-01-01,19,17,1728.760000,0.297400,30,0.143300,0.136800,6,0.044200,4.638000
SYN-CUST-02183,2026-01-01,27,8,449.530000,-0.060900,36,0.134900,0.726800,5,0.138000,3.562000
SYN-CUST-02933,2026-01-01,241,0,0.000000,0.144100,3,0.007500,0.376600,2,0.084500,3.321000
SYN-CUST-01536,2026-01-01,82,2,150.480000,0.168500,51,0.031000,0.146100,7,0.042800,4.153000
SYN-CUST-01764,2026-01-01,90,1,63.850000,0.249600,46,0.023900,0.177100,5,0.031500,3.471000
SYN-CUST-00395,2026-01-01,20,17,2163.980000,0.266700,37,0.210000,0.142200,7,0.040600,4.803000
SYN-CUST-02586,2026-01-01,271,1,51.200000,0.144700,3,0.017900,0.452600,1,0.043200,3.192000
SYN-CUST-01155,2026-01-01,46,4,333.530000,0.191700,22,0.109900,0.261800,1,0.054000,4.007000
SYN-CUST-01357,2026-01-01,31,2,113.760000,0.213200,22,0.086300,0.285900,2,0.068500,4.345000
SYN-CUST-00093,2026-01-01,23,15,2073.540000,0.261500,49,0.193100,0.150200,4,0.042400,4.517000
SYN-CUST-01612,2026-01-01,85,0,0.000000,0.175800,44,0.033000,0.218300,4,0.052100,3.895000
SYN-CUST-02658,2026-01-01,249,0,0.000000,0.147000,0,0.000000,0.301900,2,0.097700,3.383000
SYN-CUST-00267,2026-01-01,12,18,2783.470000,0.277200,45,0.175900,0.127600,3,0.040500,4.291000
SYN-CUST-01288,2026-01-01,43,6,673.740000,0.192300,19,0.094500,0.294300,4,0.061200,4.245000
SYN-CUST-01947,2026-01-01,82,0,0.000000,0.180700,42,0.029600,0.216500,4,0.054400,3.461000
SYN-CUST-02452,2026-01-01,303,0,0.000000,0.105300,3,0.011700,0.455700,3,0.088900,3.301000
SYN-CUST-01120,2026-01-01,40,3,339.230000,0.191900,20,0.109600,0.331600,5,0.081300,4.047000
SYN-CUST-02967,2026-01-01,242,0,0.000000,0.151500,2,0.012000,0.288700,5,0.091400,3.447000
SYN-CUST-00146,2026-01-01,16,21,2822.680000,0.258900,43,0.197600,0.141600,9,0.057800,4.870000
SYN-CUST-02408,2026-01-01,27,11,705.650000,-0.050800,25,0.158300,0.804400,1,0.102000,3.774000
SYN-CUST-00949,2026-01-01,41,2,145.840000,0.252700,22,0.094700,0.272500,4,0.089400,4.268000
SYN-CUST-02924,2026-01-01,227,2,85.560000,0.142400,5,0.001000,0.446500,3,0.039900,3.241000
SYN-CUST-00002,2026-01-01,18,11,1185.760000,0.310700,21,0.253500,0.137200,5,0.028100,4.819000
SYN-CUST-02771,2026-01-01,215,1,33.230000,0.147700,5,0.006800,0.411800,1,0.059600,3.296000
SYN-CUST-02724,2026-01-01,271,0,0.000000,0.133600,0,0.000000,0.425500,2,0.070700,3.398000
SYN-CUST-00988,2026-01-01,42,3,317.430000,0.231500,20,0.081000,0.269000,5,0.058000,3.620000
SYN-CUST-00950,2026-01-01,52,1,85.530000,0.211900,22,0.112200,0.309600,5,0.036200,4.018000
SYN-CUST-02738,2026-01-01,205,0,0.000000,0.117700,1,0.030100,0.421300,2,0.067300,3.277000
SYN-CUST-01409,2026-01-01,49,6,453.540000,0.200800,25,0.105600,0.267300,4,0.053400,4.180000
SYN-CUST-02961,2026-01-01,286,0,0.000000,0.152200,3,0.028000,0.326900,3,0.090000,3.269000
SYN-CUST-02056,2026-01-01,33,9,547.830000,-0.040300,22,0.180700,0.805400,2,0.149500,3.904000
SYN-CUST-01545,2026-01-01,91,1,85.240000,0.176900,41,0.023900,0.197600,5,0.041700,3.799000
SYN-CUST-01716,2026-01-01,71,0,0.000000,0.184200,42,0.029700,0.213100,7,0.045100,3.750000
SYN-CUST-02292,2026-01-01,25,6,231.760000,-0.062000,25,0.140400,0.684200,2,0.107800,3.547000
SYN-CUST-02907,2026-01-01,249,0,0.000000,0.144400,0,0.000000,0.395300,1,0.052000,3.398000
SYN-CUST-00933,2026-01-01,41,7,634.340000,0.192000,22,0.117200,0.303300,7,0.030000,4.120000
SYN-CUST-00973,2026-01-01,62,5,363.040000,0.167100,27,0.074200,0.254600,8,0.046100,4.000000
SYN-CUST-02223,2026-01-01,33,11,622.620000,-0.058700,24,0.131900,0.714300,6,0.136800,3.266000
SYN-CUST-00685,2026-01-01,136,12,1585.800000,0.286100,4,0.072500,0.202100,5,0.030200,3.931000
SYN-CUST-01220,2026-01-01,36,3,288.560000,0.253900,28,0.089700,0.295800,4,0.056400,4.008000
SYN-CUST-01234,2026-01-01,47,5,501.110000,0.251800,23,0.120200,0.252200,3,0.057600,4.152000
SYN-CUST-01745,2026-01-01,76,2,121.860000,0.209900,47,0.017200,0.183700,9,0.063000,3.650000
SYN-CUST-00665,2026-01-01,146,4,725.560000,0.221500,10,0.037200,0.168200,2,0.048500,4.011000
SYN-CUST-02337,2026-01-01,31,10,820.690000,-0.065000,13,0.158800,0.677600,6,0.100700,3.414000
SYN-CUST-02710,2026-01-01,284,0,0.000000,0.136600,1,0.009700,0.443900,1,0.094000,3.393000
SYN-CUST-01501,2026-01-01,74,0,0.000000,0.188500,27,0.027800,0.169300,4,0.061700,3.836000
SYN-CUST-00648,2026-01-01,149,7,1653.160000,0.256400,4,0.075800,0.173800,1,0.043200,3.768000
SYN-CUST-01315,2026-01-01,42,3,266.090000,0.205900,16,0.071900,0.226000,5,0.079100,4.104000
SYN-CUST-01097,2026-01-01,35,4,463.430000,0.199700,24,0.091200,0.314400,4,0.083600,4.206000
SYN-CUST-01659,2026-01-01,93,5,469.840000,0.200500,52,0.028500,0.251500,6,0.059500,3.814000
SYN-CUST-01491,2026-01-01,92,5,267.750000,0.191900,40,0.022200,0.216400,6,0.052900,4.140000
SYN-CUST-01844,2026-01-01,92,0,0.000000,0.181500,53,0.034800,0.215700,5,0.030000,3.828000
SYN-CUST-00487,2026-01-01,212,6,1281.630000,0.213600,9,0.055900,0.190400,8,0.061600,3.644000
SYN-CUST-01033,2026-01-01,38,3,217.670000,0.228300,20,0.080800,0.278400,7,0.076300,4.480000
SYN-CUST-00596,2026-01-01,181,12,2242.130000,0.236800,7,0.062000,0.204300,3,0.061700,4.003000
SYN-CUST-02648,2026-01-01,267,0,0.000000,0.154100,3,0.001000,0.397500,1,0.115400,3.371000
SYN-CUST-01525,2026-01-01,67,0,0.000000,0.195200,51,0.030300,0.195900,1,0.052900,4.041000
SYN-CUST-01558,2026-01-01,92,2,114.460000,0.201600,45,0.027800,0.204800,8,0.046400,3.828000
SYN-CUST-02379,2026-01-01,28,11,401.510000,-0.063600,47,0.181300,0.654200,2,0.106000,3.723000
SYN-CUST-00528,2026-01-01,154,5,1240.820000,0.235900,8,0.056600,0.189100,5,0.044000,3.749000
SYN-CUST-00420,2026-01-01,16,15,2008.990000,0.255300,26,0.176900,0.157000,5,0.021200,4.365000
SYN-CUST-02618,2026-01-01,263,1,42.690000,0.120500,2,0.001000,0.400800,3,0.105900,3.531000
SYN-CUST-02310,2026-01-01,23,8,666.220000,-0.069800,41,0.147500,0.842600,3,0.085600,3.588000
SYN-CUST-00101,2026-01-01,17,13,2768.050000,0.305400,32,0.230500,0.165200,5,0.044000,4.499000
SYN-CUST-00490,2026-01-01,153,8,1772.280000,0.252400,7,0.057500,0.192700,3,0.052500,3.935000
SYN-CUST-01483,2026-01-01,70,1,68.220000,0.239900,48,0.021500,0.185800,8,0.047700,3.653000
SYN-CUST-02657,2026-01-01,222,0,0.000000,0.130300,2,0.016600,0.355800,1,0.074100,3.301000
SYN-CUST-02322,2026-01-01,21,8,610.850000,-0.059900,25,0.128100,0.755700,2,0.103600,3.722000
SYN-CUST-00021,2026-01-01,17,11,1523.060000,0.293800,51,0.199200,0.120500,10,0.026800,4.528000
SYN-CUST-02919,2026-01-01,198,0,0.000000,0.138400,1,0.007300,0.524300,1,0.102200,3.381000
SYN-CUST-01254,2026-01-01,28,4,512.600000,0.224100,13,0.103500,0.232500,5,0.056500,3.692000
SYN-CUST-00012,2026-01-01,22,14,2969.490000,0.290800,33,0.236200,0.136400,11,0.040200,4.208000
SYN-CUST-00431,2026-01-01,18,18,2297.100000,0.268500,28,0.152700,0.134100,5,0.036800,4.639000
SYN-CUST-01581,2026-01-01,71,1,60.170000,0.225800,37,0.030700,0.185700,5,0.040800,3.707000
SYN-CUST-01489,2026-01-01,93,0,0.000000,0.164000,51,0.018700,0.206000,8,0.039500,3.815000
SYN-CUST-00679,2026-01-01,134,9,1719.250000,0.255100,9,0.061600,0.171100,7,0.028000,3.728000
SYN-CUST-01756,2026-01-01,70,4,326.660000,0.210400,51,0.051200,0.169100,7,0.037200,3.552000
SYN-CUST-01815,2026-01-01,93,0,0.000000,0.195000,32,0.026800,0.195700,9,0.057600,3.531000
SYN-CUST-00577,2026-01-01,157,4,645.520000,0.270200,5,0.077700,0.135700,1,0.065900,3.695000
SYN-CUST-00343,2026-01-01,18,15,2370.850000,0.327400,29,0.129600,0.160800,3,0.016600,4.542000
SYN-CUST-00633,2026-01-01,115,9,1464.210000,0.238700,11,0.061800,0.177200,2,0.057100,3.864000
SYN-CUST-02080,2026-01-01,31,12,787.080000,-0.058000,26,0.113900,0.611100,4,0.082400,3.481000
SYN-CUST-02560,2026-01-01,300,1,40.020000,0.114400,3,0.001000,0.419100,1,0.095600,3.477000
SYN-CUST-02404,2026-01-01,31,6,390.110000,-0.058000,34,0.161700,0.833000,3,0.085800,3.364000
SYN-CUST-00108,2026-01-01,16,14,2011.820000,0.271100,32,0.199900,0.136200,3,0.047500,4.663000
SYN-CUST-02587,2026-01-01,280,0,0.000000,0.136700,2,0.029000,0.439100,3,0.035900,3.628000
SYN-CUST-00969,2026-01-01,39,3,239.380000,0.217200,17,0.090000,0.273200,4,0.041800,4.240000
SYN-CUST-01086,2026-01-01,49,10,863.860000,0.265800,30,0.129200,0.266500,5,0.053000,4.172000
SYN-CUST-02057,2026-01-01,23,12,603.040000,-0.047500,26,0.179500,0.703600,1,0.163400,3.649000
SYN-CUST-00939,2026-01-01,42,4,351.570000,0.231800,21,0.104300,0.219700,4,0.065000,4.146000
SYN-CUST-02301,2026-01-01,35,11,434.470000,-0.074000,46,0.173800,0.803500,5,0.116900,3.505000
SYN-CUST-02486,2026-01-01,228,2,117.160000,0.155600,8,0.001000,0.313300,1,0.103100,3.521000
SYN-CUST-00191,2026-01-01,21,12,2357.760000,0.282200,20,0.101400,0.143600,6,0.039000,4.643000
SYN-CUST-02974,2026-01-01,286,1,73.440000,0.133600,4,0.011600,0.456100,4,0.102500,3.309000
SYN-CUST-01038,2026-01-01,47,5,388.360000,0.230900,12,0.083500,0.283100,3,0.078700,4.048000
SYN-CUST-00626,2026-01-01,177,10,2036.940000,0.274200,7,0.076800,0.176900,5,0.051700,3.961000
SYN-CUST-01579,2026-01-01,78,2,127.380000,0.172800,50,0.041500,0.187400,5,0.040800,4.019000
SYN-CUST-00109,2026-01-01,12,17,2050.800000,0.325800,30,0.210600,0.141600,7,0.014700,4.609000
SYN-CUST-01880,2026-01-01,92,3,194.930000,0.228200,47,0.022400,0.146900,12,0.057700,3.891000
SYN-CUST-02251,2026-01-01,25,11,912.530000,-0.073200,26,0.144400,0.769300,3,0.113100,3.470000
SYN-CUST-00370,2026-01-01,20,12,2326.050000,0.254100,25,0.204700,0.114400,5,0.038700,4.338000
SYN-CUST-02078,2026-01-01,37,20,1536.480000,-0.059100,38,0.161300,0.746000,3,0.124800,3.657000
SYN-CUST-00061,2026-01-01,20,6,1054.540000,0.228900,31,0.204800,0.137100,8,0.033500,4.258000
SYN-CUST-01183,2026-01-01,71,4,392.090000,0.211100,25,0.087500,0.240200,6,0.046900,4.087000
SYN-CUST-00130,2026-01-01,20,10,2015.630000,0.291800,22,0.148400,0.127300,7,0.032300,4.503000
SYN-CUST-00976,2026-01-01,40,2,214.790000,0.209400,18,0.136000,0.294400,4,0.054200,4.234000
SYN-CUST-02462,2026-01-01,266,0,0.000000,0.149600,2,0.001000,0.429600,1,0.095200,3.203000
SYN-CUST-02497,2026-01-01,234,0,0.000000,0.145000,4,0.001000,0.459700,1,0.098100,3.548000
SYN-CUST-00592,2026-01-01,185,9,1757.650000,0.208800,6,0.061000,0.155300,9,0.061300,3.576000
SYN-CUST-02213,2026-01-01,21,11,910.350000,-0.068400,30,0.160100,0.815800,4,0.122800,3.339000
SYN-CUST-02328,2026-01-01,27,5,212.450000,-0.061100,19,0.142900,0.862900,6,0.133000,3.339000
SYN-CUST-02062,2026-01-01,27,7,432.670000,-0.057500,27,0.167200,0.664400,3,0.113000,3.570000
SYN-CUST-00765,2026-01-01,132,14,2529.630000,0.222900,12,0.071600,0.200200,4,0.063900,3.826000
SYN-CUST-01311,2026-01-01,47,4,391.550000,0.204300,29,0.112600,0.351900,4,0.041200,4.046000
SYN-CUST-01377,2026-01-01,41,7,781.660000,0.245400,26,0.118100,0.323300,6,0.056900,4.252000
SYN-CUST-01209,2026-01-01,36,4,296.240000,0.205900,34,0.111200,0.242600,4,0.065500,4.096000
SYN-CUST-02118,2026-01-01,26,11,735.620000,-0.058500,43,0.156200,0.719200,4,0.110900,3.481000
SYN-CUST-00134,2026-01-01,15,9,1412.860000,0.293000,26,0.208600,0.135100,2,0.034400,4.509000
SYN-CUST-02683,2026-01-01,220,0,0.000000,0.127100,1,0.001000,0.394200,1,0.098200,3.332000
SYN-CUST-00774,2026-01-01,186,11,2351.770000,0.247800,11,0.053200,0.201200,5,0.049300,3.837000
SYN-CUST-00978,2026-01-01,28,1,116.460000,0.269000,22,0.096000,0.287300,7,0.062200,4.092000
SYN-CUST-01584,2026-01-01,109,1,76.770000,0.180800,28,0.042400,0.197400,3,0.054900,4.082000
SYN-CUST-00639,2026-01-01,133,7,1069.730000,0.260200,8,0.063400,0.190600,4,0.067600,3.642000
SYN-CUST-00291,2026-01-01,17,13,2098.540000,0.261900,26,0.150300,0.150100,7,0.035900,4.419000
SYN-CUST-00145,2026-01-01,18,14,2345.810000,0.248600,29,0.221400,0.140100,9,0.042800,4.791000
SYN-CUST-02946,2026-01-01,284,0,0.000000,0.140000,4,0.004500,0.403700,2,0.083800,3.349000
SYN-CUST-02851,2026-01-01,258,1,72.410000,0.132700,3,0.010100,0.312900,3,0.083100,3.588000
SYN-CUST-01307,2026-01-01,41,4,382.920000,0.226200,39,0.099200,0.230700,6,0.059500,4.176000
SYN-CUST-02826,2026-01-01,242,0,0.000000,0.113800,4,0.029000,0.384600,1,0.064800,3.270000
SYN-CUST-02508,2026-01-01,158,1,44.090000,0.143900,1,0.006000,0.367800,2,0.116700,3.280000
SYN-CUST-02959,2026-01-01,267,3,112.360000,0.139300,1,0.011700,0.372000,3,0.074300,3.260000
SYN-CUST-01804,2026-01-01,103,1,57.930000,0.186400,40,0.032900,0.232100,13,0.048200,3.884000
SYN-CUST-02983,2026-01-01,209,0,0.000000,0.147300,3,0.006100,0.399400,3,0.116200,3.213000
SYN-CUST-02906,2026-01-01,316,1,62.870000,0.112700,1,0.019500,0.366500,2,0.088000,3.079000
SYN-CUST-02325,2026-01-01,30,10,451.610000,-0.054900,20,0.138200,0.801900,3,0.113100,3.407000
SYN-CUST-00751,2026-01-01,124,9,1775.420000,0.189800,8,0.069600,0.202100,1,0.041800,4.011000
SYN-CUST-01387,2026-01-01,54,4,377.860000,0.213300,20,0.079200,0.316000,6,0.059000,3.893000
SYN-CUST-02792,2026-01-01,241,1,49.500000,0.149400,0,0.000000,0.409000,1,0.111800,3.209000
SYN-CUST-01878,2026-01-01,109,1,69.300000,0.202900,48,0.039500,0.222900,10,0.053000,3.734000
SYN-CUST-00550,2026-01-01,144,6,1065.330000,0.269200,5,0.045400,0.180200,7,0.078600,3.850000
SYN-CUST-01104,2026-01-01,33,2,161.100000,0.223800,30,0.093300,0.288300,7,0.068400,4.182000
SYN-CUST-01675,2026-01-01,54,0,0.000000,0.182600,35,0.017400,0.171300,8,0.035700,3.892000
SYN-CUST-00238,2026-01-01,17,11,1524.400000,0.255200,26,0.147000,0.176800,9,0.037400,4.988000
SYN-CUST-01674,2026-01-01,98,3,247.250000,0.204400,47,0.029000,0.179300,11,0.053800,3.981000
SYN-CUST-00360,2026-01-01,18,11,1902.060000,0.260600,28,0.169800,0.144700,7,0.053500,4.475000
SYN-CUST-01204,2026-01-01,63,1,130.300000,0.260600,25,0.093900,0.279500,1,0.078700,4.138000
SYN-CUST-02847,2026-01-01,283,1,38.400000,0.135300,2,0.032500,0.487400,1,0.073300,3.285000
SYN-CUST-02952,2026-01-01,279,1,50.560000,0.143500,2,0.001800,0.413500,3,0.069100,3.594000
SYN-CUST-01436,2026-01-01,37,4,425.150000,0.225400,25,0.097900,0.229400,6,0.051500,3.867000
SYN-CUST-00811,2026-01-01,119,5,1113.490000,0.222400,7,0.070800,0.188300,2,0.065800,3.843000
SYN-CUST-00757,2026-01-01,140,11,2285.660000,0.217700,8,0.074400,0.211400,5,0.045000,3.941000
SYN-CUST-01328,2026-01-01,39,5,427.170000,0.258800,26,0.099400,0.273600,10,0.054600,3.845000
SYN-CUST-00974,2026-01-01,30,1,107.410000,0.201100,31,0.128600,0.250600,9,0.053100,4.200000
SYN-CUST-02503,2026-01-01,216,1,35.580000,0.150000,2,0.010800,0.452700,2,0.082800,3.367000
SYN-CUST-02833,2026-01-01,292,1,40.880000,0.147000,3,0.024200,0.461200,2,0.093200,3.404000
SYN-CUST-01418,2026-01-01,40,5,408.350000,0.228800,28,0.137900,0.262400,12,0.066000,4.315000
SYN-CUST-00140,2026-01-01,13,5,840.630000,0.268500,25,0.220900,0.134600,5,0.056400,4.488000
SYN-CUST-02591,2026-01-01,273,1,35.120000,0.125400,3,0.019600,0.467200,2,0.088200,3.201000
SYN-CUST-01339,2026-01-01,35,4,366.770000,0.197800,12,0.069900,0.288900,7,0.117100,3.667000
SYN-CUST-02633,2026-01-01,283,0,0.000000,0.133300,1,0.009600,0.451900,2,0.045300,3.440000
SYN-CUST-02996,2026-01-01,205,1,34.410000,0.185500,6,0.014600,0.443600,1,0.051200,3.410000
SYN-CUST-01189,2026-01-01,30,5,457.280000,0.207400,32,0.079100,0.291100,11,0.059000,3.919000
SYN-CUST-00201,2026-01-01,19,13,1320.990000,0.233000,34,0.136200,0.123000,7,0.032800,5.000000
SYN-CUST-00141,2026-01-01,18,16,2288.790000,0.201800,36,0.229300,0.129600,5,0.028100,4.524000
SYN-CUST-01461,2026-01-01,50,3,327.450000,0.200100,22,0.090300,0.262200,7,0.076400,3.769000
SYN-CUST-01154,2026-01-01,29,2,172.640000,0.246400,17,0.098300,0.293900,5,0.052000,3.580000
SYN-CUST-00443,2026-01-01,18,18,4051.570000,0.320400,42,0.153300,0.132500,11,0.040300,4.488000
SYN-CUST-00310,2026-01-01,21,10,1707.390000,0.244500,23,0.136100,0.163500,7,0.040400,4.418000
SYN-CUST-01494,2026-01-01,83,1,54.530000,0.184000,46,0.030500,0.186300,13,0.049600,3.782000
SYN-CUST-01031,2026-01-01,40,0,0.000000,0.190300,18,0.097300,0.289200,6,0.044700,4.421000
SYN-CUST-00440,2026-01-01,17,9,1642.080000,0.245000,30,0.238300,0.147100,6,0.042400,4.612000
SYN-CUST-02330,2026-01-01,24,9,532.530000,-0.067800,31,0.118200,0.741000,2,0.125600,3.604000
SYN-CUST-01594,2026-01-01,79,1,82.500000,0.172200,34,0.031200,0.204300,5,0.047700,3.819000
SYN-CUST-00963,2026-01-01,52,2,177.970000,0.233700,25,0.146600,0.276500,7,0.070100,4.002000
SYN-CUST-01771,2026-01-01,95,0,0.000000,0.205200,55,0.015700,0.207800,5,0.044500,4.211000
SYN-CUST-02099,2026-01-01,22,5,275.080000,-0.058300,15,0.176500,0.751300,3,0.081300,3.731000
SYN-CUST-00057,2026-01-01,19,8,1583.860000,0.269700,26,0.231200,0.160200,6,0.038100,4.660000
SYN-CUST-00569,2026-01-01,182,12,2337.140000,0.251400,5,0.052700,0.190500,3,0.079200,3.677000
SYN-CUST-01578,2026-01-01,104,0,0.000000,0.198900,39,0.027800,0.196200,2,0.044500,3.686000
SYN-CUST-02275,2026-01-01,22,4,246.180000,-0.059700,23,0.083500,0.934800,2,0.129900,3.332000
SYN-CUST-01729,2026-01-01,112,3,189.160000,0.167400,61,0.023800,0.188100,8,0.046800,3.855000
SYN-CUST-02206,2026-01-01,30,11,412.380000,-0.039400,27,0.181200,0.915300,2,0.098000,3.396000
SYN-CUST-02878,2026-01-01,169,1,46.020000,0.124700,3,0.012200,0.408300,1,0.074700,3.126000
SYN-CUST-00478,2026-01-01,161,14,2262.700000,0.277300,6,0.072000,0.172400,2,0.069700,3.672000
SYN-CUST-00788,2026-01-01,141,6,868.060000,0.245300,4,0.069400,0.191400,5,0.073600,3.870000
SYN-CUST-02530,2026-01-01,273,0,0.000000,0.144800,3,0.004300,0.479900,1,0.096600,3.081000
SYN-CUST-00274,2026-01-01,26,9,1398.690000,0.189000,25,0.235300,0.137800,10,0.017000,4.334000
SYN-CUST-01172,2026-01-01,39,6,509.660000,0.185000,19,0.093300,0.222300,5,0.058100,4.035000
SYN-CUST-02138,2026-01-01,26,7,536.610000,-0.042000,25,0.129400,0.854200,5,0.137800,3.247000
SYN-CUST-01726,2026-01-01,99,0,0.000000,0.215500,51,0.029400,0.212200,4,0.045100,4.170000
SYN-CUST-01862,2026-01-01,105,0,0.000000,0.208400,35,0.013200,0.185700,7,0.043700,3.846000
SYN-CUST-01999,2026-01-01,106,4,378.440000,0.192700,45,0.026500,0.152400,7,0.047500,3.942000
SYN-CUST-02173,2026-01-01,29,7,511.070000,-0.053100,26,0.109000,0.811700,4,0.147000,3.404000
SYN-CUST-01834,2026-01-01,67,2,210.410000,0.191400,46,0.029200,0.203000,10,0.055500,4.027000
SYN-CUST-00024,2026-01-01,17,11,1975.020000,0.304900,13,0.197100,0.128700,4,0.033100,4.393000
SYN-CUST-01131,2026-01-01,40,7,782.910000,0.220400,26,0.098600,0.273900,7,0.058900,3.753000
SYN-CUST-02703,2026-01-01,209,0,0.000000,0.139400,1,0.001000,0.389400,1,0.097500,3.281000
SYN-CUST-00151,2026-01-01,24,16,2260.170000,0.269100,36,0.200500,0.132600,7,0.031300,4.648000
SYN-CUST-02925,2026-01-01,361,0,0.000000,0.139800,1,0.009300,0.419500,1,0.082200,3.373000
SYN-CUST-01390,2026-01-01,40,4,411.380000,0.203500,30,0.085500,0.280400,7,0.072500,3.860000
SYN-CUST-00094,2026-01-01,18,24,4077.210000,0.240700,43,0.125000,0.126800,8,0.045700,4.742000
SYN-CUST-01413,2026-01-01,29,5,664.000000,0.221200,22,0.074500,0.292400,7,0.050400,3.884000
SYN-CUST-01611,2026-01-01,94,2,121.050000,0.221900,63,0.028000,0.203100,3,0.053800,4.050000
SYN-CUST-00333,2026-01-01,20,12,1718.940000,0.240500,34,0.158300,0.132000,7,0.035200,4.809000
SYN-CUST-01169,2026-01-01,44,4,261.240000,0.231800,20,0.124300,0.264400,6,0.053100,4.312000
SYN-CUST-01769,2026-01-01,76,1,74.670000,0.194200,53,0.010600,0.193400,7,0.034700,3.595000
SYN-CUST-00175,2026-01-01,16,9,1939.710000,0.247700,25,0.202400,0.176600,9,0.035300,4.400000
SYN-CUST-00027,2026-01-01,20,13,1841.320000,0.271100,27,0.175400,0.152900,7,0.036600,4.390000
SYN-CUST-00752,2026-01-01,127,7,1281.150000,0.230200,6,0.067700,0.179800,3,0.048900,3.688000
SYN-CUST-00912,2026-01-01,34,2,193.880000,0.247600,18,0.109500,0.294500,9,0.072800,4.142000
SYN-CUST-00152,2026-01-01,19,15,2165.160000,0.245100,31,0.224700,0.166100,8,0.028400,4.425000
SYN-CUST-01354,2026-01-01,53,5,494.610000,0.221200,22,0.090100,0.309000,6,0.057700,3.984000
SYN-CUST-00723,2026-01-01,110,7,1696.270000,0.249200,8,0.076300,0.187200,5,0.057600,3.817000
SYN-CUST-02964,2026-01-01,224,1,39.930000,0.138100,3,0.023000,0.434900,4,0.086100,3.106000
SYN-CUST-02988,2026-01-01,225,1,37.070000,0.132900,3,0.009900,0.419300,4,0.088400,3.589000
SYN-CUST-01464,2026-01-01,47,3,240.830000,0.248600,38,0.083300,0.285400,9,0.041500,4.113000
SYN-CUST-02355,2026-01-01,25,11,554.030000,-0.061600,32,0.105400,0.805900,9,0.072500,3.627000
SYN-CUST-01906,2026-01-01,81,2,177.600000,0.199600,52,0.016400,0.209200,10,0.023900,3.739000
SYN-CUST-02678,2026-01-01,273,0,0.000000,0.152600,1,0.011400,0.450300,1,0.117300,3.121000
SYN-CUST-02682,2026-01-01,321,0,0.000000,0.120200,1,0.001000,0.474600,2,0.078900,3.120000
SYN-CUST-02709,2026-01-01,287,0,0.000000,0.121100,0,0.000000,0.442000,1,0.079400,3.529000
SYN-CUST-00447,2026-01-01,22,13,1947.060000,0.319800,21,0.187700,0.115000,4,0.044500,4.700000
SYN-CUST-01405,2026-01-01,46,5,438.630000,0.277000,15,0.102600,0.288400,6,0.060400,4.137000
SYN-CUST-00078,2026-01-01,22,18,3256.530000,0.218200,51,0.163600,0.157900,6,0.044700,4.617000
SYN-CUST-02768,2026-01-01,275,1,44.030000,0.152300,5,0.001000,0.445700,2,0.093500,3.202000
SYN-CUST-01773,2026-01-01,96,0,0.000000,0.176500,32,0.014100,0.183900,8,0.038500,3.866000
SYN-CUST-01929,2026-01-01,106,1,74.040000,0.149800,56,0.025600,0.184600,5,0.054500,3.775000
SYN-CUST-02786,2026-01-01,365,0,0.000000,0.118800,2,0.001000,0.334000,1,0.106200,3.343000
SYN-CUST-00590,2026-01-01,183,8,1123.330000,0.294500,4,0.051100,0.146100,4,0.071200,3.795000
SYN-CUST-01511,2026-01-01,98,2,175.000000,0.179700,60,0.034500,0.209500,4,0.050800,3.961000
SYN-CUST-02799,2026-01-01,304,1,45.550000,0.119500,5,0.006500,0.399600,1,0.101700,3.177000
SYN-CUST-00466,2026-01-01,121,10,2111.160000,0.188700,9,0.065400,0.157800,3,0.034800,3.708000
SYN-CUST-00664,2026-01-01,152,10,2083.590000,0.239100,7,0.067400,0.132500,4,0.058700,3.567000
SYN-CUST-01976,2026-01-01,76,0,0.000000,0.204200,44,0.032000,0.225600,7,0.038500,3.828000
SYN-CUST-00537,2026-01-01,108,3,482.280000,0.249700,4,0.076600,0.172000,6,0.051900,3.667000
SYN-CUST-02569,2026-01-01,247,0,0.000000,0.110300,2,0.009600,0.425700,1,0.076500,3.320000
SYN-CUST-01585,2026-01-01,86,1,65.460000,0.205900,44,0.045700,0.218200,4,0.035500,4.322000
SYN-CUST-01230,2026-01-01,47,2,185.450000,0.184700,20,0.101700,0.228200,8,0.059800,4.061000
SYN-CUST-00058,2026-01-01,20,11,1397.590000,0.332000,19,0.175700,0.141300,4,0.022100,4.944000
SYN-CUST-00613,2026-01-01,126,4,963.090000,0.234900,7,0.039600,0.175600,2,0.041900,3.504000
SYN-CUST-02522,2026-01-01,234,0,0.000000,0.159900,5,0.011300,0.354400,3,0.100300,3.112000
SYN-CUST-00353,2026-01-01,18,17,2479.100000,0.329000,25,0.195600,0.151800,4,0.035600,4.384000
SYN-CUST-01216,2026-01-01,47,4,353.230000,0.208100,16,0.119300,0.296300,7,0.052000,3.966000
SYN-CUST-01039,2026-01-01,28,3,307.470000,0.169800,25,0.084000,0.325100,7,0.053700,3.888000
SYN-CUST-00155,2026-01-01,17,18,3123.940000,0.256400,20,0.135200,0.181600,7,0.030300,4.543000
SYN-CUST-00544,2026-01-01,143,7,1306.860000,0.246400,5,0.041100,0.213300,3,0.070500,3.916000
SYN-CUST-02191,2026-01-01,26,20,1522.870000,-0.061300,33,0.146800,0.690100,7,0.093600,3.610000
SYN-CUST-00303,2026-01-01,22,13,1661.590000,0.292700,30,0.139400,0.136700,2,0.045900,4.505000
SYN-CUST-00087,2026-01-01,18,15,2204.170000,0.276600,31,0.186300,0.146500,11,0.038600,4.826000
SYN-CUST-00031,2026-01-01,20,22,3402.530000,0.237500,38,0.166600,0.150600,10,0.029000,4.158000
SYN-CUST-01698,2026-01-01,77,0,0.000000,0.189900,32,0.012000,0.186900,7,0.049700,3.745000
SYN-CUST-02757,2026-01-01,329,0,0.000000,0.151700,1,0.022600,0.410200,2,0.070100,2.960000
SYN-CUST-00986,2026-01-01,27,6,613.730000,0.256600,25,0.101800,0.315500,10,0.051900,4.023000
SYN-CUST-01386,2026-01-01,50,1,115.720000,0.226200,29,0.084300,0.303900,9,0.070700,3.924000
SYN-CUST-01435,2026-01-01,33,0,0.000000,0.179000,23,0.096400,0.284000,5,0.055900,4.201000
SYN-CUST-01051,2026-01-01,42,3,222.480000,0.268500,26,0.103000,0.334300,4,0.065300,4.126000
SYN-CUST-00615,2026-01-01,172,5,884.770000,0.262200,10,0.053100,0.184400,3,0.045000,3.780000
SYN-CUST-00563,2026-01-01,153,8,1740.330000,0.224300,5,0.060400,0.184600,6,0.056400,3.453000
SYN-CUST-02317,2026-01-01,25,12,725.740000,-0.053300,22,0.130400,0.732800,4,0.145700,3.653000
SYN-CUST-01669,2026-01-01,53,2,143.470000,0.210800,46,0.014700,0.230400,5,0.045000,3.873000
SYN-CUST-00081,2026-01-01,24,15,2513.850000,0.265400,33,0.193800,0.148500,7,0.035300,4.529000
SYN-CUST-02225,2026-01-01,31,19,1062.090000,-0.058700,26,0.174000,0.649500,3,0.120100,3.417000
SYN-CUST-01373,2026-01-01,53,3,275.650000,0.222700,23,0.080900,0.379400,2,0.029500,3.895000
SYN-CUST-01561,2026-01-01,71,3,189.220000,0.166300,37,0.041200,0.175100,4,0.053300,4.221000
SYN-CUST-00676,2026-01-01,154,8,1568.480000,0.301700,5,0.067700,0.176300,3,0.048200,3.885000
SYN-CUST-00977,2026-01-01,38,4,412.510000,0.258000,15,0.123600,0.267500,5,0.040000,4.112000
SYN-CUST-00562,2026-01-01,162,5,845.540000,0.220700,10,0.061300,0.184000,3,0.054800,3.943000
SYN-CUST-01264,2026-01-01,33,2,218.630000,0.215300,24,0.066400,0.325400,2,0.053700,4.137000
SYN-CUST-00290,2026-01-01,13,10,1734.990000,0.286500,27,0.182500,0.143200,5,0.024400,4.445000
SYN-CUST-00449,2026-01-01,23,9,1796.290000,0.234200,31,0.161600,0.147100,9,0.043500,4.707000
SYN-CUST-01245,2026-01-01,51,2,215.240000,0.240500,29,0.077200,0.230200,6,0.078500,4.020000
SYN-CUST-00756,2026-01-01,140,5,948.810000,0.260700,5,0.063600,0.166800,5,0.039800,3.393000
SYN-CUST-00870,2026-01-01,35,5,488.660000,0.206000,23,0.124400,0.207700,1,0.045000,4.074000
SYN-CUST-02426,2026-01-01,23,8,495.040000,-0.078300,35,0.118300,0.892500,1,0.117500,3.733000
SYN-CUST-01369,2026-01-01,40,2,216.830000,0.184600,16,0.081800,0.279700,5,0.056500,3.963000
SYN-CUST-02171,2026-01-01,26,12,871.330000,-0.050200,23,0.129400,0.810300,4,0.134000,3.474000
SYN-CUST-00150,2026-01-01,24,19,2442.120000,0.267800,37,0.144800,0.139900,5,0.051200,4.795000
SYN-CUST-00436,2026-01-01,16,13,1865.950000,0.271000,26,0.138900,0.145900,6,0.040600,4.195000
SYN-CUST-01530,2026-01-01,93,1,76.450000,0.219500,41,0.027900,0.214900,5,0.040000,3.759000
SYN-CUST-01127,2026-01-01,38,4,429.330000,0.192800,35,0.102800,0.262600,7,0.052400,3.966000
SYN-CUST-01711,2026-01-01,71,3,300.870000,0.166700,43,0.018000,0.151800,9,0.044000,3.659000
SYN-CUST-00880,2026-01-01,43,8,882.380000,0.229800,31,0.126400,0.312100,3,0.063700,3.818000
SYN-CUST-01229,2026-01-01,37,7,509.720000,0.198900,26,0.124500,0.266700,5,0.064200,4.221000
SYN-CUST-01139,2026-01-01,47,5,456.620000,0.187700,24,0.130100,0.229800,2,0.086500,4.258000
SYN-CUST-01517,2026-01-01,75,4,233.590000,0.197600,48,0.027000,0.189500,5,0.043200,3.383000
SYN-CUST-01344,2026-01-01,44,6,518.310000,0.246900,27,0.083300,0.257800,7,0.051300,4.023000
SYN-CUST-02930,2026-01-01,314,0,0.000000,0.172200,2,0.023700,0.392600,1,0.092900,3.338000
SYN-CUST-00985,2026-01-01,40,4,339.700000,0.239600,21,0.121600,0.294200,5,0.066200,3.818000
SYN-CUST-01793,2026-01-01,110,0,0.000000,0.196700,54,0.034700,0.216800,7,0.056900,3.780000
SYN-CUST-01320,2026-01-01,38,2,179.050000,0.212300,23,0.071900,0.247100,4,0.060200,3.901000
SYN-CUST-02360,2026-01-01,29,10,594.940000,-0.086500,27,0.074900,0.832900,4,0.143800,3.348000
SYN-CUST-00208,2026-01-01,16,18,2616.500000,0.256000,30,0.130700,0.109700,6,0.040800,4.875000
SYN-CUST-00820,2026-01-01,123,11,1876.090000,0.246000,12,0.044700,0.205500,4,0.082000,3.949000
SYN-CUST-00425,2026-01-01,13,14,2494.160000,0.257400,32,0.140300,0.159500,6,0.030400,4.329000
SYN-CUST-01733,2026-01-01,81,1,68.180000,0.194000,60,0.023200,0.217600,4,0.035000,3.910000
SYN-CUST-02572,2026-01-01,219,0,0.000000,0.141100,3,0.001000,0.358800,3,0.089800,3.283000
SYN-CUST-01314,2026-01-01,53,7,506.070000,0.278200,31,0.095700,0.287800,4,0.077200,4.089000
SYN-CUST-02028,2026-01-01,33,14,507.850000,-0.078400,36,0.137300,0.827100,2,0.109200,3.234000
SYN-CUST-01195,2026-01-01,30,3,252.740000,0.217500,23,0.111800,0.276100,8,0.056600,4.058000
SYN-CUST-02815,2026-01-01,315,0,0.000000,0.174300,2,0.030700,0.493500,2,0.098900,3.219000
SYN-CUST-00095,2026-01-01,17,19,2233.070000,0.276400,40,0.184800,0.120400,4,0.039600,4.434000
SYN-CUST-02755,2026-01-01,322,2,98.860000,0.136200,0,0.000000,0.464000,3,0.131000,3.343000
SYN-CUST-02154,2026-01-01,25,7,419.400000,-0.052900,24,0.155900,0.545300,5,0.113400,3.700000
SYN-CUST-01317,2026-01-01,35,4,468.350000,0.241300,23,0.096700,0.263800,5,0.054400,4.129000
SYN-CUST-01343,2026-01-01,52,4,375.960000,0.210100,26,0.141800,0.282600,5,0.070300,4.288000
SYN-CUST-02566,2026-01-01,255,0,0.000000,0.111800,4,0.021100,0.370200,1,0.079100,3.540000
SYN-CUST-02882,2026-01-01,231,1,50.010000,0.130500,0,0.000000,0.454600,3,0.081200,3.129000
SYN-CUST-00699,2026-01-01,149,5,988.780000,0.206600,6,0.057300,0.201000,1,0.057800,3.956000
SYN-CUST-02979,2026-01-01,226,0,0.000000,0.131600,1,0.014700,0.421900,3,0.096300,3.497000
SYN-CUST-02760,2026-01-01,193,0,0.000000,0.174000,3,0.043200,0.401400,1,0.065100,3.100000
SYN-CUST-00868,2026-01-01,38,5,447.640000,0.247200,21,0.099900,0.358700,5,0.062100,4.100000
SYN-CUST-00972,2026-01-01,40,3,331.450000,0.237700,23,0.057900,0.239200,6,0.036400,3.773000
SYN-CUST-00507,2026-01-01,182,7,1204.880000,0.215400,6,0.077500,0.202700,4,0.055800,3.796000
SYN-CUST-01067,2026-01-01,57,3,339.260000,0.200000,21,0.126300,0.281600,6,0.025000,4.284000
SYN-CUST-01519,2026-01-01,59,2,131.600000,0.161200,55,0.031800,0.184200,4,0.036500,3.602000
SYN-CUST-01542,2026-01-01,79,2,143.010000,0.169900,52,0.023700,0.235000,6,0.027400,4.054000
SYN-CUST-00297,2026-01-01,11,7,1555.320000,0.226700,32,0.138200,0.140600,3,0.033600,4.465000
SYN-CUST-00816,2026-01-01,183,11,1847.170000,0.256600,5,0.052700,0.169200,7,0.057900,3.649000
SYN-CUST-01734,2026-01-01,117,0,0.000000,0.201200,40,0.025000,0.205000,4,0.051100,3.863000
SYN-CUST-01730,2026-01-01,88,1,60.910000,0.164300,56,0.028400,0.184900,6,0.047600,3.523000
SYN-CUST-02371,2026-01-01,29,11,710.490000,-0.068700,28,0.123900,0.656200,2,0.124900,3.278000
SYN-CUST-01218,2026-01-01,39,5,482.940000,0.204700,23,0.101300,0.288000,3,0.060100,3.483000
SYN-CUST-01021,2026-01-01,27,4,419.150000,0.269200,14,0.082400,0.325900,8,0.079000,4.351000
SYN-CUST-01184,2026-01-01,37,6,656.880000,0.241700,23,0.071600,0.333400,7,0.028100,4.211000
SYN-CUST-02179,2026-01-01,22,13,905.350000,-0.064100,33,0.140500,0.687600,6,0.129800,3.612000
SYN-CUST-02884,2026-01-01,254,1,41.190000,0.127400,1,0.015500,0.458600,1,0.043000,3.689000
SYN-CUST-02781,2026-01-01,260,0,0.000000,0.125800,0,0.000000,0.460800,2,0.082600,3.454000
SYN-CUST-02796,2026-01-01,312,1,53.570000,0.133900,4,0.023600,0.342300,1,0.079600,3.375000
SYN-CUST-02837,2026-01-01,201,1,56.280000,0.121900,2,0.001000,0.464300,1,0.083500,3.135000
SYN-CUST-00256,2026-01-01,12,15,2129.100000,0.295500,19,0.176700,0.136900,6,0.041200,4.490000
SYN-CUST-00066,2026-01-01,15,13,1758.290000,0.270800,36,0.152400,0.156400,7,0.037800,4.351000
SYN-CUST-02161,2026-01-01,22,11,734.520000,-0.059600,19,0.147800,0.790100,2,0.138100,3.570000
SYN-CUST-01017,2026-01-01,54,5,429.520000,0.191300,18,0.114500,0.290300,6,0.040900,4.126000
SYN-CUST-01848,2026-01-01,113,3,223.900000,0.165000,47,0.039100,0.146200,6,0.034100,3.846000
SYN-CUST-02081,2026-01-01,28,2,132.530000,-0.052000,21,0.097300,0.568000,8,0.169900,3.793000
SYN-CUST-01985,2026-01-01,87,1,81.130000,0.183500,50,0.011300,0.193200,6,0.041600,4.208000
SYN-CUST-02830,2026-01-01,229,1,47.860000,0.143500,3,0.010700,0.412200,1,0.042600,3.566000
SYN-CUST-00294,2026-01-01,19,13,2006.320000,0.281000,33,0.175100,0.136000,4,0.028900,4.290000
SYN-CUST-01757,2026-01-01,76,1,92.310000,0.172300,39,0.015200,0.187600,5,0.054200,3.900000
SYN-CUST-01467,2026-01-01,40,11,899.310000,0.227000,21,0.106700,0.254800,4,0.064800,4.169000
SYN-CUST-01776,2026-01-01,98,0,0.000000,0.230100,52,0.019000,0.152800,12,0.045700,3.816000
SYN-CUST-01205,2026-01-01,37,3,323.910000,0.247400,35,0.082800,0.295000,2,0.034800,3.998000
SYN-CUST-00902,2026-01-01,46,13,1318.590000,0.233700,27,0.093100,0.321000,5,0.054800,4.392000
SYN-CUST-01818,2026-01-01,92,1,82.330000,0.164700,54,0.012500,0.173100,8,0.054800,3.857000
SYN-CUST-02051,2026-01-01,33,16,870.110000,-0.066400,20,0.161800,0.731600,5,0.132500,3.598000
SYN-CUST-02612,2026-01-01,276,0,0.000000,0.157300,2,0.008900,0.350500,1,0.076000,3.444000
SYN-CUST-01859,2026-01-01,114,0,0.000000,0.226100,40,0.022300,0.213000,8,0.050900,4.087000
SYN-CUST-00703,2026-01-01,150,7,1067.960000,0.255800,12,0.064800,0.177300,3,0.052100,3.810000
SYN-CUST-02631,2026-01-01,309,0,0.000000,0.119100,2,0.009500,0.396500,2,0.099700,3.255000
SYN-CUST-01107,2026-01-01,40,4,399.430000,0.239100,24,0.097600,0.277000,7,0.084700,3.978000
SYN-CUST-00641,2026-01-01,176,6,944.690000,0.254700,6,0.078500,0.193800,6,0.043000,3.542000
SYN-CUST-00885,2026-01-01,29,4,306.800000,0.203200,17,0.125200,0.253400,7,0.046600,4.202000
SYN-CUST-02574,2026-01-01,246,1,51.580000,0.176600,2,0.006300,0.476700,1,0.110300,3.198000
SYN-CUST-00275,2026-01-01,13,13,3635.060000,0.235000,18,0.198200,0.149300,6,0.032200,4.493000
SYN-CUST-02359,2026-01-01,23,11,903.640000,-0.066300,24,0.170700,0.767200,2,0.071400,3.371000
SYN-CUST-00392,2026-01-01,31,17,2608.510000,0.329300,27,0.180300,0.163600,5,0.049300,4.415000
SYN-CUST-01950,2026-01-01,92,1,76.710000,0.185500,36,0.038000,0.207500,3,0.037200,3.878000
SYN-CUST-01224,2026-01-01,48,9,599.450000,0.229900,26,0.137900,0.298400,7,0.075900,3.802000
SYN-CUST-00236,2026-01-01,15,8,1030.070000,0.318200,19,0.215500,0.134200,2,0.028800,4.684000
SYN-CUST-01260,2026-01-01,37,2,170.250000,0.211700,20,0.113600,0.260900,5,0.037700,4.003000
SYN-CUST-02095,2026-01-01,27,6,371.230000,-0.055500,24,0.091700,0.777900,2,0.102000,3.128000
SYN-CUST-00276,2026-01-01,17,19,3595.260000,0.268000,35,0.161900,0.132300,3,0.047900,4.891000
SYN-CUST-00404,2026-01-01,14,8,1305.800000,0.225700,33,0.175300,0.150400,4,0.040500,4.586000
SYN-CUST-02641,2026-01-01,271,1,55.940000,0.149000,1,0.014900,0.422300,1,0.066600,3.542000
SYN-CUST-00559,2026-01-01,130,12,1841.790000,0.243800,6,0.060300,0.204100,5,0.055700,3.911000
SYN-CUST-01135,2026-01-01,51,2,157.060000,0.236400,16,0.082000,0.289300,2,0.060700,3.797000
SYN-CUST-02700,2026-01-01,218,0,0.000000,0.139200,2,0.002900,0.374800,3,0.107600,3.343000
SYN-CUST-01252,2026-01-01,32,6,565.820000,0.220000,26,0.105700,0.252100,5,0.057200,4.212000
SYN-CUST-01122,2026-01-01,38,5,454.550000,0.255400,30,0.107300,0.292100,2,0.066300,3.992000
SYN-CUST-00523,2026-01-01,103,10,1488.680000,0.226600,6,0.059200,0.168700,1,0.036800,3.568000
SYN-CUST-00019,2026-01-01,18,9,1039.440000,0.263900,25,0.162500,0.127600,3,0.028500,4.688000
SYN-CUST-00369,2026-01-01,17,8,1331.040000,0.270000,18,0.147400,0.140100,1,0.035600,4.476000
SYN-CUST-00606,2026-01-01,215,17,3051.930000,0.259900,3,0.048400,0.154900,3,0.040500,3.475000
SYN-CUST-02278,2026-01-01,22,9,688.990000,-0.065000,18,0.196700,0.902800,4,0.135200,3.703000
SYN-CUST-01466,2026-01-01,32,3,224.040000,0.196000,19,0.088400,0.288600,8,0.036500,3.822000
SYN-CUST-01933,2026-01-01,81,0,0.000000,0.142500,40,0.016000,0.225600,6,0.040000,4.108000
SYN-CUST-02794,2026-01-01,284,1,41.680000,0.116900,2,0.021800,0.405900,1,0.089700,3.336000
SYN-CUST-00258,2026-01-01,23,13,1758.570000,0.250200,35,0.139900,0.143000,5,0.024800,4.720000
SYN-CUST-02485,2026-01-01,226,0,0.000000,0.156900,3,0.010200,0.417300,1,0.094500,3.287000
SYN-CUST-01840,2026-01-01,79,1,58.040000,0.192400,60,0.025300,0.185300,3,0.032800,3.932000
SYN-CUST-00725,2026-01-01,131,9,1757.610000,0.262900,4,0.071900,0.174700,3,0.056800,3.758000
SYN-CUST-01719,2026-01-01,86,1,71.680000,0.222900,57,0.032400,0.218400,5,0.023400,3.974000
SYN-CUST-02259,2026-01-01,19,8,420.840000,-0.065500,31,0.155400,0.605000,3,0.134600,3.414000
SYN-CUST-01199,2026-01-01,47,3,221.030000,0.193100,14,0.102200,0.324500,5,0.036100,4.279000
SYN-CUST-01738,2026-01-01,85,1,80.520000,0.212400,39,0.018900,0.162300,5,0.041700,3.575000
SYN-CUST-01044,2026-01-01,44,2,191.330000,0.207200,27,0.105400,0.311200,3,0.072700,3.902000
SYN-CUST-02914,2026-01-01,245,0,0.000000,0.140300,3,0.001000,0.267600,1,0.093300,3.142000
SYN-CUST-01244,2026-01-01,37,2,176.500000,0.189600,26,0.080900,0.270100,5,0.063100,4.397000
SYN-CUST-00362,2026-01-01,23,10,1897.610000,0.259500,34,0.193200,0.135800,9,0.042900,4.523000
SYN-CUST-01037,2026-01-01,48,4,351.640000,0.278200,25,0.120200,0.221900,5,0.074200,4.003000
SYN-CUST-00160,2026-01-01,18,8,1176.270000,0.268700,26,0.225800,0.144900,6,0.019000,4.932000
SYN-CUST-01420,2026-01-01,45,6,557.630000,0.214000,28,0.108000,0.221200,8,0.047500,4.227000
SYN-CUST-02669,2026-01-01,288,0,0.000000,0.140900,3,0.017100,0.436800,4,0.078500,3.168000
SYN-CUST-02097,2026-01-01,31,15,938.130000,-0.062900,21,0.162100,1.000000,3,0.105700,3.539000
SYN-CUST-01967,2026-01-01,78,0,0.000000,0.217800,42,0.025000,0.194300,2,0.049700,3.795000
SYN-CUST-00272,2026-01-01,17,11,1829.130000,0.290200,29,0.186500,0.148400,13,0.035400,4.704000
SYN-CUST-01196,2026-01-01,43,2,129.710000,0.188700,22,0.102600,0.283300,7,0.082700,3.795000
SYN-CUST-01450,2026-01-01,27,2,154.550000,0.231000,19,0.135200,0.229700,4,0.046100,4.064000
SYN-CUST-02438,2026-01-01,14,6,325.300000,-0.067400,26,0.106900,0.884600,4,0.108700,3.425000
SYN-CUST-01924,2026-01-01,73,0,0.000000,0.205500,52,0.027800,0.239700,3,0.047300,4.195000
SYN-CUST-02447,2026-01-01,263,2,118.980000,0.135300,2,0.020100,0.395000,2,0.090300,3.143000
SYN-CUST-02605,2026-01-01,194,2,81.270000,0.116100,2,0.028000,0.457000,2,0.085400,3.513000
SYN-CUST-02890,2026-01-01,214,1,59.900000,0.122800,4,0.020100,0.317500,1,0.089900,3.722000
SYN-CUST-02147,2026-01-01,27,13,803.660000,-0.043600,31,0.106000,0.737600,3,0.146500,3.565000
SYN-CUST-00726,2026-01-01,143,6,1011.090000,0.207000,7,0.040300,0.203700,7,0.025800,3.767000
SYN-CUST-02540,2026-01-01,253,1,36.170000,0.150100,4,0.001000,0.386100,3,0.068900,3.287000
SYN-CUST-01642,2026-01-01,78,1,79.440000,0.142000,50,0.016200,0.275200,9,0.044100,3.913000
SYN-CUST-00824,2026-01-01,159,6,1095.760000,0.255800,10,0.059700,0.208200,3,0.054300,3.506000
SYN-CUST-00706,2026-01-01,161,6,1500.900000,0.236700,7,0.061800,0.132200,6,0.059700,3.887000
SYN-CUST-02430,2026-01-01,30,13,862.970000,-0.051200,25,0.156100,0.672200,4,0.071800,3.588000
SYN-CUST-02679,2026-01-01,243,0,0.000000,0.159300,3,0.010500,0.481300,2,0.091100,3.422000
SYN-CUST-01598,2026-01-01,93,0,0.000000,0.158700,47,0.021900,0.163700,4,0.051500,3.870000
SYN-CUST-02419,2026-01-01,29,13,888.980000,-0.075700,30,0.140600,0.774000,6,0.119400,3.750000
SYN-CUST-00332,2026-01-01,19,13,2483.920000,0.266400,26,0.186000,0.129900,7,0.035200,4.346000
SYN-CUST-00545,2026-01-01,115,8,1196.030000,0.217700,2,0.052400,0.224700,3,0.047000,3.796000
SYN-CUST-02511,2026-01-01,240,1,63.170000,0.123600,3,0.010900,0.494800,1,0.075600,3.192000
SYN-CUST-00378,2026-01-01,15,14,2123.680000,0.237900,37,0.151700,0.109400,6,0.036800,4.470000
SYN-CUST-01763,2026-01-01,85,1,71.260000,0.179500,55,0.032800,0.153000,4,0.047900,4.152000
SYN-CUST-00215,2026-01-01,21,19,2843.380000,0.234800,41,0.138000,0.128000,10,0.021000,5.000000
SYN-CUST-02970,2026-01-01,223,2,99.990000,0.157800,1,0.012200,0.348600,1,0.116700,3.355000
SYN-CUST-00603,2026-01-01,130,5,869.270000,0.228700,5,0.039800,0.198400,3,0.044900,3.820000
SYN-CUST-02687,2026-01-01,258,0,0.000000,0.140100,3,0.007000,0.468200,2,0.077500,3.503000
SYN-CUST-01830,2026-01-01,82,3,176.160000,0.197000,37,0.028400,0.210600,7,0.062300,3.950000
SYN-CUST-00761,2026-01-01,114,7,1152.290000,0.226300,4,0.050000,0.164800,2,0.051100,3.838000
SYN-CUST-02625,2026-01-01,186,0,0.000000,0.176100,2,0.018800,0.461000,1,0.075000,3.415000
SYN-CUST-02535,2026-01-01,314,0,0.000000,0.102300,3,0.002100,0.479300,3,0.092800,3.081000
SYN-CUST-00482,2026-01-01,194,11,1816.970000,0.265600,3,0.066300,0.179800,2,0.085100,3.636000
SYN-CUST-02831,2026-01-01,259,0,0.000000,0.136600,4,0.032900,0.474000,1,0.092800,3.354000
SYN-CUST-01123,2026-01-01,38,4,406.500000,0.193700,29,0.081900,0.269100,3,0.066100,3.981000
SYN-CUST-02002,2026-01-01,79,1,57.840000,0.199400,48,0.002900,0.183100,5,0.043000,3.984000
SYN-CUST-01046,2026-01-01,40,3,365.540000,0.246900,27,0.087900,0.264400,5,0.051700,3.895000
SYN-CUST-01460,2026-01-01,41,2,201.970000,0.178700,25,0.079900,0.245200,5,0.046500,4.184000
SYN-CUST-02666,2026-01-01,247,0,0.000000,0.161700,5,0.006100,0.477000,5,0.071200,3.258000
SYN-CUST-00852,2026-01-01,32,4,516.910000,0.196400,28,0.068400,0.289000,2,0.038900,3.676000
SYN-CUST-00174,2026-01-01,21,11,1988.210000,0.248900,20,0.310400,0.131900,4,0.036700,4.647000
SYN-CUST-01627,2026-01-01,84,2,123.440000,0.174900,50,0.034100,0.224900,9,0.031200,4.178000
SYN-CUST-02575,2026-01-01,226,0,0.000000,0.131200,1,0.013700,0.344300,2,0.085700,3.023000
SYN-CUST-01398,2026-01-01,30,3,262.520000,0.236000,20,0.112400,0.290500,5,0.040100,3.992000
SYN-CUST-01212,2026-01-01,39,6,719.100000,0.214800,15,0.114700,0.288600,13,0.067700,4.037000
SYN-CUST-00464,2026-01-01,190,12,1807.680000,0.241900,4,0.082000,0.191800,2,0.061900,3.577000
SYN-CUST-01073,2026-01-01,55,5,336.070000,0.217300,30,0.105700,0.295100,6,0.063900,3.841000
SYN-CUST-00088,2026-01-01,24,15,2303.230000,0.268400,22,0.119600,0.131000,6,0.017100,4.555000
SYN-CUST-01087,2026-01-01,59,4,350.240000,0.243100,23,0.073800,0.220700,5,0.057300,4.001000
SYN-CUST-02289,2026-01-01,21,11,666.070000,-0.067300,22,0.119400,0.674300,5,0.117700,3.648000
SYN-CUST-02434,2026-01-01,37,11,574.890000,-0.069500,28,0.179200,0.681600,2,0.108600,3.502000
SYN-CUST-00345,2026-01-01,18,14,2524.890000,0.220800,29,0.178500,0.163900,2,0.026200,4.418000
SYN-CUST-02038,2026-01-01,27,12,1042.400000,-0.046300,35,0.104100,0.713500,2,0.158100,3.666000
SYN-CUST-00196,2026-01-01,15,14,1948.870000,0.307300,35,0.153000,0.123800,6,0.035800,4.505000
SYN-CUST-02090,2026-01-01,29,9,478.560000,-0.056600,23,0.123000,0.846300,1,0.086500,3.715000
SYN-CUST-01705,2026-01-01,85,1,70.760000,0.170700,52,0.025700,0.208100,7,0.046800,4.123000
SYN-CUST-00733,2026-01-01,129,11,1513.230000,0.220400,14,0.063800,0.190300,5,0.071400,3.613000
SYN-CUST-00426,2026-01-01,17,21,4097.670000,0.260300,33,0.161000,0.147700,6,0.036900,4.478000
SYN-CUST-02197,2026-01-01,38,8,460.010000,-0.061000,36,0.120400,0.868000,4,0.115100,3.785000
SYN-CUST-01832,2026-01-01,103,3,168.480000,0.167800,36,0.014400,0.174200,8,0.040500,4.164000
SYN-CUST-02478,2026-01-01,314,2,96.080000,0.131100,3,0.013400,0.436500,1,0.060000,3.251000
SYN-CUST-02230,2026-01-01,31,7,429.620000,-0.073100,24,0.156200,0.841500,4,0.134600,3.263000
SYN-CUST-00934,2026-01-01,39,1,116.090000,0.239100,13,0.108400,0.271700,6,0.060700,4.209000
SYN-CUST-02113,2026-01-01,29,8,504.040000,-0.055100,26,0.107000,0.724200,2,0.120100,3.722000
SYN-CUST-01474,2026-01-01,42,1,97.790000,0.211400,20,0.095500,0.333800,8,0.066100,4.163000
SYN-CUST-02120,2026-01-01,28,8,467.600000,-0.078900,32,0.155100,0.797400,5,0.103200,3.707000
SYN-CUST-01198,2026-01-01,37,3,282.570000,0.254900,27,0.113300,0.263400,8,0.026400,4.007000
SYN-CUST-02195,2026-01-01,32,7,462.290000,-0.060700,30,0.133700,0.585900,6,0.136900,3.376000
SYN-CUST-02039,2026-01-01,24,6,542.870000,-0.046100,33,0.148600,0.891300,5,0.107900,3.254000
SYN-CUST-01238,2026-01-01,33,2,178.710000,0.187200,22,0.076700,0.229500,3,0.029000,4.071000
SYN-CUST-01239,2026-01-01,40,2,219.730000,0.202000,19,0.079700,0.293300,5,0.057100,4.339000
SYN-CUST-00929,2026-01-01,50,7,719.760000,0.181500,21,0.088000,0.260200,10,0.070400,3.634000
SYN-CUST-01849,2026-01-01,109,0,0.000000,0.192800,35,0.029200,0.188000,9,0.036800,3.776000
SYN-CUST-02200,2026-01-01,25,11,768.600000,-0.072600,38,0.129900,0.722200,5,0.130400,3.709000
SYN-CUST-01194,2026-01-01,34,4,397.690000,0.239200,21,0.085800,0.210300,4,0.066600,4.113000
SYN-CUST-02563,2026-01-01,365,2,92.260000,0.152700,1,0.010700,0.424200,2,0.101100,3.489000
SYN-CUST-00417,2026-01-01,22,9,1261.700000,0.289400,26,0.221300,0.134100,5,0.036600,4.855000
SYN-CUST-01335,2026-01-01,36,4,360.600000,0.223100,32,0.085600,0.247100,5,0.054600,3.929000
SYN-CUST-00907,2026-01-01,50,5,350.370000,0.245800,30,0.079700,0.319700,5,0.052500,3.811000
SYN-CUST-01515,2026-01-01,80,1,79.920000,0.216100,41,0.025500,0.196700,7,0.045400,4.159000
SYN-CUST-02754,2026-01-01,255,2,115.530000,0.169900,2,0.017300,0.417500,1,0.058900,3.493000
SYN-CUST-01476,2026-01-01,40,2,215.000000,0.217100,33,0.109800,0.324200,7,0.058900,3.983000
SYN-CUST-01070,2026-01-01,46,3,250.300000,0.242300,18,0.069200,0.259300,5,0.046200,4.059000
SYN-CUST-00634,2026-01-01,151,11,1840.380000,0.250400,9,0.054200,0.200000,6,0.050600,3.879000
SYN-CUST-02889,2026-01-01,212,1,48.180000,0.145900,2,0.025700,0.452000,3,0.117200,3.426000
SYN-CUST-01074,2026-01-01,42,4,336.430000,0.248400,29,0.086000,0.250100,7,0.053300,4.077000
SYN-CUST-01426,2026-01-01,34,3,347.620000,0.177100,20,0.111300,0.243200,5,0.068700,3.927000
SYN-CUST-01487,2026-01-01,93,0,0.000000,0.192100,48,0.023900,0.200700,5,0.046000,3.759000
SYN-CUST-02115,2026-01-01,31,6,408.260000,-0.050700,30,0.159800,0.636800,5,0.154600,3.218000
SYN-CUST-01895,2026-01-01,102,0,0.000000,0.218400,43,0.028400,0.215600,11,0.038200,3.776000
SYN-CUST-00383,2026-01-01,18,6,855.460000,0.268500,25,0.216000,0.131900,8,0.047200,5.000000
SYN-CUST-01736,2026-01-01,109,0,0.000000,0.182600,31,0.035200,0.178600,7,0.036800,3.848000
SYN-CUST-00955,2026-01-01,38,3,309.010000,0.253000,17,0.135100,0.302400,2,0.065200,4.113000
SYN-CUST-01453,2026-01-01,45,8,636.960000,0.208600,27,0.100600,0.284300,7,0.072700,3.811000
SYN-CUST-02072,2026-01-01,36,13,806.270000,-0.072900,26,0.131700,0.778700,3,0.106300,3.525000
SYN-CUST-00432,2026-01-01,20,11,1840.200000,0.327300,34,0.133800,0.159000,7,0.037400,4.608000
SYN-CUST-01068,2026-01-01,39,3,330.410000,0.219100,24,0.123300,0.276500,7,0.054500,3.948000
SYN-CUST-01032,2026-01-01,55,8,766.440000,0.231800,19,0.105700,0.226700,6,0.069700,3.870000
SYN-CUST-00663,2026-01-01,136,6,1120.250000,0.213600,6,0.076100,0.186100,3,0.038500,3.610000
SYN-CUST-00341,2026-01-01,18,13,2419.510000,0.257100,29,0.186300,0.141500,3,0.032700,4.975000
SYN-CUST-00694,2026-01-01,142,17,2630.400000,0.241800,5,0.058100,0.148000,1,0.049400,3.650000
SYN-CUST-01495,2026-01-01,90,1,59.830000,0.164300,44,0.024100,0.202900,8,0.046200,3.910000
SYN-CUST-01959,2026-01-01,71,1,57.500000,0.179800,55,0.005900,0.154400,8,0.042700,3.985000
SYN-CUST-02128,2026-01-01,34,7,489.470000,-0.058300,14,0.146400,0.762200,2,0.135400,3.594000
SYN-CUST-00918,2026-01-01,54,4,447.650000,0.251800,30,0.111800,0.275200,7,0.059800,4.081000
SYN-CUST-02829,2026-01-01,240,1,66.920000,0.133800,4,0.015000,0.490500,4,0.084100,3.629000
SYN-CUST-01058,2026-01-01,47,4,397.250000,0.246800,27,0.060900,0.288600,7,0.047200,4.265000
SYN-CUST-01041,2026-01-01,34,8,790.360000,0.239600,31,0.099300,0.247100,9,0.075200,3.910000
SYN-CUST-00268,2026-01-01,23,9,1450.240000,0.293300,28,0.140700,0.154800,4,0.030700,4.484000
SYN-CUST-02482,2026-01-01,211,0,0.000000,0.135400,8,0.001500,0.435700,2,0.080600,3.214000
SYN-CUST-02075,2026-01-01,20,7,421.170000,-0.065900,26,0.157000,0.824800,4,0.100600,3.703000
SYN-CUST-00366,2026-01-01,17,12,2056.180000,0.227100,24,0.174200,0.130600,6,0.017800,4.418000
SYN-CUST-01029,2026-01-01,43,2,182.260000,0.225700,40,0.080100,0.276800,5,0.050200,4.011000
SYN-CUST-00164,2026-01-01,18,14,2061.880000,0.310500,26,0.147900,0.145500,7,0.030300,4.473000
SYN-CUST-00045,2026-01-01,18,10,1287.340000,0.241000,26,0.246500,0.137000,9,0.035600,4.498000
SYN-CUST-00460,2026-01-01,131,10,1455.380000,0.222200,5,0.064100,0.185000,1,0.059700,4.076000
SYN-CUST-01652,2026-01-01,69,1,62.330000,0.204800,45,0.027400,0.211500,7,0.054400,3.823000
SYN-CUST-01055,2026-01-01,37,4,428.140000,0.212500,19,0.103600,0.267100,5,0.078700,4.000000
SYN-CUST-00063,2026-01-01,22,18,3021.750000,0.293400,37,0.145400,0.154300,2,0.042900,4.586000
SYN-CUST-00777,2026-01-01,141,12,2099.370000,0.247000,8,0.059600,0.203800,4,0.072500,4.142000
SYN-CUST-01454,2026-01-01,25,4,424.360000,0.191900,27,0.108600,0.268700,6,0.066700,4.304000
SYN-CUST-01136,2026-01-01,39,2,189.880000,0.166700,15,0.104900,0.227300,2,0.072500,3.779000
SYN-CUST-00410,2026-01-01,23,14,2134.320000,0.260100,42,0.187700,0.142700,5,0.048000,4.649000
SYN-CUST-00908,2026-01-01,44,6,582.080000,0.205700,18,0.077700,0.320800,4,0.066500,4.282000
SYN-CUST-00050,2026-01-01,16,8,1365.780000,0.318100,34,0.200300,0.143900,12,0.017200,4.682000
SYN-CUST-02773,2026-01-01,190,0,0.000000,0.132600,1,0.016100,0.443600,4,0.068100,3.204000
SYN-CUST-02714,2026-01-01,200,1,65.790000,0.167400,1,0.025300,0.460100,1,0.065700,3.570000
SYN-CUST-02732,2026-01-01,158,0,0.000000,0.132000,2,0.016800,0.415800,1,0.110100,3.376000
SYN-CUST-00444,2026-01-01,29,10,1224.580000,0.307400,32,0.170300,0.138500,4,0.028700,4.925000
SYN-CUST-00132,2026-01-01,18,11,1595.120000,0.354000,21,0.212500,0.121100,8,0.023500,4.500000
SYN-CUST-01940,2026-01-01,89,0,0.000000,0.213900,54,0.011300,0.171200,8,0.034400,3.711000
SYN-CUST-01403,2026-01-01,63,1,69.540000,0.207800,18,0.080300,0.253900,5,0.053400,4.107000
SYN-CUST-02762,2026-01-01,310,0,0.000000,0.125900,3,0.030100,0.382800,1,0.080900,3.160000
SYN-CUST-01266,2026-01-01,43,6,566.250000,0.230800,13,0.090700,0.293300,2,0.072800,4.330000
SYN-CUST-01001,2026-01-01,41,7,569.100000,0.211900,23,0.073700,0.274400,4,0.083100,4.159000
SYN-CUST-01943,2026-01-01,73,1,89.570000,0.192700,54,0.035900,0.184600,9,0.030600,3.982000
SYN-CUST-00257,2026-01-01,18,10,1501.180000,0.309400,30,0.195700,0.163500,7,0.038000,4.306000
SYN-CUST-02827,2026-01-01,267,0,0.000000,0.146800,5,0.014500,0.445000,1,0.053600,3.215000
SYN-CUST-00960,2026-01-01,48,3,277.330000,0.203300,23,0.100900,0.291600,4,0.054800,3.536000
SYN-CUST-00829,2026-01-01,48,2,153.910000,0.205900,25,0.111400,0.246300,6,0.073400,3.979000
SYN-CUST-00576,2026-01-01,141,13,1675.470000,0.244400,4,0.040400,0.162800,5,0.045600,3.857000
SYN-CUST-02205,2026-01-01,26,11,439.660000,-0.064900,29,0.124700,0.729600,6,0.129200,3.712000
SYN-CUST-01916,2026-01-01,88,2,161.230000,0.207000,53,0.022000,0.185700,8,0.065600,3.942000
SYN-CUST-02321,2026-01-01,29,8,530.360000,-0.072400,20,0.121400,0.883400,6,0.123500,3.451000
SYN-CUST-00394,2026-01-01,18,10,2029.160000,0.299700,25,0.184000,0.147300,6,0.041500,4.704000
SYN-CUST-00041,2026-01-01,29,12,1696.250000,0.292200,22,0.201900,0.124600,3,0.037300,4.589000
SYN-CUST-01367,2026-01-01,32,5,442.870000,0.252600,12,0.091600,0.207500,2,0.041900,3.811000
SYN-CUST-00468,2026-01-01,148,8,1289.250000,0.196800,4,0.069700,0.180100,3,0.050200,3.593000
SYN-CUST-00462,2026-01-01,171,4,778.310000,0.216000,9,0.055000,0.174900,1,0.052400,3.619000
SYN-CUST-02400,2026-01-01,20,16,1169.770000,-0.065700,30,0.135600,0.687400,1,0.131700,3.773000
SYN-CUST-02406,2026-01-01,21,15,940.770000,-0.055700,22,0.132400,0.865400,1,0.115100,3.486000
SYN-CUST-00536,2026-01-01,141,9,1769.790000,0.202800,3,0.054500,0.171000,4,0.068200,3.861000
SYN-CUST-00313,2026-01-01,17,8,1405.670000,0.216200,27,0.194700,0.143900,8,0.035000,4.475000
SYN-CUST-02338,2026-01-01,28,6,371.390000,-0.060400,26,0.090800,0.806100,5,0.127000,3.519000
SYN-CUST-00865,2026-01-01,59,5,318.460000,0.239000,24,0.115200,0.244600,5,0.042400,3.916000
SYN-CUST-02241,2026-01-01,17,10,550.250000,-0.057200,27,0.122100,0.729300,4,0.128800,3.458000
SYN-CUST-00919,2026-01-01,40,10,848.200000,0.263200,20,0.069600,0.238900,5,0.074700,4.002000
SYN-CUST-01564,2026-01-01,64,0,0.000000,0.191900,36,0.023200,0.226300,10,0.056600,4.047000
SYN-CUST-00561,2026-01-01,174,5,796.830000,0.285500,3,0.057800,0.171800,4,0.054600,3.631000
SYN-CUST-01937,2026-01-01,75,1,67.830000,0.186400,47,0.020800,0.179200,10,0.058900,3.817000
SYN-CUST-00252,2026-01-01,14,12,1976.830000,0.249000,31,0.166700,0.121500,4,0.020300,4.347000
SYN-CUST-01588,2026-01-01,74,0,0.000000,0.214200,32,0.007700,0.181400,8,0.048900,4.045000
SYN-CUST-02011,2026-01-01,98,0,0.000000,0.160500,35,0.016800,0.205700,6,0.020700,3.857000
SYN-CUST-01034,2026-01-01,41,5,354.520000,0.194000,22,0.116400,0.295100,5,0.047700,3.719000
SYN-CUST-00705,2026-01-01,106,6,958.080000,0.260800,7,0.052100,0.158600,2,0.049700,3.806000
SYN-CUST-02425,2026-01-01,31,18,1110.910000,-0.060300,43,0.146100,0.984100,4,0.093800,3.453000
SYN-CUST-01647,2026-01-01,84,1,68.680000,0.186500,37,0.023300,0.187300,8,0.043400,3.774000
SYN-CUST-01499,2026-01-01,88,1,68.250000,0.196700,56,0.016800,0.166800,6,0.055400,3.853000
SYN-CUST-01783,2026-01-01,85,0,0.000000,0.184300,53,0.021700,0.219300,8,0.050200,3.801000
SYN-CUST-00105,2026-01-01,17,8,1371.930000,0.275400,26,0.204200,0.174300,5,0.014200,4.534000
SYN-CUST-00598,2026-01-01,130,8,1464.170000,0.231200,7,0.067600,0.169700,7,0.078100,3.608000
SYN-CUST-01961,2026-01-01,81,1,68.820000,0.216100,46,0.013100,0.211800,10,0.048600,4.165000
SYN-CUST-02937,2026-01-01,231,2,89.880000,0.161300,2,0.010200,0.357800,1,0.098400,3.192000
SYN-CUST-02858,2026-01-01,216,0,0.000000,0.123700,0,0.000000,0.417100,1,0.091800,3.498000
SYN-CUST-00317,2026-01-01,16,17,3235.090000,0.234600,32,0.174700,0.149900,4,0.030700,4.710000
SYN-CUST-01825,2026-01-01,105,0,0.000000,0.169900,63,0.027400,0.218000,7,0.046500,3.860000
SYN-CUST-02832,2026-01-01,243,0,0.000000,0.138800,5,0.032500,0.407800,7,0.079300,3.121000
SYN-CUST-00465,2026-01-01,116,11,1828.610000,0.251500,3,0.060600,0.176500,6,0.060300,3.798000
SYN-CUST-00617,2026-01-01,182,8,1415.360000,0.273000,7,0.059800,0.212100,4,0.042500,3.552000
SYN-CUST-01271,2026-01-01,38,2,220.370000,0.247900,30,0.107300,0.279400,10,0.059200,3.781000
SYN-CUST-02940,2026-01-01,247,0,0.000000,0.130100,4,0.023800,0.368300,4,0.069700,3.756000
SYN-CUST-00239,2026-01-01,26,14,2306.590000,0.267500,37,0.173700,0.131500,7,0.027100,4.165000
SYN-CUST-00051,2026-01-01,17,11,1662.710000,0.221200,35,0.153400,0.160000,7,0.044200,4.396000
SYN-CUST-02784,2026-01-01,183,1,54.890000,0.130500,4,0.009400,0.325700,2,0.075300,2.991000
SYN-CUST-00457,2026-01-01,125,14,2770.550000,0.252400,3,0.064100,0.160300,5,0.056900,3.587000
SYN-CUST-00453,2026-01-01,13,20,3785.240000,0.249800,37,0.194600,0.120900,9,0.036700,4.551000
SYN-CUST-00385,2026-01-01,19,17,2073.890000,0.306300,34,0.198400,0.160400,7,0.026800,4.115000
SYN-CUST-00218,2026-01-01,18,8,1147.800000,0.248700,25,0.201000,0.127400,6,0.012300,4.676000
SYN-CUST-00284,2026-01-01,20,18,2513.220000,0.265500,34,0.124800,0.121000,7,0.036200,4.512000
SYN-CUST-00348,2026-01-01,18,13,2588.120000,0.261300,23,0.188400,0.114800,2,0.025800,4.211000
SYN-CUST-02737,2026-01-01,299,0,0.000000,0.123000,1,0.009400,0.459300,2,0.111900,3.311000
SYN-CUST-01683,2026-01-01,68,2,150.180000,0.232800,32,0.014600,0.179800,4,0.038600,3.864000
SYN-CUST-02887,2026-01-01,247,0,0.000000,0.145400,3,0.001300,0.411400,4,0.047300,3.538000
SYN-CUST-01456,2026-01-01,48,3,299.510000,0.234100,30,0.126500,0.308100,5,0.060400,3.977000
SYN-CUST-01866,2026-01-01,70,2,130.940000,0.155100,51,0.026000,0.194700,8,0.033200,3.899000
SYN-CUST-02911,2026-01-01,235,0,0.000000,0.133200,4,0.013800,0.384500,1,0.060700,3.372000
SYN-CUST-02860,2026-01-01,343,0,0.000000,0.132100,3,0.019100,0.440900,2,0.073000,3.458000
SYN-CUST-00881,2026-01-01,39,1,106.780000,0.235500,17,0.113100,0.296400,4,0.065700,4.270000
SYN-CUST-01737,2026-01-01,86,1,69.970000,0.183200,43,0.028500,0.197900,2,0.033000,3.735000
SYN-CUST-00188,2026-01-01,15,14,1683.790000,0.276800,32,0.124100,0.157000,3,0.031600,4.608000
SYN-CUST-01960,2026-01-01,103,2,126.760000,0.185900,37,0.018500,0.180600,6,0.050400,4.141000
SYN-CUST-02035,2026-01-01,34,13,951.510000,-0.057800,43,0.119600,0.765500,7,0.117400,3.659000
SYN-CUST-01970,2026-01-01,78,0,0.000000,0.192700,61,0.021000,0.176900,7,0.038000,3.477000
SYN-CUST-01509,2026-01-01,81,1,68.660000,0.159000,47,0.027000,0.204500,10,0.046500,3.692000
SYN-CUST-00008,2026-01-01,17,6,787.150000,0.238100,32,0.128200,0.107100,6,0.043700,4.374000
SYN-CUST-00762,2026-01-01,126,12,2691.500000,0.278800,5,0.056600,0.163200,4,0.040000,3.687000
SYN-CUST-00813,2026-01-01,194,7,1281.810000,0.244800,7,0.079700,0.173500,5,0.051300,3.461000
SYN-CUST-02294,2026-01-01,26,10,658.710000,-0.074700,23,0.168200,0.737100,6,0.116100,3.458000
SYN-CUST-00325,2026-01-01,23,10,1408.690000,0.349200,44,0.192900,0.134400,6,0.026300,4.395000
SYN-CUST-00533,2026-01-01,174,6,1220.950000,0.245900,4,0.066600,0.177500,5,0.062400,3.755000
SYN-CUST-02149,2026-01-01,28,7,484.070000,-0.066000,31,0.185400,0.684900,5,0.132700,3.472000
SYN-CUST-00786,2026-01-01,137,6,1095.990000,0.220300,5,0.055900,0.239500,5,0.032900,3.960000
SYN-CUST-02975,2026-01-01,328,0,0.000000,0.129700,2,0.005600,0.431600,1,0.105300,3.087000
SYN-CUST-00738,2026-01-01,132,11,2047.870000,0.249000,8,0.053300,0.198600,5,0.040700,3.473000
SYN-CUST-02655,2026-01-01,262,0,0.000000,0.180300,1,0.015200,0.444000,2,0.092200,3.342000
SYN-CUST-01807,2026-01-01,84,1,84.430000,0.182900,36,0.015800,0.227900,9,0.044100,3.870000
SYN-CUST-00539,2026-01-01,171,8,1785.390000,0.268500,7,0.068500,0.184400,4,0.072400,3.920000
SYN-CUST-00230,2026-01-01,17,16,1991.010000,0.307900,23,0.172100,0.130700,10,0.042700,4.752000
SYN-CUST-00077,2026-01-01,14,17,2553.210000,0.259800,41,0.161100,0.173800,7,0.020500,4.370000
SYN-CUST-02521,2026-01-01,204,1,61.460000,0.149000,3,0.005300,0.443700,3,0.066500,3.476000
SYN-CUST-01263,2026-01-01,42,3,301.030000,0.252600,30,0.118200,0.251400,1,0.050500,4.299000
SYN-CUST-00364,2026-01-01,23,10,1445.750000,0.244600,30,0.173100,0.153300,5,0.034900,4.470000
SYN-CUST-01692,2026-01-01,80,1,97.480000,0.202800,52,0.023200,0.192700,7,0.057100,3.988000
SYN-CUST-00951,2026-01-01,43,6,543.870000,0.217700,29,0.108200,0.340700,5,0.070300,4.006000
SYN-CUST-00237,2026-01-01,16,7,1059.890000,0.232800,43,0.191300,0.124000,6,0.035100,4.372000
SYN-CUST-00015,2026-01-01,20,15,2235.660000,0.243500,40,0.209100,0.166300,4,0.035600,4.570000
SYN-CUST-01600,2026-01-01,85,1,77.860000,0.228500,58,0.029600,0.247300,6,0.045400,3.877000
SYN-CUST-01124,2026-01-01,47,4,410.230000,0.265200,24,0.099900,0.266200,6,0.058700,4.342000
SYN-CUST-02037,2026-01-01,24,8,621.000000,-0.067200,20,0.120900,0.787900,5,0.095600,3.355000
SYN-CUST-02793,2026-01-01,230,2,95.420000,0.144100,3,0.007200,0.481000,5,0.087800,3.420000
SYN-CUST-00115,2026-01-01,19,12,1672.880000,0.280200,32,0.197500,0.134100,6,0.024400,4.544000
SYN-CUST-02345,2026-01-01,31,11,724.630000,-0.047700,31,0.123500,0.737300,5,0.128200,3.447000
SYN-CUST-02296,2026-01-01,20,6,428.490000,-0.056100,18,0.160900,0.757200,9,0.116500,3.591000
SYN-CUST-02880,2026-01-01,223,1,36.250000,0.178000,2,0.006500,0.419600,1,0.070800,3.312000
SYN-CUST-01166,2026-01-01,48,4,267.220000,0.227000,21,0.123700,0.334500,5,0.062100,4.163000
SYN-CUST-00213,2026-01-01,19,21,2931.230000,0.239000,47,0.153500,0.160600,7,0.025100,4.364000
SYN-CUST-00047,2026-01-01,20,22,2762.490000,0.232100,32,0.226200,0.147100,7,0.033600,4.510000
SYN-CUST-01605,2026-01-01,93,1,62.360000,0.241900,46,0.035100,0.205000,3,0.048600,3.960000
SYN-CUST-02209,2026-01-01,39,7,376.750000,-0.073300,28,0.094400,0.680800,2,0.118800,3.584000
SYN-CUST-00983,2026-01-01,31,4,402.330000,0.260600,20,0.127700,0.284800,4,0.041400,4.163000
SYN-CUST-02280,2026-01-01,24,14,850.140000,-0.075100,36,0.171200,0.887600,6,0.123700,3.556000
SYN-CUST-00913,2026-01-01,50,6,565.960000,0.222800,22,0.069700,0.265300,4,0.066800,4.254000
SYN-CUST-00580,2026-01-01,137,6,1259.000000,0.278300,8,0.057400,0.175300,5,0.039200,3.712000
SYN-CUST-02176,2026-01-01,23,17,996.650000,-0.058000,31,0.146200,0.821500,5,0.110600,3.964000
SYN-CUST-02277,2026-01-01,24,11,823.310000,-0.055700,46,0.128800,0.680600,7,0.123800,3.556000
SYN-CUST-02547,2026-01-01,222,1,55.430000,0.140300,5,0.011100,0.431300,2,0.099500,3.217000
SYN-CUST-01023,2026-01-01,54,5,464.900000,0.207000,15,0.110100,0.264400,4,0.065400,4.270000
SYN-CUST-02070,2026-01-01,21,14,1004.790000,-0.060700,38,0.133200,0.901100,6,0.130500,3.813000
SYN-CUST-00226,2026-01-01,29,6,823.210000,0.285000,19,0.211700,0.142500,8,0.047700,4.573000
SYN-CUST-00769,2026-01-01,151,8,1654.460000,0.210300,7,0.067800,0.221200,2,0.065600,3.416000
SYN-CUST-02624,2026-01-01,320,0,0.000000,0.154300,4,0.001000,0.446000,2,0.083500,3.321000
SYN-CUST-01193,2026-01-01,36,5,341.580000,0.198800,30,0.068100,0.280000,6,0.045800,4.488000
SYN-CUST-01035,2026-01-01,43,7,489.580000,0.241200,14,0.126300,0.251100,4,0.058000,4.424000
SYN-CUST-00240,2026-01-01,21,8,1421.940000,0.289000,33,0.123500,0.131600,8,0.034100,4.940000
SYN-CUST-02868,2026-01-01,239,4,220.750000,0.158600,3,0.007500,0.420200,2,0.056200,3.338000
SYN-CUST-01407,2026-01-01,45,2,158.750000,0.185300,27,0.118300,0.283100,6,0.064800,4.018000
SYN-CUST-00349,2026-01-01,18,18,3154.880000,0.214200,41,0.223300,0.178500,1,0.048100,4.158000
SYN-CUST-02626,2026-01-01,242,0,0.000000,0.095500,3,0.005200,0.473600,4,0.084600,3.674000
SYN-CUST-00998,2026-01-01,47,1,96.710000,0.202600,29,0.104200,0.222300,5,0.065500,4.367000
SYN-CUST-00357,2026-01-01,15,8,1284.110000,0.290200,26,0.216600,0.120100,4,0.027700,4.842000
SYN-CUST-00411,2026-01-01,18,19,2460.950000,0.291400,42,0.154900,0.094500,9,0.027700,4.627000
SYN-CUST-02236,2026-01-01,30,12,682.700000,-0.056300,22,0.130800,0.841000,4,0.149200,3.533000
SYN-CUST-01724,2026-01-01,87,1,61.500000,0.184800,33,0.029400,0.144000,10,0.051700,3.982000
SYN-CUST-00903,2026-01-01,51,10,719.450000,0.246400,31,0.118500,0.246100,6,0.074300,4.285000
SYN-CUST-02589,2026-01-01,243,0,0.000000,0.144400,1,0.003700,0.493500,1,0.078900,3.464000
SYN-CUST-01092,2026-01-01,53,4,334.940000,0.177300,16,0.103300,0.303600,3,0.072300,4.060000
SYN-CUST-01496,2026-01-01,88,1,81.590000,0.211800,53,0.036000,0.184800,6,0.054000,3.860000
SYN-CUST-01532,2026-01-01,97,1,66.570000,0.223700,34,0.019600,0.186000,8,0.042300,3.557000
SYN-CUST-01272,2026-01-01,48,2,150.080000,0.283900,23,0.102300,0.251100,4,0.055100,4.371000
SYN-CUST-01348,2026-01-01,44,3,195.740000,0.186100,20,0.099100,0.287800,6,0.056100,3.904000
SYN-CUST-02108,2026-01-01,31,3,233.740000,-0.065700,19,0.080000,0.662700,6,0.122900,3.521000
SYN-CUST-02881,2026-01-01,265,0,0.000000,0.123900,0,0.000000,0.403300,1,0.067600,3.472000
SYN-CUST-01863,2026-01-01,74,1,51.830000,0.209000,49,0.035100,0.218200,11,0.042300,4.240000
SYN-CUST-00729,2026-01-01,165,6,1450.360000,0.232900,9,0.086100,0.174600,5,0.065500,3.894000
SYN-CUST-00365,2026-01-01,15,14,2437.670000,0.326200,33,0.167900,0.165000,9,0.036200,4.136000
SYN-CUST-02158,2026-01-01,28,10,622.550000,-0.066500,20,0.100200,0.682800,5,0.128700,3.777000
SYN-CUST-00731,2026-01-01,151,11,2640.750000,0.230800,10,0.068000,0.231600,4,0.057900,4.061000
SYN-CUST-00957,2026-01-01,46,6,580.040000,0.229300,31,0.102900,0.313700,2,0.050900,3.866000
SYN-CUST-01732,2026-01-01,84,0,0.000000,0.199600,41,0.021900,0.200300,3,0.042400,3.860000
SYN-CUST-00337,2026-01-01,21,19,4262.790000,0.216700,32,0.173400,0.131000,9,0.032100,4.293000
SYN-CUST-00535,2026-01-01,108,15,2150.510000,0.244600,8,0.041500,0.195900,4,0.053200,3.778000
SYN-CUST-01785,2026-01-01,75,2,154.610000,0.183400,64,0.007700,0.207000,8,0.038400,4.226000
SYN-CUST-01066,2026-01-01,37,6,697.560000,0.179500,17,0.093300,0.311900,2,0.056500,4.278000
SYN-CUST-01938,2026-01-01,88,0,0.000000,0.243800,31,0.030900,0.196300,2,0.041000,4.015000
SYN-CUST-01740,2026-01-01,79,3,216.210000,0.214000,58,0.019900,0.226700,8,0.034000,3.696000
SYN-CUST-00628,2026-01-01,158,8,1373.720000,0.238200,8,0.056200,0.162900,6,0.062900,3.798000
SYN-CUST-01421,2026-01-01,45,6,407.450000,0.240300,26,0.089900,0.247600,5,0.051500,4.197000
SYN-CUST-01658,2026-01-01,92,0,0.000000,0.209400,42,0.031200,0.207700,8,0.056800,3.985000
SYN-CUST-00283,2026-01-01,24,15,2415.580000,0.250900,31,0.191900,0.142300,7,0.025100,4.320000
SYN-CUST-02096,2026-01-01,29,13,1026.640000,-0.077000,21,0.130700,0.823400,6,0.093500,3.664000
SYN-CUST-00407,2026-01-01,18,11,1532.450000,0.318000,24,0.161700,0.142300,8,0.037500,4.371000
SYN-CUST-01634,2026-01-01,58,0,0.000000,0.182000,53,0.026900,0.194900,7,0.050200,3.683000
SYN-CUST-01365,2026-01-01,31,6,594.090000,0.196600,24,0.068700,0.329000,7,0.042200,4.291000
SYN-CUST-02593,2026-01-01,204,1,47.380000,0.121100,3,0.019600,0.414000,4,0.069400,3.202000
SYN-CUST-01045,2026-01-01,39,4,315.170000,0.216500,18,0.112600,0.278100,7,0.055200,3.908000
SYN-CUST-02374,2026-01-01,24,12,760.370000,-0.056100,29,0.140100,0.875600,5,0.129600,3.529000
SYN-CUST-01687,2026-01-01,85,1,77.230000,0.179100,51,0.016700,0.171100,7,0.053900,3.931000
SYN-CUST-00493,2026-01-01,194,8,1259.530000,0.208600,0,0.000000,0.168800,3,0.050600,3.885000
SYN-CUST-02014,2026-01-01,75,2,142.220000,0.168000,37,0.020000,0.181800,7,0.046900,3.991000
SYN-CUST-01660,2026-01-01,98,0,0.000000,0.167000,55,0.024800,0.215500,5,0.052500,3.660000
SYN-CUST-00638,2026-01-01,128,8,1520.430000,0.307100,4,0.069300,0.209500,4,0.058600,3.600000
SYN-CUST-02825,2026-01-01,226,2,82.310000,0.139700,3,0.006200,0.488100,1,0.082000,3.353000
SYN-CUST-02902,2026-01-01,256,0,0.000000,0.131000,0,0.000000,0.430600,1,0.084200,3.457000
SYN-CUST-00361,2026-01-01,16,15,2246.380000,0.254900,42,0.203100,0.137500,7,0.028400,4.344000
SYN-CUST-00214,2026-01-01,22,15,2325.100000,0.270200,19,0.173200,0.150100,5,0.042700,4.500000
SYN-CUST-00640,2026-01-01,196,6,1206.130000,0.226700,6,0.065500,0.185600,3,0.051800,4.045000
SYN-CUST-02160,2026-01-01,26,12,723.920000,-0.068300,29,0.173500,0.713300,3,0.110900,3.728000
SYN-CUST-02909,2026-01-01,218,1,70.400000,0.130500,2,0.026200,0.341200,1,0.083100,3.134000
SYN-CUST-01236,2026-01-01,37,3,244.250000,0.213100,23,0.078900,0.359800,2,0.068100,3.752000
SYN-CUST-01754,2026-01-01,84,1,81.360000,0.195500,34,0.049100,0.225600,5,0.051800,3.369000
SYN-CUST-00675,2026-01-01,120,11,1699.690000,0.243200,8,0.057300,0.188500,1,0.050400,3.568000
SYN-CUST-02836,2026-01-01,260,1,67.710000,0.152700,4,0.017700,0.446900,2,0.100400,3.457000
SYN-CUST-02151,2026-01-01,33,7,380.450000,-0.056300,32,0.128400,0.657700,5,0.098300,3.354000
SYN-CUST-00305,2026-01-01,19,9,1440.350000,0.262200,25,0.150700,0.134500,6,0.029800,4.364000
SYN-CUST-02451,2026-01-01,219,0,0.000000,0.142500,2,0.001000,0.463400,1,0.054000,3.345000
SYN-CUST-00990,2026-01-01,30,8,867.880000,0.268800,24,0.134400,0.279800,9,0.070400,3.861000
SYN-CUST-01897,2026-01-01,91,2,139.550000,0.207900,48,0.019400,0.198100,12,0.046500,3.815000
SYN-CUST-01971,2026-01-01,83,2,131.400000,0.190100,40,0.033700,0.212400,6,0.054200,3.849000
SYN-CUST-01590,2026-01-01,88,0,0.000000,0.184900,45,0.024200,0.188700,8,0.027900,4.333000
SYN-CUST-01188,2026-01-01,51,6,530.510000,0.257200,41,0.076600,0.327200,1,0.045200,4.142000
SYN-CUST-01477,2026-01-01,67,3,307.130000,0.217800,19,0.106000,0.260200,5,0.046600,3.975000
SYN-CUST-00560,2026-01-01,118,10,2239.740000,0.258300,6,0.066300,0.217000,6,0.063900,3.949000
SYN-CUST-01096,2026-01-01,42,2,186.060000,0.173300,22,0.106600,0.285200,4,0.056100,4.126000
SYN-CUST-01312,2026-01-01,45,4,340.230000,0.232000,16,0.083900,0.259200,4,0.065300,4.280000
SYN-CUST-00133,2026-01-01,15,16,2246.460000,0.317200,25,0.192100,0.140800,4,0.046900,4.673000
SYN-CUST-00079,2026-01-01,17,10,1522.650000,0.237100,19,0.246100,0.131400,9,0.028700,5.000000
SYN-CUST-02527,2026-01-01,244,0,0.000000,0.143500,4,0.014000,0.422400,3,0.096700,3.553000
SYN-CUST-02130,2026-01-01,32,8,367.270000,-0.066400,24,0.135300,0.698400,6,0.115400,3.075000
SYN-CUST-01225,2026-01-01,60,3,295.090000,0.219200,19,0.089700,0.327600,6,0.037300,3.657000
SYN-CUST-01356,2026-01-01,41,3,247.420000,0.224800,23,0.099400,0.268100,4,0.028900,3.779000
SYN-CUST-00677,2026-01-01,139,8,1704.950000,0.225600,4,0.061000,0.161000,5,0.081000,3.938000
SYN-CUST-00319,2026-01-01,23,12,2106.940000,0.314500,43,0.166200,0.135000,4,0.028700,4.605000
SYN-CUST-01708,2026-01-01,78,0,0.000000,0.183200,59,0.021500,0.148800,6,0.074600,3.874000
SYN-CUST-02621,2026-01-01,262,0,0.000000,0.128700,2,0.001000,0.351700,3,0.075400,3.562000
SYN-CUST-02739,2026-01-01,237,0,0.000000,0.134000,4,0.027300,0.532800,2,0.070000,3.302000
SYN-CUST-01964,2026-01-01,91,2,108.520000,0.233300,46,0.036200,0.223500,5,0.026100,4.101000
SYN-CUST-00552,2026-01-01,151,7,1054.000000,0.261700,9,0.060400,0.180900,4,0.038900,3.768000
SYN-CUST-01602,2026-01-01,57,0,0.000000,0.168200,44,0.023300,0.189200,6,0.034700,3.639000
SYN-CUST-02972,2026-01-01,280,1,61.720000,0.132600,2,0.006300,0.398000,2,0.067200,3.285000
SYN-CUST-01955,2026-01-01,84,2,161.960000,0.199700,54,0.030200,0.207300,3,0.050700,3.980000
SYN-CUST-01167,2026-01-01,41,3,289.160000,0.205900,25,0.093300,0.223700,3,0.060000,4.066000
SYN-CUST-01472,2026-01-01,39,3,232.300000,0.267400,27,0.117200,0.263400,3,0.038100,3.944000
SYN-CUST-00827,2026-01-01,42,8,683.430000,0.194500,26,0.069300,0.331900,2,0.048800,3.648000
SYN-CUST-00910,2026-01-01,54,3,243.240000,0.202400,17,0.095200,0.277400,5,0.066800,4.199000
SYN-CUST-02877,2026-01-01,249,0,0.000000,0.141300,2,0.023300,0.368000,1,0.056900,3.397000
SYN-CUST-02414,2026-01-01,28,13,804.990000,-0.056900,20,0.110200,0.803000,3,0.107600,3.575000
SYN-CUST-00496,2026-01-01,219,8,1577.930000,0.214600,7,0.057600,0.169100,6,0.070200,3.727000
SYN-CUST-00298,2026-01-01,15,7,998.840000,0.272500,26,0.193200,0.152600,3,0.031000,4.645000
SYN-CUST-00143,2026-01-01,14,13,2619.960000,0.262000,26,0.166800,0.108000,6,0.029200,4.608000
SYN-CUST-00961,2026-01-01,43,5,528.000000,0.233900,23,0.101200,0.318800,7,0.072700,4.274000
SYN-CUST-00538,2026-01-01,166,9,1368.270000,0.264500,9,0.054400,0.197000,5,0.050800,3.536000
SYN-CUST-00605,2026-01-01,151,11,2114.950000,0.282300,2,0.053200,0.180500,2,0.043700,3.858000
SYN-CUST-02684,2026-01-01,363,1,39.290000,0.127300,3,0.016600,0.383800,2,0.100900,3.630000
SYN-CUST-01582,2026-01-01,77,1,84.130000,0.184500,52,0.034700,0.217200,6,0.057800,3.977000
SYN-CUST-02007,2026-01-01,83,1,71.750000,0.183100,59,0.038300,0.206700,10,0.039200,4.231000
SYN-CUST-02654,2026-01-01,253,0,0.000000,0.134500,2,0.001000,0.377500,2,0.063600,3.550000
SYN-CUST-00314,2026-01-01,18,15,2574.560000,0.296500,28,0.176800,0.118000,7,0.026400,4.121000
SYN-CUST-00282,2026-01-01,16,13,2563.320000,0.305800,27,0.181700,0.119900,12,0.028700,4.434000
SYN-CUST-00940,2026-01-01,29,3,243.230000,0.211700,14,0.069300,0.262600,6,0.071900,4.002000
SYN-CUST-02101,2026-01-01,31,9,455.990000,-0.062400,30,0.152100,0.651500,4,0.152200,3.267000
SYN-CUST-01276,2026-01-01,40,2,153.000000,0.200400,24,0.129800,0.275200,8,0.082200,4.076000
SYN-CUST-01531,2026-01-01,86,0,0.000000,0.164800,45,0.022700,0.198100,6,0.058200,4.131000
SYN-CUST-02178,2026-01-01,30,7,330.680000,-0.074000,23,0.141600,0.837600,4,0.150800,3.465000
SYN-CUST-01753,2026-01-01,84,1,91.210000,0.187300,44,0.011500,0.173600,5,0.049400,3.971000
SYN-CUST-01900,2026-01-01,81,0,0.000000,0.195300,46,0.022700,0.213700,7,0.036500,4.249000
SYN-CUST-00335,2026-01-01,18,14,2308.220000,0.286700,39,0.162900,0.149600,5,0.026400,4.440000
SYN-CUST-01618,2026-01-01,92,0,0.000000,0.220200,45,0.030000,0.160700,11,0.040700,3.787000
SYN-CUST-01325,2026-01-01,39,7,594.330000,0.221700,21,0.094100,0.291000,4,0.058900,4.497000
SYN-CUST-00635,2026-01-01,156,7,1138.750000,0.267700,3,0.059600,0.184500,4,0.073100,3.639000
SYN-CUST-01625,2026-01-01,113,2,137.100000,0.218600,42,0.033400,0.200600,6,0.038300,4.049000
SYN-CUST-00055,2026-01-01,15,11,1608.810000,0.224700,26,0.171300,0.142100,7,0.031000,4.897000
SYN-CUST-01524,2026-01-01,82,4,279.450000,0.212000,47,0.032500,0.165800,10,0.044400,4.214000
SYN-CUST-01290,2026-01-01,38,5,526.190000,0.191600,27,0.130400,0.290400,7,0.047700,3.952000
SYN-CUST-01841,2026-01-01,86,1,80.230000,0.231400,47,0.026600,0.186700,6,0.060600,3.989000
SYN-CUST-01061,2026-01-01,36,5,392.430000,0.203300,13,0.130900,0.281700,7,0.058800,4.093000
SYN-CUST-02594,2026-01-01,291,0,0.000000,0.158300,1,0.005800,0.404400,1,0.087500,3.395000
SYN-CUST-02361,2026-01-01,21,11,754.380000,-0.072800,36,0.196400,0.575600,3,0.093000,3.349000
SYN-CUST-01101,2026-01-01,35,4,378.620000,0.250300,27,0.115300,0.301500,3,0.067200,3.615000
SYN-CUST-00316,2026-01-01,20,13,1886.440000,0.242900,34,0.182500,0.133700,7,0.047300,4.783000
SYN-CUST-01839,2026-01-01,78,1,91.920000,0.140800,43,0.036500,0.215500,7,0.050200,3.827000
SYN-CUST-00324,2026-01-01,13,14,2842.790000,0.333700,22,0.147600,0.159600,2,0.038500,5.000000
SYN-CUST-00653,2026-01-01,136,6,1461.050000,0.258200,4,0.058100,0.146700,1,0.076400,3.728000
SYN-CUST-00860,2026-01-01,46,3,293.440000,0.228500,24,0.113100,0.325600,5,0.059500,3.924000
SYN-CUST-02413,2026-01-01,26,11,670.960000,-0.071200,19,0.138200,0.872300,2,0.161500,3.803000
SYN-CUST-00403,2026-01-01,19,14,2096.010000,0.237500,33,0.202600,0.111000,10,0.036900,4.533000
SYN-CUST-00642,2026-01-01,174,4,878.050000,0.253500,3,0.068900,0.176600,7,0.076000,3.609000
SYN-CUST-02021,2026-01-01,29,9,443.590000,-0.061800,33,0.188000,0.625400,3,0.096500,3.479000
SYN-CUST-01993,2026-01-01,68,1,74.760000,0.220500,32,0.025800,0.192900,2,0.047400,3.953000
SYN-CUST-01211,2026-01-01,35,6,547.270000,0.195900,27,0.122900,0.305300,7,0.037800,4.094000
SYN-CUST-02523,2026-01-01,293,0,0.000000,0.157800,3,0.004500,0.369700,1,0.102300,3.453000
SYN-CUST-02962,2026-01-01,185,0,0.000000,0.143100,2,0.023500,0.436500,1,0.104300,3.385000
SYN-CUST-02885,2026-01-01,293,0,0.000000,0.120100,3,0.028200,0.427800,2,0.058100,3.443000
SYN-CUST-00735,2026-01-01,134,11,2046.800000,0.202700,3,0.047000,0.184100,2,0.058300,3.717000
SYN-CUST-01968,2026-01-01,67,1,87.140000,0.216200,42,0.015600,0.182800,9,0.053200,3.921000
SYN-CUST-02207,2026-01-01,27,9,608.560000,-0.053200,30,0.168600,0.824100,9,0.126200,3.377000
SYN-CUST-02418,2026-01-01,27,8,386.910000,-0.062300,33,0.123900,0.799200,8,0.131000,3.374000
SYN-CUST-00169,2026-01-01,16,11,1718.150000,0.301500,46,0.213600,0.125400,4,0.044600,5.000000
SYN-CUST-00347,2026-01-01,16,8,1035.760000,0.257100,24,0.181200,0.140900,9,0.029100,4.212000
SYN-CUST-02620,2026-01-01,199,0,0.000000,0.145400,2,0.010200,0.392300,3,0.047100,3.447000
SYN-CUST-02692,2026-01-01,324,0,0.000000,0.146300,0,0.000000,0.419100,1,0.079100,3.400000
SYN-CUST-01449,2026-01-01,40,3,275.290000,0.265600,32,0.108500,0.248300,2,0.043800,3.733000
SYN-CUST-00039,2026-01-01,17,15,2716.610000,0.274600,26,0.175500,0.151600,7,0.035200,4.399000
SYN-CUST-02588,2026-01-01,280,0,0.000000,0.153600,6,0.018100,0.438300,1,0.093600,3.032000
SYN-CUST-01284,2026-01-01,54,2,151.000000,0.231900,22,0.094300,0.338900,5,0.047500,3.869000
SYN-CUST-00233,2026-01-01,20,15,1820.350000,0.229700,34,0.192700,0.121500,9,0.029200,4.392000
SYN-CUST-02696,2026-01-01,360,1,43.160000,0.130600,1,0.029000,0.425600,1,0.087800,3.518000
SYN-CUST-00942,2026-01-01,38,2,164.030000,0.217300,28,0.132700,0.335000,1,0.068900,4.108000
SYN-CUST-02133,2026-01-01,26,11,529.600000,-0.041500,31,0.140100,0.776500,2,0.087000,3.382000
SYN-CUST-01814,2026-01-01,80,1,59.650000,0.198600,44,0.015300,0.186300,8,0.038600,3.801000
SYN-CUST-02386,2026-01-01,30,12,698.830000,-0.049400,37,0.131900,0.819000,4,0.118400,3.602000
SYN-CUST-00471,2026-01-01,140,4,575.610000,0.261100,7,0.066300,0.188400,1,0.062700,3.669000
SYN-CUST-01808,2026-01-01,75,2,163.690000,0.172000,51,0.016500,0.199300,5,0.048100,3.843000
SYN-CUST-00553,2026-01-01,180,11,1949.050000,0.258700,8,0.055900,0.139200,3,0.084700,3.752000
SYN-CUST-02627,2026-01-01,294,0,0.000000,0.147400,3,0.008400,0.459600,1,0.099700,3.511000
SYN-CUST-01130,2026-01-01,40,5,504.820000,0.220500,20,0.091000,0.278500,6,0.050400,4.343000
SYN-CUST-00402,2026-01-01,15,17,2317.770000,0.250800,40,0.197100,0.111800,4,0.038100,4.885000
SYN-CUST-02622,2026-01-01,198,0,0.000000,0.130800,4,0.009500,0.383400,1,0.106000,3.003000
SYN-CUST-01175,2026-01-01,44,7,467.260000,0.176200,29,0.106300,0.278600,1,0.060100,3.621000
SYN-CUST-00165,2026-01-01,22,8,1370.150000,0.316900,34,0.219700,0.174100,8,0.038900,4.422000
SYN-CUST-01662,2026-01-01,70,0,0.000000,0.196700,46,0.025000,0.192700,10,0.047000,3.980000
SYN-CUST-00508,2026-01-01,138,7,1754.390000,0.191200,4,0.047900,0.176500,5,0.054600,4.135000
SYN-CUST-01796,2026-01-01,110,1,80.560000,0.163900,58,0.024900,0.144200,11,0.045000,3.941000
SYN-CUST-02888,2026-01-01,330,0,0.000000,0.152300,4,0.010200,0.437200,3,0.054600,3.231000
SYN-CUST-00248,2026-01-01,17,8,1298.380000,0.265400,36,0.214900,0.157400,9,0.022800,4.348000
SYN-CUST-02701,2026-01-01,215,0,0.000000,0.148800,5,0.001000,0.360400,1,0.080500,3.135000
SYN-CUST-01633,2026-01-01,80,0,0.000000,0.213000,45,0.033000,0.246100,8,0.041100,3.772000
SYN-CUST-00755,2026-01-01,191,8,1215.520000,0.254400,2,0.077400,0.149900,6,0.047000,3.576000
SYN-CUST-01392,2026-01-01,43,6,591.840000,0.210400,30,0.086200,0.307000,5,0.091700,3.820000
SYN-CUST-01562,2026-01-01,110,3,205.250000,0.198800,62,0.017600,0.171900,5,0.065200,4.011000
SYN-CUST-01996,2026-01-01,74,1,45.110000,0.216600,48,0.028100,0.204100,7,0.054800,4.031000
SYN-CUST-01249,2026-01-01,44,6,615.760000,0.195400,23,0.094400,0.279300,5,0.065800,4.014000
SYN-CUST-00189,2026-01-01,15,11,1652.960000,0.305600,25,0.203100,0.158500,10,0.042200,4.277000
SYN-CUST-00223,2026-01-01,19,15,2977.870000,0.264600,28,0.198400,0.137100,6,0.033700,4.244000
SYN-CUST-00586,2026-01-01,150,6,859.270000,0.209000,4,0.085200,0.149900,2,0.046900,3.810000
SYN-CUST-00075,2026-01-01,16,9,1332.680000,0.272400,31,0.266100,0.152200,4,0.036800,4.346000
SYN-CUST-01077,2026-01-01,34,1,93.000000,0.184200,30,0.127500,0.339700,5,0.064200,3.868000
SYN-CUST-00815,2026-01-01,142,9,2526.450000,0.293200,6,0.054800,0.200100,5,0.050800,3.928000
SYN-CUST-02424,2026-01-01,21,17,1365.300000,-0.058600,42,0.097700,0.739400,5,0.090800,3.258000
SYN-CUST-00287,2026-01-01,17,18,2788.960000,0.282700,46,0.221500,0.151500,6,0.030500,5.000000
SYN-CUST-02981,2026-01-01,260,0,0.000000,0.152400,0,0.000000,0.299900,3,0.078500,3.304000
SYN-CUST-00799,2026-01-01,123,4,854.600000,0.261800,6,0.069600,0.201500,5,0.042700,3.633000
SYN-CUST-02023,2026-01-01,29,4,218.700000,-0.063500,28,0.120800,0.725400,5,0.156100,3.407000
SYN-CUST-00178,2026-01-01,22,14,1798.000000,0.207500,29,0.159300,0.143500,1,0.035100,4.798000
SYN-CUST-00412,2026-01-01,16,10,1631.660000,0.269500,37,0.208000,0.134600,12,0.021100,4.453000
SYN-CUST-01465,2026-01-01,37,6,479.670000,0.259600,24,0.110100,0.331000,6,0.052000,3.989000
SYN-CUST-00429,2026-01-01,20,14,2030.960000,0.249500,31,0.128100,0.153700,6,0.040000,4.568000
SYN-CUST-02470,2026-01-01,201,0,0.000000,0.151900,1,0.021400,0.458900,3,0.075900,3.268000
SYN-CUST-00863,2026-01-01,43,3,348.840000,0.226700,23,0.127200,0.258300,2,0.046200,4.142000
SYN-CUST-02776,2026-01-01,290,2,77.440000,0.145600,2,0.014800,0.419100,1,0.102900,3.093000
SYN-CUST-00202,2026-01-01,15,15,2097.340000,0.262400,33,0.204500,0.108700,7,0.030600,4.410000
SYN-CUST-00488,2026-01-01,207,3,569.110000,0.250600,3,0.062500,0.176100,2,0.043800,4.064000
SYN-CUST-01563,2026-01-01,84,0,0.000000,0.166600,57,0.027500,0.219300,5,0.054200,3.915000
SYN-CUST-02273,2026-01-01,23,14,1336.710000,-0.048300,21,0.170500,0.747700,4,0.094800,3.351000
SYN-CUST-01187,2026-01-01,41,5,524.050000,0.234300,23,0.119500,0.286200,3,0.075800,4.078000
SYN-CUST-02027,2026-01-01,28,7,364.580000,-0.057800,30,0.146400,0.929800,4,0.138900,3.537000
SYN-CUST-01257,2026-01-01,43,6,732.680000,0.252200,24,0.081100,0.310600,2,0.051500,3.939000
SYN-CUST-02303,2026-01-01,28,6,444.060000,-0.042600,25,0.172800,0.858800,3,0.157900,3.264000
SYN-CUST-01646,2026-01-01,85,0,0.000000,0.172100,43,0.031300,0.242700,4,0.047300,3.933000
SYN-CUST-00060,2026-01-01,14,13,2732.170000,0.307800,30,0.160200,0.128200,5,0.032000,4.247000
SYN-CUST-02122,2026-01-01,27,12,614.780000,-0.077000,32,0.128800,0.680100,5,0.123800,3.440000
SYN-CUST-01308,2026-01-01,42,6,690.030000,0.225200,20,0.072700,0.331500,4,0.076700,4.392000
SYN-CUST-00001,2026-01-01,18,10,1795.830000,0.225900,30,0.198900,0.163300,4,0.041900,4.686000
SYN-CUST-01294,2026-01-01,41,5,498.540000,0.202200,15,0.087700,0.262300,7,0.058000,4.039000
SYN-CUST-02694,2026-01-01,214,0,0.000000,0.175100,1,0.008400,0.419300,1,0.075300,3.390000
SYN-CUST-02900,2026-01-01,312,0,0.000000,0.138200,1,0.014500,0.455700,1,0.055500,3.263000
SYN-CUST-02949,2026-01-01,200,1,49.850000,0.125900,5,0.019200,0.536600,1,0.072400,3.311000
SYN-CUST-02055,2026-01-01,25,8,524.510000,-0.055100,25,0.149200,0.849200,2,0.126700,3.380000
SYN-CUST-00704,2026-01-01,153,9,1532.590000,0.214700,8,0.066000,0.167400,9,0.050600,3.675000
SYN-CUST-02745,2026-01-01,275,0,0.000000,0.143100,3,0.005500,0.507100,3,0.083200,3.443000
SYN-CUST-02872,2026-01-01,352,1,38.860000,0.140800,3,0.009500,0.417700,1,0.098500,3.239000
SYN-CUST-02215,2026-01-01,21,5,249.280000,-0.066500,16,0.172200,0.707400,5,0.103300,3.382000
SYN-CUST-01149,2026-01-01,31,7,516.070000,0.213900,25,0.111000,0.299200,4,0.074600,4.102000
SYN-CUST-00593,2026-01-01,195,9,2242.140000,0.262000,8,0.057900,0.173200,4,0.039800,4.034000
SYN-CUST-02651,2026-01-01,243,0,0.000000,0.114600,2,0.023200,0.432700,1,0.101700,3.288000
SYN-CUST-02528,2026-01-01,220,1,34.670000,0.121800,1,0.006500,0.476400,1,0.080300,3.223000
SYN-CUST-02767,2026-01-01,259,1,48.000000,0.108800,6,0.008300,0.447900,3,0.080200,3.113000
SYN-CUST-00107,2026-01-01,19,9,1629.880000,0.267100,23,0.149900,0.140500,2,0.033000,4.397000
SYN-CUST-00966,2026-01-01,37,4,466.100000,0.228700,20,0.133200,0.250100,8,0.051500,3.725000
SYN-CUST-01223,2026-01-01,37,2,193.190000,0.225700,18,0.109600,0.302600,5,0.058900,3.900000
SYN-CUST-01394,2026-01-01,34,1,74.420000,0.223500,21,0.078700,0.228200,6,0.041800,4.041000
SYN-CUST-01890,2026-01-01,89,2,144.810000,0.197200,51,0.015400,0.202400,8,0.067000,3.899000
SYN-CUST-02994,2026-01-01,208,2,56.910000,0.145400,2,0.030600,0.495400,1,0.066100,3.398000
SYN-CUST-01852,2026-01-01,62,1,81.140000,0.145600,41,0.024700,0.189400,6,0.039900,3.876000
SYN-CUST-02143,2026-01-01,30,13,789.570000,-0.063500,34,0.146200,0.596000,3,0.099000,3.699000
SYN-CUST-01932,2026-01-01,111,2,122.480000,0.218700,54,0.041300,0.251400,13,0.044300,3.895000
SYN-CUST-02382,2026-01-01,31,12,666.460000,-0.047800,31,0.134200,0.707600,2,0.077600,3.865000
SYN-CUST-00228,2026-01-01,16,18,2600.760000,0.310900,41,0.176100,0.146700,8,0.027700,4.369000
SYN-CUST-01016,2026-01-01,39,2,214.330000,0.197600,24,0.097800,0.240100,2,0.078000,3.904000
SYN-CUST-00720,2026-01-01,154,11,1644.580000,0.216800,12,0.045500,0.183900,4,0.069100,3.671000
SYN-CUST-02585,2026-01-01,260,2,94.500000,0.133300,1,0.006600,0.524200,1,0.076500,3.447000
SYN-CUST-00975,2026-01-01,49,3,322.030000,0.239800,17,0.095500,0.306400,3,0.080000,3.923000
SYN-CUST-00354,2026-01-01,18,8,1568.160000,0.262000,22,0.194900,0.162000,6,0.052300,4.945000
SYN-CUST-02031,2026-01-01,27,7,269.450000,-0.060300,21,0.137400,0.782000,3,0.145900,3.614000
SYN-CUST-00032,2026-01-01,18,14,2386.280000,0.239500,41,0.221400,0.143000,8,0.021200,4.472000
SYN-CUST-01374,2026-01-01,24,2,227.100000,0.203300,29,0.114200,0.262200,1,0.066800,4.042000
SYN-CUST-01569,2026-01-01,76,1,72.750000,0.165600,42,0.027200,0.172100,7,0.049200,3.795000
SYN-CUST-00161,2026-01-01,14,16,2704.140000,0.298100,26,0.200000,0.143300,2,0.037100,4.482000
SYN-CUST-02033,2026-01-01,24,10,649.520000,-0.053200,39,0.119200,0.841600,5,0.118500,3.216000
SYN-CUST-00519,2026-01-01,165,7,1463.650000,0.248500,12,0.059500,0.186500,3,0.091100,3.733000
SYN-CUST-01694,2026-01-01,110,0,0.000000,0.159300,45,0.014600,0.183400,5,0.053200,4.055000
SYN-CUST-01293,2026-01-01,36,3,211.330000,0.209400,23,0.090300,0.315200,4,0.049100,3.995000
SYN-CUST-01401,2026-01-01,41,3,258.390000,0.257800,30,0.126500,0.264100,2,0.052100,4.043000
SYN-CUST-02189,2026-01-01,30,13,651.870000,-0.077500,39,0.144400,0.817700,3,0.121400,3.634000
SYN-CUST-00790,2026-01-01,106,10,1860.090000,0.190800,8,0.064900,0.200700,2,0.051700,3.904000
SYN-CUST-00459,2026-01-01,146,14,2595.420000,0.252500,5,0.069800,0.191000,7,0.032800,3.648000
SYN-CUST-00583,2026-01-01,153,10,2020.350000,0.260600,5,0.058100,0.203100,6,0.037500,3.644000
SYN-CUST-02367,2026-01-01,24,14,832.330000,-0.067100,33,0.181300,0.794800,9,0.123000,3.395000
SYN-CUST-00894,2026-01-01,35,2,210.050000,0.231700,20,0.087500,0.305500,6,0.065100,4.167000
SYN-CUST-00510,2026-01-01,156,7,953.180000,0.293900,4,0.043800,0.130100,3,0.045300,3.975000
SYN-CUST-01129,2026-01-01,51,6,539.130000,0.217700,27,0.060100,0.276400,6,0.055400,3.767000
SYN-CUST-02013,2026-01-01,73,1,60.200000,0.208300,52,0.032400,0.155100,7,0.035700,3.710000
SYN-CUST-01780,2026-01-01,76,2,142.650000,0.178700,51,0.029200,0.205500,6,0.070200,3.784000
SYN-CUST-00224,2026-01-01,19,13,2385.660000,0.269800,32,0.214300,0.140400,8,0.030100,4.315000
SYN-CUST-00971,2026-01-01,36,5,404.950000,0.259900,30,0.107600,0.315500,1,0.041000,4.278000
SYN-CUST-00277,2026-01-01,15,9,1467.770000,0.272100,30,0.215800,0.135500,6,0.032600,4.587000
SYN-CUST-01268,2026-01-01,43,5,490.430000,0.182100,21,0.110000,0.276800,5,0.065700,4.309000
SYN-CUST-02476,2026-01-01,293,0,0.000000,0.124200,1,0.017300,0.424600,2,0.124500,3.134000
SYN-CUST-01572,2026-01-01,82,2,147.790000,0.217200,51,0.034700,0.208800,8,0.047700,3.862000
SYN-CUST-02677,2026-01-01,278,1,42.890000,0.189400,1,0.001000,0.439600,1,0.081500,3.163000
SYN-CUST-00710,2026-01-01,127,6,1100.100000,0.218100,7,0.062800,0.203300,1,0.048600,3.388000
SYN-CUST-01316,2026-01-01,34,4,498.540000,0.244900,23,0.121300,0.222100,3,0.072900,3.761000
SYN-CUST-01628,2026-01-01,109,0,0.000000,0.200000,47,0.001900,0.184800,8,0.042900,3.950000
SYN-CUST-00565,2026-01-01,165,8,1793.770000,0.248400,6,0.060600,0.191600,3,0.061100,3.726000
SYN-CUST-01253,2026-01-01,43,2,189.600000,0.200200,26,0.115000,0.306400,9,0.091300,4.157000
SYN-CUST-01843,2026-01-01,85,1,62.000000,0.190400,45,0.020100,0.216000,4,0.038100,3.882000
SYN-CUST-00938,2026-01-01,36,1,76.040000,0.270200,27,0.091600,0.310000,6,0.059100,4.151000
SYN-CUST-00749,2026-01-01,162,10,1564.230000,0.164500,7,0.061400,0.144100,5,0.047200,3.804000
SYN-CUST-00481,2026-01-01,143,10,1189.330000,0.266000,4,0.040900,0.211900,7,0.048700,3.662000
SYN-CUST-00839,2026-01-01,35,3,211.250000,0.211200,17,0.094100,0.233400,7,0.063100,4.047000
SYN-CUST-02993,2026-01-01,245,0,0.000000,0.147000,2,0.014800,0.414800,2,0.048700,3.456000
SYN-CUST-01226,2026-01-01,42,8,610.580000,0.201100,26,0.102500,0.235800,8,0.056300,4.198000
SYN-CUST-02976,2026-01-01,365,2,74.120000,0.151000,1,0.013300,0.386700,1,0.044200,3.602000
SYN-CUST-00092,2026-01-01,18,14,2241.440000,0.310200,29,0.125400,0.152000,2,0.034800,4.333000
SYN-CUST-01200,2026-01-01,44,4,327.640000,0.180800,24,0.098100,0.200300,6,0.087700,4.010000
SYN-CUST-01553,2026-01-01,79,0,0.000000,0.197200,58,0.019200,0.209400,6,0.024200,4.037000
SYN-CUST-01498,2026-01-01,107,2,96.890000,0.163800,45,0.001000,0.217400,8,0.051400,3.898000
SYN-CUST-00263,2026-01-01,21,11,1422.400000,0.311000,25,0.187500,0.143800,4,0.026800,4.567000
SYN-CUST-00372,2026-01-01,16,13,1407.800000,0.296000,33,0.195200,0.126900,7,0.056900,4.871000
SYN-CUST-01829,2026-01-01,103,0,0.000000,0.173000,52,0.023300,0.210900,7,0.014700,3.735000
SYN-CUST-00542,2026-01-01,176,14,2188.810000,0.224500,7,0.080700,0.207200,2,0.044500,3.784000
SYN-CUST-02954,2026-01-01,283,1,48.010000,0.131800,3,0.007100,0.433500,5,0.064900,3.497000
SYN-CUST-00783,2026-01-01,127,5,828.750000,0.225100,8,0.025600,0.159100,6,0.067500,3.478000
SYN-CUST-02735,2026-01-01,298,0,0.000000,0.128000,1,0.010500,0.415800,2,0.074100,3.267000
SYN-CUST-02609,2026-01-01,309,0,0.000000,0.138200,3,0.001600,0.386400,1,0.092200,3.511000
SYN-CUST-02950,2026-01-01,172,0,0.000000,0.160000,4,0.001000,0.398000,3,0.089000,3.407000
SYN-CUST-02957,2026-01-01,261,0,0.000000,0.152200,1,0.015800,0.460400,3,0.100600,3.515000
SYN-CUST-01445,2026-01-01,39,7,554.450000,0.206200,20,0.110800,0.269200,3,0.055700,3.766000
SYN-CUST-02281,2026-01-01,23,8,543.590000,-0.067600,13,0.127600,0.884800,3,0.064400,3.659000
SYN-CUST-02163,2026-01-01,33,12,671.120000,-0.057100,28,0.154300,0.639600,2,0.118000,4.151000
SYN-CUST-02219,2026-01-01,21,18,1038.340000,-0.059600,33,0.163000,0.815600,3,0.109800,3.474000
SYN-CUST-01601,2026-01-01,68,1,80.500000,0.202500,43,0.028800,0.177500,9,0.042900,4.043000
SYN-CUST-02302,2026-01-01,30,6,332.580000,-0.053900,21,0.134900,0.715300,6,0.111800,3.831000
SYN-CUST-01442,2026-01-01,44,2,183.760000,0.157500,27,0.096500,0.273400,1,0.067800,3.978000
SYN-CUST-02053,2026-01-01,28,18,1614.630000,-0.058900,37,0.121800,0.943400,2,0.101700,3.535000
SYN-CUST-00850,2026-01-01,39,5,403.330000,0.218700,20,0.128100,0.331900,6,0.083700,3.784000
SYN-CUST-00328,2026-01-01,16,12,1817.170000,0.246700,38,0.166700,0.116700,5,0.038500,4.500000
SYN-CUST-02688,2026-01-01,271,0,0.000000,0.160000,0,0.000000,0.444300,3,0.083900,3.554000
SYN-CUST-02992,2026-01-01,215,0,0.000000,0.154400,2,0.012600,0.390900,2,0.069800,3.217000
SYN-CUST-02353,2026-01-01,40,24,1764.540000,-0.049700,39,0.132900,0.750600,3,0.144700,3.615000
SYN-CUST-02973,2026-01-01,179,0,0.000000,0.109800,2,0.030900,0.402600,2,0.086700,3.449000
SYN-CUST-01957,2026-01-01,93,0,0.000000,0.178900,55,0.023100,0.204000,7,0.044500,3.471000
SYN-CUST-00670,2026-01-01,165,9,1729.130000,0.287500,11,0.066600,0.168900,2,0.076000,3.590000
SYN-CUST-02024,2026-01-01,33,5,325.460000,-0.055600,36,0.140600,0.904700,4,0.117700,3.403000
SYN-CUST-01250,2026-01-01,36,6,669.210000,0.249200,26,0.098100,0.252600,3,0.075400,4.027000
SYN-CUST-01108,2026-01-01,41,2,172.480000,0.186900,25,0.088000,0.305400,5,0.035700,4.089000
SYN-CUST-02846,2026-01-01,157,0,0.000000,0.150100,3,0.001000,0.432400,1,0.062200,3.207000
SYN-CUST-00097,2026-01-01,16,17,2544.780000,0.319800,34,0.152500,0.149400,4,0.031500,4.304000
SYN-CUST-02436,2026-01-01,19,11,591.160000,-0.066000,28,0.150000,0.756800,1,0.144600,3.444000
SYN-CUST-00999,2026-01-01,41,8,669.260000,0.236500,26,0.089400,0.283100,2,0.056700,3.864000
SYN-CUST-01419,2026-01-01,39,4,408.880000,0.205100,22,0.089200,0.322800,6,0.045700,3.904000
SYN-CUST-01704,2026-01-01,102,1,65.170000,0.204500,40,0.015600,0.197800,10,0.018900,4.143000
SYN-CUST-02611,2026-01-01,265,0,0.000000,0.151500,4,0.021700,0.410600,1,0.068400,3.509000
SYN-CUST-00469,2026-01-01,141,11,1934.360000,0.290300,9,0.072200,0.186000,5,0.044600,4.207000
SYN-CUST-01887,2026-01-01,73,1,89.460000,0.219600,35,0.027800,0.204400,6,0.046600,4.159000
SYN-CUST-02935,2026-01-01,187,0,0.000000,0.130100,3,0.002500,0.476600,1,0.099700,3.357000
SYN-CUST-02139,2026-01-01,26,8,481.260000,-0.070400,26,0.123600,0.923100,3,0.125800,3.251000
SYN-CUST-02990,2026-01-01,282,1,48.060000,0.184000,1,0.013800,0.359000,1,0.062600,3.115000
SYN-CUST-02318,2026-01-01,27,14,805.330000,-0.062200,34,0.111800,0.710600,5,0.159500,3.683000
SYN-CUST-00736,2026-01-01,132,8,1433.430000,0.259300,3,0.030800,0.158200,1,0.081000,3.740000
SYN-CUST-02313,2026-01-01,27,12,956.600000,-0.042400,32,0.151000,0.818000,6,0.167100,3.526000
SYN-CUST-02630,2026-01-01,217,0,0.000000,0.134700,2,0.001000,0.475300,2,0.081700,3.275000
SYN-CUST-01760,2026-01-01,74,3,223.170000,0.152400,60,0.033800,0.226100,6,0.035200,3.661000
SYN-CUST-01459,2026-01-01,47,8,639.080000,0.240000,26,0.088100,0.251200,8,0.059100,4.412000
SYN-CUST-02083,2026-01-01,27,5,345.340000,-0.058500,38,0.126800,0.582100,1,0.095300,3.782000
SYN-CUST-01747,2026-01-01,101,4,283.970000,0.197700,62,0.033500,0.189800,14,0.052100,3.983000
SYN-CUST-02402,2026-01-01,27,3,180.440000,-0.062200,24,0.122800,0.534600,5,0.090100,3.666000
SYN-CUST-00742,2026-01-01,150,17,3078.930000,0.213000,7,0.068300,0.183200,8,0.047100,3.573000
SYN-CUST-01884,2026-01-01,85,0,0.000000,0.217700,47,0.032500,0.185200,5,0.072200,3.858000
SYN-CUST-00172,2026-01-01,26,17,3172.040000,0.249000,22,0.167000,0.165000,5,0.034600,4.464000
SYN-CUST-00555,2026-01-01,109,5,866.440000,0.237600,2,0.038400,0.193900,1,0.064700,3.586000
SYN-CUST-00089,2026-01-01,20,12,1546.310000,0.318100,27,0.183200,0.142500,3,0.034500,4.726000
SYN-CUST-01118,2026-01-01,42,2,177.510000,0.180400,24,0.126300,0.256200,6,0.065300,4.214000
SYN-CUST-02044,2026-01-01,34,9,573.580000,-0.065100,37,0.181800,0.654600,6,0.160000,3.636000
SYN-CUST-02835,2026-01-01,276,1,46.760000,0.126900,2,0.007900,0.343300,2,0.098400,3.188000
SYN-CUST-01727,2026-01-01,75,0,0.000000,0.206700,42,0.022500,0.163600,9,0.042700,3.962000
SYN-CUST-01151,2026-01-01,49,5,430.320000,0.217400,27,0.116900,0.294200,5,0.054500,3.688000
SYN-CUST-01463,2026-01-01,41,2,170.940000,0.211300,20,0.075700,0.271600,3,0.075700,3.926000
SYN-CUST-02500,2026-01-01,283,2,97.940000,0.130300,2,0.016400,0.452400,1,0.065800,3.381000
SYN-CUST-02894,2026-01-01,234,0,0.000000,0.122800,2,0.011000,0.416200,4,0.056900,3.511000
SYN-CUST-01251,2026-01-01,47,2,215.020000,0.186800,35,0.087300,0.254900,1,0.038100,4.135000
SYN-CUST-00779,2026-01-01,160,16,3095.170000,0.282000,7,0.059100,0.154100,4,0.076200,3.563000
SYN-CUST-01857,2026-01-01,108,1,62.920000,0.140700,55,0.049300,0.158300,4,0.048000,3.876000
SYN-CUST-02199,2026-01-01,27,8,468.380000,-0.074100,23,0.089700,0.621400,7,0.119200,3.664000
SYN-CUST-02392,2026-01-01,27,16,968.100000,-0.041500,34,0.149300,0.709800,3,0.068200,3.340000
SYN-CUST-02156,2026-01-01,24,10,871.000000,-0.047200,32,0.120300,0.815400,4,0.104200,3.684000
SYN-CUST-00259,2026-01-01,24,15,2307.630000,0.253000,35,0.157900,0.165100,7,0.039900,4.500000
SYN-CUST-00935,2026-01-01,33,3,212.620000,0.200700,15,0.106000,0.321900,1,0.036200,4.142000
SYN-CUST-00661,2026-01-01,180,6,1349.630000,0.239200,6,0.079300,0.201200,4,0.054800,3.700000
SYN-CUST-00052,2026-01-01,18,14,1981.380000,0.252600,36,0.231600,0.139100,9,0.050200,4.605000
SYN-CUST-01755,2026-01-01,70,2,151.580000,0.202600,43,0.034400,0.235800,2,0.046400,3.855000
SYN-CUST-00557,2026-01-01,104,6,1045.150000,0.244700,8,0.056900,0.183600,3,0.062400,3.697000
SYN-CUST-00309,2026-01-01,17,11,1172.480000,0.270600,29,0.198700,0.151700,4,0.035900,4.259000
SYN-CUST-00210,2026-01-01,15,10,1592.060000,0.269000,33,0.222800,0.123400,8,0.014900,4.513000
SYN-CUST-00034,2026-01-01,19,11,1392.970000,0.290200,51,0.233300,0.141800,7,0.031500,4.541000
SYN-CUST-00415,2026-01-01,14,20,2528.760000,0.265300,45,0.252500,0.168300,5,0.015700,5.000000
SYN-CUST-00363,2026-01-01,24,14,2873.080000,0.300800,15,0.193100,0.125400,8,0.047000,4.575000
SYN-CUST-01470,2026-01-01,47,6,382.230000,0.282400,23,0.086100,0.289700,5,0.060400,4.092000
SYN-CUST-02602,2026-01-01,281,0,0.000000,0.126700,1,0.013800,0.404100,2,0.085100,3.728000
SYN-CUST-00028,2026-01-01,23,13,1662.540000,0.253000,40,0.133200,0.132000,6,0.030400,4.316000
SYN-CUST-02689,2026-01-01,225,1,45.650000,0.119800,3,0.001000,0.400100,3,0.081500,3.244000
SYN-CUST-02155,2026-01-01,21,4,242.830000,-0.056600,31,0.171600,0.765700,5,0.087600,3.735000
SYN-CUST-02069,2026-01-01,27,12,894.570000,-0.072800,36,0.145100,0.685600,5,0.147000,3.895000
SYN-CUST-00069,2026-01-01,12,14,2287.240000,0.297100,26,0.177600,0.162500,7,0.025700,5.000000
SYN-CUST-02819,2026-01-01,241,1,39.170000,0.160800,0,0.000000,0.440700,3,0.045600,3.307000
SYN-CUST-01287,2026-01-01,48,5,435.010000,0.234200,24,0.102000,0.308000,5,0.063200,3.873000
SYN-CUST-01121,2026-01-01,37,4,334.120000,0.261400,25,0.107600,0.273300,7,0.048800,3.961000
SYN-CUST-01231,2026-01-01,42,3,312.790000,0.222300,16,0.080300,0.244200,8,0.050600,3.734000
SYN-CUST-02196,2026-01-01,27,13,747.400000,-0.062200,36,0.185300,0.985700,5,0.116100,3.509000
SYN-CUST-01359,2026-01-01,50,1,85.490000,0.239200,19,0.111200,0.276000,9,0.034300,3.922000
SYN-CUST-01770,2026-01-01,91,0,0.000000,0.157800,56,0.025600,0.200400,9,0.049900,3.667000
SYN-CUST-00183,2026-01-01,24,21,3702.380000,0.277100,36,0.220400,0.122600,6,0.039500,4.567000
SYN-CUST-00647,2026-01-01,135,9,1334.110000,0.293300,2,0.057600,0.187500,5,0.054400,3.436000
SYN-CUST-00669,2026-01-01,192,6,842.240000,0.273700,9,0.056600,0.153100,5,0.055100,3.882000
SYN-CUST-01291,2026-01-01,43,6,503.800000,0.218900,28,0.125200,0.358600,4,0.058900,4.156000
SYN-CUST-00914,2026-01-01,39,5,454.770000,0.210600,24,0.110300,0.292800,3,0.068800,4.047000
SYN-CUST-00845,2026-01-01,37,3,318.440000,0.189000,20,0.157000,0.193700,8,0.072400,4.613000
SYN-CUST-01015,2026-01-01,33,4,402.590000,0.203300,22,0.118800,0.295700,5,0.066700,3.983000
SYN-CUST-01512,2026-01-01,69,2,103.670000,0.188500,41,0.021500,0.165700,9,0.039000,3.708000
SYN-CUST-00629,2026-01-01,132,4,897.360000,0.259400,4,0.065100,0.188700,3,0.048900,3.810000
SYN-CUST-01400,2026-01-01,32,4,308.940000,0.242600,28,0.094000,0.323700,5,0.032000,4.237000
SYN-CUST-01080,2026-01-01,30,6,479.120000,0.233000,20,0.095000,0.310900,4,0.075200,3.610000
SYN-CUST-00182,2026-01-01,20,14,2732.490000,0.283400,38,0.237600,0.162800,6,0.023200,4.222000
SYN-CUST-01877,2026-01-01,76,1,93.880000,0.188900,62,0.032400,0.171600,11,0.056100,3.964000
SYN-CUST-00076,2026-01-01,21,19,2326.440000,0.237500,35,0.134300,0.117700,6,0.027400,4.467000
SYN-CUST-01114,2026-01-01,37,7,677.110000,0.229700,22,0.095900,0.290400,3,0.050200,3.770000
SYN-CUST-02968,2026-01-01,252,1,46.900000,0.143200,1,0.017900,0.365000,1,0.101100,3.217000
SYN-CUST-00941,2026-01-01,53,8,760.380000,0.223600,30,0.074200,0.314300,9,0.063500,4.280000
SYN-CUST-01717,2026-01-01,99,2,106.130000,0.218600,68,0.027800,0.189800,4,0.051200,3.587000
SYN-CUST-02592,2026-01-01,266,1,45.160000,0.119400,3,0.013700,0.301100,3,0.049100,3.399000
SYN-CUST-00572,2026-01-01,112,11,2829.760000,0.289200,3,0.052300,0.178700,3,0.060500,3.641000
SYN-CUST-02180,2026-01-01,24,11,597.920000,-0.074900,27,0.158800,0.782200,1,0.150900,3.996000
SYN-CUST-01433,2026-01-01,39,4,346.970000,0.240100,19,0.096900,0.322400,5,0.048000,3.955000
SYN-CUST-00186,2026-01-01,21,15,2335.740000,0.304700,20,0.223300,0.137800,6,0.027300,4.605000
SYN-CUST-02763,2026-01-01,225,0,0.000000,0.137300,0,0.000000,0.404200,2,0.056100,3.071000
SYN-CUST-02445,2026-01-01,24,10,800.170000,-0.042800,35,0.136100,0.729300,4,0.141900,3.366000
SYN-CUST-01404,2026-01-01,38,3,439.280000,0.188100,28,0.106700,0.299400,4,0.049900,3.758000
SYN-CUST-00867,2026-01-01,38,3,293.090000,0.160200,21,0.127400,0.268300,2,0.069600,3.828000
SYN-CUST-02295,2026-01-01,26,18,1266.500000,-0.053500,29,0.167900,0.774900,6,0.096500,3.333000
SYN-CUST-01486,2026-01-01,78,0,0.000000,0.147000,48,0.028500,0.211700,9,0.042400,3.852000
SYN-CUST-02727,2026-01-01,212,0,0.000000,0.147600,3,0.010000,0.363600,3,0.044900,3.297000
SYN-CUST-01259,2026-01-01,34,4,325.690000,0.201600,15,0.091900,0.277600,3,0.043100,4.394000
SYN-CUST-01888,2026-01-01,64,1,80.840000,0.205800,38,0.026500,0.237600,7,0.042600,4.271000
SYN-CUST-00207,2026-01-01,24,13,1669.070000,0.304200,41,0.224100,0.168100,9,0.036100,4.742000
SYN-CUST-00389,2026-01-01,19,10,1393.680000,0.194900,34,0.134200,0.140800,5,0.025400,4.885000
SYN-CUST-00959,2026-01-01,37,4,297.800000,0.228400,21,0.104300,0.263600,4,0.042600,4.036000
SYN-CUST-02904,2026-01-01,261,0,0.000000,0.151500,2,0.001000,0.399800,3,0.076400,3.473000
SYN-CUST-02005,2026-01-01,70,0,0.000000,0.182500,48,0.028100,0.169000,9,0.051700,4.132000
SYN-CUST-02267,2026-01-01,31,9,697.070000,-0.058000,25,0.167200,0.655200,4,0.041700,3.349000
SYN-CUST-01655,2026-01-01,77,0,0.000000,0.228400,57,0.018900,0.146500,11,0.031700,3.989000
SYN-CUST-02210,2026-01-01,35,13,741.580000,-0.057400,40,0.164200,0.861100,5,0.084200,3.182000
SYN-CUST-01989,2026-01-01,80,1,91.950000,0.184500,61,0.017200,0.207200,10,0.044600,4.062000
SYN-CUST-02228,2026-01-01,36,6,391.770000,-0.046300,20,0.139600,0.721100,5,0.096700,3.630000
SYN-CUST-01309,2026-01-01,34,2,162.670000,0.232300,15,0.073300,0.258300,3,0.079300,4.126000
SYN-CUST-01182,2026-01-01,39,5,560.790000,0.232000,27,0.128300,0.358900,4,0.067500,4.276000
SYN-CUST-01568,2026-01-01,87,2,123.030000,0.200300,52,0.027100,0.204700,6,0.035200,3.993000
SYN-CUST-02941,2026-01-01,268,0,0.000000,0.136700,2,0.024600,0.360900,2,0.067000,3.054000
SYN-CUST-00622,2026-01-01,130,4,731.750000,0.190600,9,0.057300,0.187100,3,0.057400,3.825000
SYN-CUST-01298,2026-01-01,43,4,362.420000,0.172400,22,0.090200,0.306100,8,0.060500,4.231000
SYN-CUST-01860,2026-01-01,95,1,62.930000,0.170900,52,0.014100,0.210700,8,0.047100,4.095000
SYN-CUST-02306,2026-01-01,25,11,780.040000,-0.055300,24,0.137500,0.673600,5,0.120600,3.695000
SYN-CUST-00326,2026-01-01,16,13,2180.660000,0.182300,27,0.227700,0.160200,7,0.034300,4.265000
SYN-CUST-02237,2026-01-01,24,9,806.060000,-0.070600,24,0.133000,0.754600,6,0.097800,3.876000
SYN-CUST-01430,2026-01-01,38,4,330.850000,0.205000,18,0.098000,0.264900,5,0.043900,3.843000
SYN-CUST-00506,2026-01-01,118,1,234.090000,0.235500,4,0.073400,0.196900,2,0.069400,3.815000
SYN-CUST-02427,2026-01-01,24,6,328.160000,-0.060300,36,0.141100,0.775300,5,0.147500,3.732000
SYN-CUST-01697,2026-01-01,96,1,52.030000,0.201700,61,0.006400,0.220400,10,0.060400,3.753000
SYN-CUST-00623,2026-01-01,142,12,1741.710000,0.232500,9,0.040400,0.185300,3,0.061100,3.851000
SYN-CUST-00373,2026-01-01,19,9,1432.580000,0.318600,31,0.173800,0.104100,6,0.030700,4.291000
SYN-CUST-02372,2026-01-01,27,11,745.730000,-0.064300,28,0.098600,0.835000,5,0.095300,3.541000
SYN-CUST-02260,2026-01-01,32,8,517.190000,-0.043800,31,0.138900,0.585800,5,0.065900,3.295000
SYN-CUST-02761,2026-01-01,257,0,0.000000,0.131900,4,0.007300,0.465800,2,0.068600,3.415000
SYN-CUST-00439,2026-01-01,14,14,2099.410000,0.305100,25,0.109200,0.171600,6,0.024100,4.236000
SYN-CUST-01962,2026-01-01,90,2,141.410000,0.205800,42,0.033500,0.233200,7,0.053500,3.661000
SYN-CUST-00861,2026-01-01,28,11,872.950000,0.240900,18,0.115700,0.296800,4,0.061200,3.875000
SYN-CUST-01788,2026-01-01,77,2,119.550000,0.201100,39,0.027100,0.173800,8,0.067200,3.686000
SYN-CUST-02623,2026-01-01,233,0,0.000000,0.161900,2,0.011700,0.395900,1,0.105400,3.620000
SYN-CUST-00857,2026-01-01,38,2,198.410000,0.204200,26,0.102100,0.341700,2,0.048100,4.141000
SYN-CUST-01699,2026-01-01,106,2,163.830000,0.206600,53,0.033500,0.216700,3,0.036600,3.533000
SYN-CUST-02145,2026-01-01,20,7,341.020000,-0.047600,36,0.101500,0.732500,2,0.047600,3.265000
SYN-CUST-00128,2026-01-01,19,18,2366.200000,0.272500,35,0.191800,0.140600,5,0.033200,4.353000
SYN-CUST-01102,2026-01-01,54,4,331.930000,0.232000,18,0.082300,0.417400,9,0.057400,3.730000
SYN-CUST-02287,2026-01-01,30,15,919.140000,-0.075900,32,0.166200,0.736500,3,0.135300,3.998000
SYN-CUST-01128,2026-01-01,37,6,584.150000,0.176200,23,0.093400,0.322800,12,0.058100,3.781000
SYN-CUST-01632,2026-01-01,80,0,0.000000,0.211700,38,0.012100,0.230600,5,0.042200,4.057000
SYN-CUST-02449,2026-01-01,286,1,54.150000,0.143200,3,0.014800,0.415900,3,0.070300,3.572000
SYN-CUST-02429,2026-01-01,22,9,560.620000,-0.077200,28,0.150400,0.886700,4,0.109500,3.341000
SYN-CUST-00279,2026-01-01,19,10,1568.780000,0.288900,37,0.185300,0.164700,11,0.026700,4.901000
SYN-CUST-02030,2026-01-01,34,13,1007.990000,-0.069300,26,0.190100,0.526700,7,0.110000,3.426000
SYN-CUST-01036,2026-01-01,30,6,596.910000,0.260400,18,0.107400,0.295400,6,0.053700,4.043000
SYN-CUST-02326,2026-01-01,28,15,717.930000,-0.038700,26,0.170700,0.780800,7,0.118900,3.530000
SYN-CUST-02518,2026-01-01,326,0,0.000000,0.142300,2,0.007400,0.429300,1,0.098900,3.597000
SYN-CUST-01012,2026-01-01,39,3,278.980000,0.191600,24,0.066000,0.281500,6,0.068100,4.274000
SYN-CUST-01134,2026-01-01,43,0,0.000000,0.226900,22,0.111200,0.245100,2,0.078500,3.523000
SYN-CUST-01805,2026-01-01,107,1,53.040000,0.171000,47,0.010900,0.114100,4,0.058900,3.917000
SYN-CUST-01685,2026-01-01,65,1,66.340000,0.227000,41,0.009300,0.171700,3,0.065300,3.849000
SYN-CUST-01670,2026-01-01,61,0,0.000000,0.192400,38,0.008300,0.196600,8,0.034800,3.925000
SYN-CUST-01789,2026-01-01,69,3,190.400000,0.175900,58,0.037300,0.210100,6,0.049900,3.874000
SYN-CUST-01081,2026-01-01,41,7,585.320000,0.283400,20,0.124200,0.261700,8,0.044300,4.097000
SYN-CUST-00288,2026-01-01,27,6,855.270000,0.247100,30,0.168600,0.133800,10,0.034500,4.622000
SYN-CUST-00787,2026-01-01,106,5,741.700000,0.243600,5,0.050000,0.176900,4,0.058200,3.837000
SYN-CUST-00371,2026-01-01,22,6,999.110000,0.258900,36,0.158900,0.118100,4,0.036300,4.411000
SYN-CUST-02377,2026-01-01,30,12,850.280000,-0.055500,25,0.157300,0.735000,6,0.103600,3.550000
SYN-CUST-01653,2026-01-01,97,0,0.000000,0.190800,50,0.033700,0.200100,6,0.050500,3.979000
SYN-CUST-01882,2026-01-01,96,2,154.740000,0.178500,39,0.008300,0.214600,5,0.053600,4.048000
SYN-CUST-00627,2026-01-01,133,4,754.880000,0.261900,4,0.067600,0.166500,2,0.055400,4.010000
SYN-CUST-02876,2026-01-01,281,0,0.000000,0.145200,2,0.012800,0.387200,1,0.067100,3.572000
SYN-CUST-02695,2026-01-01,189,0,0.000000,0.126800,1,0.010100,0.373300,1,0.075000,3.342000
SYN-CUST-02608,2026-01-01,170,0,0.000000,0.155400,0,0.000000,0.462200,1,0.097800,3.677000
SYN-CUST-02728,2026-01-01,239,1,46.750000,0.128100,4,0.021300,0.430900,2,0.109000,3.394000
SYN-CUST-02797,2026-01-01,249,0,0.000000,0.137500,5,0.015400,0.372900,1,0.076400,3.613000
SYN-CUST-02458,2026-01-01,237,0,0.000000,0.151100,1,0.022600,0.363300,3,0.081100,3.315000
SYN-CUST-02272,2026-01-01,23,12,819.960000,-0.071000,33,0.134500,0.665700,5,0.120000,3.472000
SYN-CUST-01384,2026-01-01,34,4,448.460000,0.235100,13,0.089400,0.304900,2,0.061200,4.166000
SYN-CUST-00548,2026-01-01,175,9,1973.240000,0.218400,7,0.065400,0.175500,1,0.053600,4.038000
SYN-CUST-00763,2026-01-01,125,5,889.300000,0.196600,6,0.065700,0.223900,5,0.046200,3.712000
SYN-CUST-00645,2026-01-01,172,6,906.360000,0.191500,7,0.042800,0.146500,3,0.072600,3.613000
SYN-CUST-01030,2026-01-01,32,1,103.800000,0.280100,17,0.080500,0.276600,2,0.059000,4.290000
SYN-CUST-01319,2026-01-01,31,7,633.680000,0.228600,26,0.106700,0.284500,2,0.052700,4.130000
SYN-CUST-00512,2026-01-01,167,7,1071.540000,0.297100,4,0.043700,0.223300,6,0.040600,3.684000
SYN-CUST-02759,2026-01-01,234,0,0.000000,0.101000,5,0.022900,0.458300,1,0.092800,3.260000
SYN-CUST-00620,2026-01-01,166,9,1510.170000,0.244000,4,0.042700,0.163200,7,0.054900,3.843000
SYN-CUST-00456,2026-01-01,125,10,1029.030000,0.246000,6,0.050900,0.153200,2,0.034500,3.812000
SYN-CUST-01147,2026-01-01,54,1,97.460000,0.207700,20,0.104900,0.248000,6,0.050000,4.179000
SYN-CUST-02590,2026-01-01,200,0,0.000000,0.143200,1,0.012700,0.413600,1,0.106400,3.486000
SYN-CUST-00206,2026-01-01,21,8,1253.640000,0.292000,35,0.154200,0.167500,5,0.027100,4.477000
SYN-CUST-01828,2026-01-01,66,2,175.800000,0.197800,55,0.028400,0.198700,7,0.034100,3.904000
SYN-CUST-01452,2026-01-01,48,3,288.440000,0.231300,18,0.060500,0.230000,6,0.066800,3.912000
SYN-CUST-00516,2026-01-01,178,14,2619.010000,0.307900,9,0.062900,0.198100,5,0.042500,3.801000
SYN-CUST-02262,2026-01-01,30,11,750.520000,-0.062700,31,0.151200,0.504100,2,0.113400,3.475000
SYN-CUST-02285,2026-01-01,21,14,1201.740000,-0.072900,23,0.144800,1.000000,3,0.109700,3.531000
SYN-CUST-01944,2026-01-01,63,0,0.000000,0.190000,59,0.029400,0.203500,6,0.074100,4.086000
SYN-CUST-00646,2026-01-01,155,6,1027.410000,0.283600,0,0.000000,0.187400,4,0.064300,3.547000
SYN-CUST-02920,2026-01-01,276,0,0.000000,0.161400,1,0.021200,0.444300,1,0.081500,3.040000
SYN-CUST-00782,2026-01-01,145,10,1706.230000,0.226800,5,0.045500,0.208600,2,0.063000,3.697000
SYN-CUST-00954,2026-01-01,39,5,518.130000,0.252800,23,0.055400,0.249800,2,0.044600,3.858000
SYN-CUST-00170,2026-01-01,17,14,1407.560000,0.251900,31,0.199900,0.135600,2,0.027200,4.737000
SYN-CUST-00312,2026-01-01,17,8,1237.210000,0.238700,30,0.183400,0.178300,4,0.048600,4.378000
SYN-CUST-00871,2026-01-01,33,4,434.740000,0.206700,34,0.104600,0.279900,4,0.049600,4.208000
SYN-CUST-02211,2026-01-01,22,12,1179.890000,-0.072400,40,0.127800,0.665900,1,0.109000,3.350000
SYN-CUST-00340,2026-01-01,17,14,1779.240000,0.265500,35,0.156000,0.159800,5,0.036000,4.565000
SYN-CUST-01592,2026-01-01,77,2,142.770000,0.184900,44,0.031300,0.200200,8,0.050600,3.986000
SYN-CUST-00714,2026-01-01,202,14,2477.600000,0.194100,8,0.070400,0.178500,5,0.027900,3.740000
SYN-CUST-00713,2026-01-01,158,3,396.160000,0.212300,6,0.056100,0.217700,7,0.059000,3.590000
SYN-CUST-01094,2026-01-01,53,3,365.630000,0.232400,27,0.079700,0.336800,1,0.036600,4.259000
SYN-CUST-02555,2026-01-01,226,1,56.720000,0.113700,1,0.010000,0.362500,1,0.065400,3.464000
SYN-CUST-00221,2026-01-01,16,8,1208.370000,0.262300,32,0.194700,0.136600,7,0.029400,4.591000
SYN-CUST-02074,2026-01-01,24,10,662.070000,-0.064800,32,0.122100,0.812100,3,0.161100,3.505000
SYN-CUST-02455,2026-01-01,226,0,0.000000,0.156800,0,0.000000,0.452000,1,0.069800,3.310000
SYN-CUST-00458,2026-01-01,144,9,1604.500000,0.291200,7,0.057700,0.178700,2,0.057000,3.851000
SYN-CUST-01171,2026-01-01,39,5,512.110000,0.134400,16,0.100500,0.311700,5,0.044000,3.732000
SYN-CUST-02190,2026-01-01,20,13,1075.420000,-0.046800,21,0.147800,0.773500,3,0.124500,3.622000
SYN-CUST-00650,2026-01-01,121,7,1608.020000,0.233000,1,0.059100,0.164400,2,0.069600,4.035000
SYN-CUST-02020,2026-01-01,24,10,596.850000,-0.065700,36,0.143100,0.758000,8,0.089700,3.348000
SYN-CUST-00883,2026-01-01,46,4,341.730000,0.214200,24,0.081000,0.279000,5,0.044700,4.216000
SYN-CUST-00499,2026-01-01,132,5,1019.080000,0.298300,7,0.066900,0.157000,9,0.053200,3.838000
SYN-CUST-02841,2026-01-01,294,0,0.000000,0.164200,2,0.012000,0.464000,2,0.064500,3.135000
SYN-CUST-00541,2026-01-01,161,8,1557.280000,0.196300,1,0.073400,0.199300,7,0.034400,3.545000
SYN-CUST-02094,2026-01-01,19,8,472.050000,-0.065000,41,0.139300,0.805500,4,0.141700,3.717000
SYN-CUST-00306,2026-01-01,18,8,1271.660000,0.251600,34,0.237600,0.117300,2,0.030100,4.556000
SYN-CUST-02874,2026-01-01,176,1,70.120000,0.159900,1,0.001000,0.405100,1,0.095300,3.327000
SYN-CUST-01241,2026-01-01,36,5,412.140000,0.213000,25,0.096000,0.234600,4,0.056300,3.919000
SYN-CUST-01576,2026-01-01,67,0,0.000000,0.181200,49,0.030700,0.159700,8,0.051900,3.832000
SYN-CUST-00113,2026-01-01,15,11,1731.440000,0.317400,43,0.197100,0.161500,9,0.038200,4.469000
SYN-CUST-02917,2026-01-01,253,0,0.000000,0.175400,2,0.014400,0.310400,1,0.102000,3.463000
SYN-CUST-00807,2026-01-01,160,5,1112.430000,0.257800,6,0.066400,0.222300,2,0.069100,3.473000
SYN-CUST-00582,2026-01-01,154,7,1113.180000,0.263600,2,0.053100,0.172500,7,0.039400,3.560000
SYN-CUST-02464,2026-01-01,253,0,0.000000,0.153300,4,0.001000,0.405500,1,0.091600,3.171000
SYN-CUST-00718,2026-01-01,142,5,782.710000,0.233300,4,0.057300,0.212600,1,0.056300,3.381000
SYN-CUST-02370,2026-01-01,25,14,984.240000,-0.075600,25,0.129600,0.746400,4,0.158800,3.308000
SYN-CUST-02356,2026-01-01,26,10,530.280000,-0.042800,25,0.204300,0.895000,5,0.139300,3.512000
SYN-CUST-00422,2026-01-01,15,10,1386.940000,0.326200,34,0.228700,0.142800,7,0.032300,4.416000
SYN-CUST-00173,2026-01-01,18,19,2248.560000,0.282900,37,0.219400,0.127000,1,0.021900,4.574000
SYN-CUST-02495,2026-01-01,177,0,0.000000,0.139700,1,0.012500,0.499300,1,0.074700,3.249000
SYN-CUST-00071,2026-01-01,13,12,2056.490000,0.261900,29,0.177100,0.144400,2,0.031900,4.328000
SYN-CUST-00234,2026-01-01,24,13,1990.230000,0.247200,26,0.174300,0.170300,6,0.029700,4.594000
SYN-CUST-01190,2026-01-01,43,4,359.450000,0.245500,17,0.107500,0.258200,6,0.043300,3.949000
SYN-CUST-00715,2026-01-01,157,6,1080.730000,0.222700,6,0.051200,0.165700,3,0.037900,3.676000
SYN-CUST-02652,2026-01-01,306,0,0.000000,0.142600,4,0.001000,0.324600,1,0.084800,3.476000
SYN-CUST-02817,2026-01-01,306,0,0.000000,0.132800,2,0.001000,0.439000,2,0.066100,3.336000
SYN-CUST-01883,2026-01-01,87,0,0.000000,0.194500,39,0.029900,0.161000,6,0.040500,4.198000
SYN-CUST-00770,2026-01-01,162,10,1585.140000,0.240300,7,0.040400,0.143600,4,0.056200,3.723000
SYN-CUST-01939,2026-01-01,93,0,0.000000,0.177700,46,0.040000,0.193400,14,0.040500,3.977000
SYN-CUST-02640,2026-01-01,217,0,0.000000,0.141200,2,0.010400,0.463400,1,0.070400,3.191000
SYN-CUST-02960,2026-01-01,251,2,77.140000,0.130400,5,0.001800,0.424900,1,0.064800,3.194000
SYN-CUST-01402,2026-01-01,42,2,169.950000,0.174200,20,0.088700,0.295700,5,0.049100,3.987000
SYN-CUST-01748,2026-01-01,100,1,66.030000,0.185000,28,0.029000,0.189200,2,0.039900,4.014000
SYN-CUST-01088,2026-01-01,63,9,982.990000,0.177700,23,0.095800,0.271700,4,0.044800,3.612000
SYN-CUST-02036,2026-01-01,28,9,575.150000,-0.040900,16,0.169600,0.709300,4,0.125800,3.533000
SYN-CUST-01768,2026-01-01,86,0,0.000000,0.207600,38,0.023700,0.191200,6,0.048000,4.223000
SYN-CUST-02348,2026-01-01,34,5,260.390000,-0.040300,25,0.152000,0.695400,3,0.100900,3.319000
SYN-CUST-00997,2026-01-01,46,4,370.280000,0.216200,23,0.076000,0.273000,6,0.055300,4.039000
SYN-CUST-01493,2026-01-01,99,0,0.000000,0.204300,56,0.035500,0.191400,6,0.067700,4.089000
SYN-CUST-00805,2026-01-01,105,4,711.180000,0.218100,2,0.057000,0.164600,2,0.033700,3.557000
SYN-CUST-01728,2026-01-01,105,1,75.310000,0.182400,46,0.026300,0.152400,2,0.049700,3.870000
SYN-CUST-01000,2026-01-01,39,3,275.070000,0.239500,18,0.086500,0.338700,3,0.063500,4.060000
SYN-CUST-02928,2026-01-01,284,1,45.020000,0.125800,0,0.000000,0.374300,1,0.072000,3.556000
SYN-CUST-02422,2026-01-01,26,9,550.690000,-0.063600,25,0.135300,0.820200,7,0.135200,3.535000
SYN-CUST-02087,2026-01-01,31,6,402.100000,-0.044200,30,0.164700,0.824700,3,0.102700,3.552000
SYN-CUST-01395,2026-01-01,45,2,138.340000,0.190100,24,0.076900,0.316700,5,0.062400,4.162000
SYN-CUST-00376,2026-01-01,18,15,3033.080000,0.276000,40,0.185800,0.139500,7,0.051900,4.606000
SYN-CUST-01393,2026-01-01,57,4,292.610000,0.250200,21,0.083200,0.293200,2,0.059600,4.218000
SYN-CUST-00772,2026-01-01,108,10,1827.290000,0.214500,4,0.033100,0.179100,2,0.042600,3.990000
SYN-CUST-02004,2026-01-01,73,0,0.000000,0.187300,42,0.004800,0.176700,11,0.043800,3.892000
SYN-CUST-01593,2026-01-01,104,1,58.150000,0.174800,46,0.001000,0.203300,10,0.036900,3.900000
SYN-CUST-01772,2026-01-01,97,3,129.350000,0.221800,43,0.024700,0.233000,7,0.052900,3.881000
SYN-CUST-01846,2026-01-01,101,1,63.150000,0.194800,46,0.033300,0.155400,8,0.046900,3.954000
SYN-CUST-01710,2026-01-01,99,1,48.110000,0.225200,38,0.023800,0.222700,5,0.047200,4.346000
SYN-CUST-00286,2026-01-01,11,7,939.900000,0.316000,32,0.153500,0.150700,7,0.030200,4.366000
SYN-CUST-01306,2026-01-01,41,5,449.530000,0.270300,14,0.083900,0.262900,6,0.070600,3.962000
SYN-CUST-00529,2026-01-01,141,13,2505.660000,0.229300,3,0.045700,0.172700,4,0.052500,4.002000
SYN-CUST-01388,2026-01-01,49,7,781.010000,0.208900,22,0.091900,0.279400,5,0.048600,4.138000
SYN-CUST-02117,2026-01-01,29,9,585.130000,-0.083500,27,0.142900,0.478200,6,0.138700,3.593000
SYN-CUST-01201,2026-01-01,39,1,80.110000,0.230500,23,0.070900,0.283200,8,0.055300,4.018000
SYN-CUST-01321,2026-01-01,44,4,382.120000,0.167900,30,0.116600,0.294600,10,0.058800,4.170000
SYN-CUST-01901,2026-01-01,93,3,303.490000,0.168600,36,0.014000,0.202200,11,0.039100,3.672000
SYN-CUST-00380,2026-01-01,19,17,2554.970000,0.255800,29,0.171400,0.173100,8,0.036400,4.432000
SYN-CUST-01508,2026-01-01,108,1,68.580000,0.147700,33,0.026100,0.164400,5,0.050600,3.472000
SYN-CUST-02040,2026-01-01,19,9,500.800000,-0.056600,28,0.130300,0.771000,4,0.091000,3.592000
SYN-CUST-02124,2026-01-01,30,13,745.290000,-0.052300,29,0.158400,0.723700,1,0.114700,3.572000
SYN-CUST-02775,2026-01-01,233,2,111.140000,0.154600,5,0.003000,0.389500,1,0.074600,3.018000
SYN-CUST-00810,2026-01-01,193,6,1244.950000,0.223600,5,0.079100,0.186000,1,0.059700,3.898000
SYN-CUST-00956,2026-01-01,40,5,559.530000,0.238500,18,0.084900,0.336000,3,0.064600,4.028000
SYN-CUST-01059,2026-01-01,55,2,237.710000,0.227100,23,0.082100,0.247300,6,0.068300,4.079000
SYN-CUST-01448,2026-01-01,49,3,275.620000,0.232400,24,0.079600,0.328200,5,0.046000,3.907000
SYN-CUST-00053,2026-01-01,14,19,2559.570000,0.283700,32,0.182500,0.148900,3,0.022300,4.422000
SYN-CUST-01765,2026-01-01,68,1,65.040000,0.212000,54,0.019800,0.236200,7,0.040400,3.814000
SYN-CUST-00610,2026-01-01,146,12,2259.140000,0.246600,5,0.080900,0.218400,3,0.051100,3.643000
SYN-CUST-01002,2026-01-01,35,1,102.780000,0.211700,12,0.101100,0.265300,3,0.056200,4.132000
SYN-CUST-02435,2026-01-01,32,5,299.470000,-0.047800,31,0.188400,0.727600,7,0.111900,3.316000
SYN-CUST-01214,2026-01-01,44,1,113.260000,0.223900,16,0.097700,0.277600,5,0.063500,3.874000
SYN-CUST-00098,2026-01-01,14,8,1480.140000,0.281000,19,0.217400,0.146800,3,0.063200,4.727000
SYN-CUST-00654,2026-01-01,147,7,1005.030000,0.260800,7,0.063900,0.187300,2,0.053100,4.273000
SYN-CUST-01079,2026-01-01,32,8,779.100000,0.227200,35,0.087600,0.303700,2,0.037200,4.545000
SYN-CUST-01125,2026-01-01,39,5,371.000000,0.253800,24,0.141100,0.250500,4,0.072400,4.440000
SYN-CUST-02248,2026-01-01,20,7,510.630000,-0.059700,25,0.118900,0.696300,5,0.119800,3.689000
SYN-CUST-00187,2026-01-01,15,8,1273.240000,0.289700,20,0.178400,0.131700,8,0.017900,4.645000
SYN-CUST-00656,2026-01-01,158,9,1313.580000,0.265900,5,0.076600,0.201300,4,0.057700,3.820000
SYN-CUST-02947,2026-01-01,236,1,70.450000,0.156300,3,0.001400,0.416800,1,0.101100,3.291000
SYN-CUST-00212,2026-01-01,16,14,3517.470000,0.178200,40,0.157700,0.138100,6,0.036200,4.509000
SYN-CUST-01980,2026-01-01,76,0,0.000000,0.197600,49,0.039500,0.217500,6,0.043200,3.796000
SYN-CUST-01376,2026-01-01,41,7,721.450000,0.210800,24,0.098000,0.323400,7,0.058400,3.955000
SYN-CUST-02849,2026-01-01,221,0,0.000000,0.141400,4,0.012600,0.394500,1,0.102800,3.403000
SYN-CUST-00708,2026-01-01,98,8,1425.400000,0.237400,9,0.049300,0.172400,3,0.053400,3.815000
SYN-CUST-01816,2026-01-01,74,1,68.060000,0.180800,48,0.012900,0.181000,3,0.035900,4.097000
SYN-CUST-01071,2026-01-01,47,3,247.560000,0.219900,21,0.077300,0.248500,3,0.073300,3.639000
SYN-CUST-02634,2026-01-01,251,0,0.000000,0.145700,4,0.020600,0.485000,1,0.094700,3.385000
SYN-CUST-01537,2026-01-01,92,0,0.000000,0.172600,69,0.036600,0.183000,5,0.041300,3.703000
SYN-CUST-01197,2026-01-01,39,4,430.240000,0.216000,26,0.086500,0.278500,4,0.061100,3.800000
SYN-CUST-01718,2026-01-01,71,1,78.720000,0.127600,47,0.047200,0.183500,10,0.057800,3.939000
SYN-CUST-02955,2026-01-01,294,0,0.000000,0.137000,3,0.024000,0.491900,3,0.066600,3.196000
SYN-CUST-00163,2026-01-01,21,19,2549.050000,0.342200,32,0.156300,0.130300,5,0.029500,4.294000
SYN-CUST-00386,2026-01-01,22,21,3409.740000,0.251000,29,0.190200,0.134200,12,0.035200,4.815000
SYN-CUST-01910,2026-01-01,76,0,0.000000,0.211000,52,0.035800,0.221800,4,0.048700,4.091000
SYN-CUST-01069,2026-01-01,35,4,460.270000,0.261300,22,0.116800,0.272100,5,0.040800,4.139000
SYN-CUST-01979,2026-01-01,83,1,59.590000,0.180100,53,0.019000,0.178500,6,0.035800,4.078000
SYN-CUST-01451,2026-01-01,49,3,257.020000,0.210600,28,0.101700,0.284400,3,0.077600,4.189000
SYN-CUST-01202,2026-01-01,69,3,257.160000,0.175700,18,0.086100,0.283600,3,0.063200,3.899000
SYN-CUST-01936,2026-01-01,89,2,106.110000,0.192100,44,0.037000,0.194600,12,0.054000,3.906000
SYN-CUST-02091,2026-01-01,29,15,1185.560000,-0.061300,23,0.128700,0.730300,2,0.102800,3.685000
SYN-CUST-01567,2026-01-01,88,0,0.000000,0.162700,39,0.024100,0.178900,6,0.056300,3.816000
SYN-CUST-00984,2026-01-01,49,2,177.950000,0.192700,23,0.118500,0.246900,5,0.038000,4.192000
SYN-CUST-00882,2026-01-01,52,3,242.290000,0.192000,21,0.072700,0.281100,3,0.073400,4.255000
SYN-CUST-00036,2026-01-01,18,20,3033.340000,0.255400,38,0.190300,0.156900,5,0.038400,4.065000
SYN-CUST-00149,2026-01-01,19,19,3010.000000,0.251800,37,0.193800,0.124600,6,0.026100,4.571000
SYN-CUST-02632,2026-01-01,201,0,0.000000,0.128200,0,0.000000,0.413000,1,0.094700,3.561000
SYN-CUST-02766,2026-01-01,179,0,0.000000,0.142000,2,0.021000,0.363500,1,0.094400,3.279000
SYN-CUST-01350,2026-01-01,53,1,101.080000,0.178700,18,0.143900,0.283500,1,0.079100,3.945000
SYN-CUST-02883,2026-01-01,259,0,0.000000,0.116800,1,0.022700,0.333900,3,0.103300,3.446000
SYN-CUST-00423,2026-01-01,22,9,1441.370000,0.320100,28,0.216600,0.163200,6,0.022300,4.852000
SYN-CUST-02494,2026-01-01,197,1,48.320000,0.139000,2,0.018500,0.419500,3,0.079200,3.595000
SYN-CUST-02713,2026-01-01,211,2,112.210000,0.152900,1,0.029300,0.372300,2,0.074100,3.146000
SYN-CUST-01065,2026-01-01,40,7,588.290000,0.234700,19,0.089800,0.291700,4,0.065500,4.041000
SYN-CUST-01949,2026-01-01,64,0,0.000000,0.178600,45,0.039400,0.187700,12,0.037900,3.919000
SYN-CUST-02437,2026-01-01,32,10,558.070000,-0.065300,27,0.147000,0.634300,4,0.134200,3.550000
SYN-CUST-00450,2026-01-01,19,12,1480.610000,0.212900,40,0.163000,0.135300,1,0.032700,4.393000
SYN-CUST-02844,2026-01-01,186,0,0.000000,0.150600,0,0.000000,0.404600,2,0.067500,3.345000
SYN-CUST-00111,2026-01-01,19,15,1982.370000,0.269700,38,0.187000,0.159200,1,0.029400,4.587000
SYN-CUST-02123,2026-01-01,28,11,729.950000,-0.061100,22,0.117700,0.742600,2,0.122600,3.700000
SYN-CUST-02923,2026-01-01,291,0,0.000000,0.153700,2,0.007100,0.410800,1,0.105400,3.080000
SYN-CUST-00915,2026-01-01,40,3,278.320000,0.219100,18,0.078300,0.309800,4,0.043200,3.949000
SYN-CUST-02405,2026-01-01,31,11,976.730000,-0.058600,39,0.107700,0.674500,3,0.126800,3.493000
SYN-CUST-02243,2026-01-01,29,5,401.270000,-0.050100,29,0.118800,0.899100,5,0.119500,3.450000
SYN-CUST-00530,2026-01-01,173,9,1478.210000,0.272000,5,0.057500,0.175100,8,0.057500,3.838000
SYN-CUST-02410,2026-01-01,33,18,899.920000,-0.077800,26,0.153100,0.819200,3,0.120000,3.993000
SYN-CUST-00231,2026-01-01,19,15,1952.360000,0.237200,17,0.194400,0.139000,5,0.022000,4.533000
SYN-CUST-01982,2026-01-01,106,0,0.000000,0.162100,50,0.032300,0.160900,7,0.028900,4.087000
SYN-CUST-00504,2026-01-01,154,9,1576.460000,0.287900,9,0.075900,0.187600,7,0.066300,3.623000
SYN-CUST-01861,2026-01-01,107,2,116.240000,0.180300,51,0.009400,0.194700,9,0.047100,4.091000
SYN-CUST-02142,2026-01-01,24,8,464.050000,-0.064000,21,0.136800,0.870500,2,0.125900,3.408000
SYN-CUST-00848,2026-01-01,26,3,276.220000,0.185700,15,0.094400,0.212600,5,0.050600,4.182000
SYN-CUST-00216,2026-01-01,15,11,1806.780000,0.261600,31,0.148800,0.151800,6,0.045500,4.941000
SYN-CUST-01237,2026-01-01,41,8,793.070000,0.219900,19,0.113600,0.278100,9,0.060300,3.867000
SYN-CUST-00789,2026-01-01,139,8,1395.340000,0.250300,8,0.045100,0.155400,5,0.039300,3.745000
SYN-CUST-02104,2026-01-01,35,6,320.660000,-0.052700,38,0.115800,0.913500,3,0.142200,3.646000
SYN-CUST-01854,2026-01-01,93,0,0.000000,0.202400,46,0.038200,0.170800,9,0.049200,3.669000
SYN-CUST-00243,2026-01-01,17,12,2124.160000,0.285900,44,0.161400,0.134500,3,0.034900,4.854000
SYN-CUST-00351,2026-01-01,18,6,847.010000,0.234800,27,0.168900,0.134600,6,0.032800,4.195000
SYN-CUST-01313,2026-01-01,43,4,419.870000,0.219900,23,0.095300,0.270700,3,0.039200,4.129000
SYN-CUST-00125,2026-01-01,15,11,1962.500000,0.301400,45,0.204500,0.173700,9,0.005300,4.583000
SYN-CUST-02417,2026-01-01,22,10,525.380000,-0.062700,28,0.156100,0.750100,5,0.153600,3.923000
SYN-CUST-00784,2026-01-01,148,9,1586.330000,0.246800,8,0.055500,0.159700,4,0.046400,3.602000
SYN-CUST-02537,2026-01-01,230,1,51.340000,0.137200,2,0.004500,0.441100,1,0.048100,3.240000
SYN-CUST-00858,2026-01-01,32,4,390.460000,0.184400,22,0.066200,0.265300,4,0.061200,4.274000
SYN-CUST-01668,2026-01-01,68,1,67.990000,0.204300,59,0.023900,0.159700,4,0.070800,3.967000
SYN-CUST-01965,2026-01-01,53,1,75.390000,0.189200,64,0.033000,0.154900,4,0.038700,3.980000
SYN-CUST-01790,2026-01-01,79,0,0.000000,0.152100,42,0.035200,0.179500,9,0.031400,4.054000
SYN-CUST-01997,2026-01-01,80,2,153.150000,0.146700,39,0.032000,0.196800,6,0.058800,4.012000
SYN-CUST-02484,2026-01-01,186,0,0.000000,0.131000,3,0.020600,0.453900,1,0.058200,3.449000
SYN-CUST-02109,2026-01-01,25,12,549.360000,-0.077000,40,0.135600,0.816800,4,0.110200,3.249000
SYN-CUST-01775,2026-01-01,74,2,134.540000,0.165600,51,0.034000,0.181000,13,0.053600,3.900000
SYN-CUST-00085,2026-01-01,15,11,1645.730000,0.290800,30,0.219400,0.130500,9,0.023600,4.705000
SYN-CUST-00890,2026-01-01,40,4,348.250000,0.227500,19,0.083100,0.288500,4,0.063800,3.683000
SYN-CUST-00124,2026-01-01,20,16,2514.670000,0.311800,26,0.184100,0.156500,10,0.051500,4.489000
SYN-CUST-01956,2026-01-01,86,0,0.000000,0.208000,41,0.044600,0.159400,14,0.058400,3.978000
SYN-CUST-02912,2026-01-01,257,1,45.250000,0.143300,1,0.019900,0.430600,1,0.096500,3.476000
SYN-CUST-00602,2026-01-01,115,4,686.870000,0.234200,6,0.049800,0.171300,9,0.053600,3.646000
SYN-CUST-00400,2026-01-01,28,12,2094.050000,0.327800,42,0.101100,0.136600,7,0.044000,4.184000
SYN-CUST-00200,2026-01-01,12,10,1566.980000,0.232000,29,0.144000,0.106900,7,0.036000,4.654000
SYN-CUST-01280,2026-01-01,46,5,412.880000,0.220900,29,0.077100,0.300900,5,0.027600,3.606000
SYN-CUST-01666,2026-01-01,86,1,70.640000,0.188000,47,0.011300,0.198800,8,0.041900,3.866000
SYN-CUST-00745,2026-01-01,123,6,951.740000,0.228900,6,0.050600,0.174100,4,0.045600,3.951000
SYN-CUST-02544,2026-01-01,167,0,0.000000,0.118900,3,0.022500,0.414800,4,0.093900,3.180000
SYN-CUST-02848,2026-01-01,363,0,0.000000,0.167600,3,0.007600,0.408300,2,0.088100,3.340000
SYN-CUST-02529,2026-01-01,338,0,0.000000,0.157100,4,0.022600,0.417300,2,0.077600,3.398000
SYN-CUST-00822,2026-01-01,119,6,1209.330000,0.259500,4,0.062300,0.145100,8,0.059500,3.698000
SYN-CUST-00292,2026-01-01,15,11,1991.940000,0.252700,30,0.221100,0.150200,5,0.045700,4.783000
SYN-CUST-01277,2026-01-01,43,5,403.610000,0.206700,15,0.080400,0.271100,5,0.072600,3.979000
SYN-CUST-02376,2026-01-01,29,9,624.630000,-0.064200,29,0.158400,0.942400,4,0.119100,3.604000
SYN-CUST-02477,2026-01-01,265,0,0.000000,0.140400,2,0.001000,0.316800,4,0.074400,3.094000
SYN-CUST-01766,2026-01-01,102,3,184.860000,0.200300,72,0.029500,0.211800,8,0.037000,3.764000
SYN-CUST-02873,2026-01-01,190,0,0.000000,0.145200,4,0.005600,0.462400,1,0.086600,3.125000
SYN-CUST-00889,2026-01-01,47,4,378.120000,0.184700,25,0.109600,0.300300,8,0.085300,4.104000
SYN-CUST-00965,2026-01-01,41,5,567.060000,0.230000,38,0.100900,0.367000,4,0.072800,3.984000
SYN-CUST-02227,2026-01-01,25,11,443.740000,-0.086200,39,0.131200,0.848400,3,0.075500,3.444000
SYN-CUST-00261,2026-01-01,26,18,2866.530000,0.265300,38,0.173700,0.157600,10,0.048100,4.476000
SYN-CUST-01534,2026-01-01,58,0,0.000000,0.195000,48,0.025800,0.150600,7,0.050100,4.023000
SYN-CUST-01972,2026-01-01,87,1,77.050000,0.209400,47,0.041000,0.197000,4,0.036900,3.719000
SYN-CUST-00887,2026-01-01,55,5,466.830000,0.231100,23,0.119100,0.299100,3,0.067100,4.094000
SYN-CUST-02770,2026-01-01,177,0,0.000000,0.111600,2,0.014300,0.503700,1,0.066400,3.259000
SYN-CUST-02238,2026-01-01,25,7,397.940000,-0.065600,31,0.149300,0.674200,1,0.118000,3.326000
SYN-CUST-02708,2026-01-01,216,1,49.150000,0.105900,1,0.008000,0.402100,1,0.053400,3.270000
SYN-CUST-01654,2026-01-01,85,3,223.440000,0.192300,65,0.023500,0.186800,7,0.032700,3.757000
SYN-CUST-01296,2026-01-01,44,5,502.410000,0.217700,21,0.119300,0.302800,5,0.079800,4.180000
SYN-CUST-00930,2026-01-01,54,2,233.150000,0.240400,20,0.127200,0.236700,3,0.051400,4.009000
SYN-CUST-02892,2026-01-01,202,1,34.820000,0.105600,3,0.012200,0.413500,2,0.049900,3.431000
SYN-CUST-01671,2026-01-01,76,1,78.330000,0.183800,51,0.013300,0.192100,12,0.054600,3.759000
SYN-CUST-00624,2026-01-01,118,12,2504.230000,0.251500,4,0.048600,0.157100,1,0.047400,3.931000
SYN-CUST-02853,2026-01-01,243,2,114.580000,0.124500,1,0.034200,0.473300,2,0.044700,3.377000
SYN-CUST-01518,2026-01-01,67,0,0.000000,0.197500,37,0.037800,0.190800,8,0.039600,4.238000
SYN-CUST-00424,2026-01-01,26,12,2199.270000,0.298600,29,0.179000,0.160400,4,0.038100,4.741000
SYN-CUST-01482,2026-01-01,105,1,80.970000,0.173100,44,0.042800,0.189000,5,0.039700,3.729000
SYN-CUST-01688,2026-01-01,123,1,62.670000,0.216500,51,0.025700,0.197100,9,0.038700,4.533000
SYN-CUST-01894,2026-01-01,81,2,158.080000,0.218100,34,0.021000,0.189600,6,0.046900,3.539000
SYN-CUST-00651,2026-01-01,129,13,2686.440000,0.240200,8,0.064400,0.141700,5,0.063300,3.395000
SYN-CUST-02798,2026-01-01,288,0,0.000000,0.126900,2,0.013100,0.410700,1,0.085200,3.229000
SYN-CUST-02246,2026-01-01,26,15,1066.240000,-0.067300,36,0.136600,0.707200,5,0.112800,3.623000
SYN-CUST-01447,2026-01-01,37,3,329.740000,0.231600,25,0.113500,0.215600,5,0.033100,4.067000
SYN-CUST-00944,2026-01-01,42,4,324.860000,0.270800,17,0.096200,0.266700,5,0.073900,4.202000
SYN-CUST-01085,2026-01-01,45,2,189.070000,0.226300,19,0.119500,0.239200,6,0.043100,3.980000
SYN-CUST-02064,2026-01-01,27,18,1110.930000,-0.070500,28,0.140000,0.649100,4,0.122600,3.528000
SYN-CUST-02939,2026-01-01,305,0,0.000000,0.153900,2,0.025100,0.459700,2,0.084300,3.559000
SYN-CUST-02220,2026-01-01,23,12,683.370000,-0.052800,32,0.184000,0.943000,5,0.121000,3.513000
SYN-CUST-00409,2026-01-01,17,12,1947.040000,0.280700,39,0.172900,0.147400,3,0.031100,4.528000
SYN-CUST-02263,2026-01-01,32,13,807.820000,-0.052900,33,0.161100,0.649100,7,0.094700,3.414000
SYN-CUST-00549,2026-01-01,164,13,2388.710000,0.266900,6,0.032800,0.140500,3,0.044700,4.056000
SYN-CUST-01875,2026-01-01,104,0,0.000000,0.173500,62,0.037600,0.214800,11,0.044700,3.680000
SYN-CUST-01638,2026-01-01,68,5,402.090000,0.208500,53,0.012700,0.168800,10,0.055500,4.014000
SYN-CUST-02378,2026-01-01,23,19,1251.650000,-0.062500,31,0.138400,0.905900,2,0.083800,3.789000
SYN-CUST-00587,2026-01-01,175,8,1491.920000,0.216100,7,0.060700,0.223900,2,0.067100,3.726000
SYN-CUST-00315,2026-01-01,21,5,744.110000,0.254600,37,0.188000,0.130600,5,0.032700,4.466000
SYN-CUST-00022,2026-01-01,19,9,1380.930000,0.307200,27,0.204900,0.148100,4,0.040300,4.545000
SYN-CUST-00419,2026-01-01,24,16,3378.540000,0.285800,29,0.217800,0.165500,5,0.030600,4.552000
SYN-CUST-02789,2026-01-01,298,0,0.000000,0.145200,2,0.001000,0.379600,1,0.043400,3.503000
SYN-CUST-00102,2026-01-01,21,9,1321.700000,0.295400,17,0.155000,0.143400,7,0.042500,4.762000
SYN-CUST-02354,2026-01-01,24,13,714.300000,-0.059500,31,0.127300,0.743800,4,0.121400,3.907000
SYN-CUST-00495,2026-01-01,152,12,2634.320000,0.217700,10,0.060400,0.188800,3,0.040100,3.418000
SYN-CUST-02479,2026-01-01,251,0,0.000000,0.110700,1,0.009000,0.564200,3,0.079700,3.400000
SYN-CUST-00166,2026-01-01,16,17,3064.720000,0.360700,41,0.141300,0.160300,6,0.048900,4.382000
SYN-CUST-02913,2026-01-01,286,1,45.030000,0.099600,4,0.005700,0.357000,1,0.097100,3.295000
SYN-CUST-00195,2026-01-01,26,17,1997.590000,0.260100,24,0.163300,0.140500,10,0.032300,4.750000
SYN-CUST-02840,2026-01-01,283,0,0.000000,0.154700,1,0.018000,0.295400,1,0.059200,3.460000
SYN-CUST-02105,2026-01-01,19,7,347.260000,-0.075400,35,0.146300,0.614000,5,0.098700,3.207000
SYN-CUST-00235,2026-01-01,14,15,1880.990000,0.310600,32,0.156200,0.117500,8,0.024000,4.469000
SYN-CUST-00758,2026-01-01,192,5,774.060000,0.216700,3,0.047300,0.127400,8,0.056700,3.720000
SYN-CUST-00864,2026-01-01,37,3,260.690000,0.215400,22,0.106000,0.289100,7,0.073400,4.169000
SYN-CUST-00217,2026-01-01,21,15,2727.740000,0.265900,38,0.200900,0.102300,7,0.034400,4.223000
SYN-CUST-02871,2026-01-01,286,0,0.000000,0.129300,5,0.001000,0.381400,1,0.077500,3.102000
SYN-CUST-02085,2026-01-01,30,10,420.060000,-0.052800,31,0.116900,0.689500,5,0.062500,3.330000
SYN-CUST-02963,2026-01-01,311,1,31.800000,0.120700,2,0.014900,0.404500,2,0.089200,3.375000
SYN-CUST-01152,2026-01-01,33,6,559.080000,0.217800,25,0.069600,0.271900,8,0.076200,3.796000
SYN-CUST-01847,2026-01-01,118,2,122.890000,0.206100,47,0.034000,0.223300,11,0.056600,3.798000
SYN-CUST-02170,2026-01-01,21,3,198.330000,-0.050900,29,0.132000,0.856500,6,0.144500,3.575000
SYN-CUST-02570,2026-01-01,199,0,0.000000,0.147900,4,0.012300,0.440600,1,0.083200,3.329000
SYN-CUST-00387,2026-01-01,18,10,1529.990000,0.224700,27,0.134700,0.128400,5,0.034600,4.504000
SYN-CUST-01689,2026-01-01,79,0,0.000000,0.148300,36,0.029600,0.221400,8,0.052100,3.874000
SYN-CUST-00011,2026-01-01,26,10,1189.870000,0.262400,18,0.116700,0.126800,8,0.042500,4.345000
SYN-CUST-01022,2026-01-01,40,4,381.190000,0.238100,21,0.107700,0.222400,7,0.069600,4.109000
SYN-CUST-02985,2026-01-01,217,1,56.260000,0.142100,1,0.009200,0.459200,2,0.064500,3.161000
SYN-CUST-02842,2026-01-01,244,1,51.470000,0.139000,8,0.020700,0.493500,2,0.062200,3.630000
SYN-CUST-02942,2026-01-01,306,1,46.470000,0.148600,0,0.000000,0.370000,3,0.098100,3.348000
SYN-CUST-00414,2026-01-01,13,14,2464.940000,0.292600,30,0.252800,0.167600,9,0.020800,4.198000
SYN-CUST-01338,2026-01-01,45,5,366.050000,0.279400,28,0.156600,0.295900,7,0.065100,4.052000
SYN-CUST-00905,2026-01-01,41,4,321.170000,0.201300,22,0.072900,0.225200,2,0.075600,4.129000
SYN-CUST-02685,2026-01-01,287,0,0.000000,0.119700,1,0.022300,0.455900,1,0.084700,3.300000
SYN-CUST-01109,2026-01-01,54,2,234.370000,0.239000,18,0.086200,0.274800,6,0.074200,3.581000
SYN-CUST-02058,2026-01-01,20,13,860.300000,-0.070600,32,0.134600,0.720500,2,0.140600,3.387000
SYN-CUST-02779,2026-01-01,255,0,0.000000,0.148200,2,0.012000,0.406700,1,0.083600,3.428000
SYN-CUST-00103,2026-01-01,12,8,1491.250000,0.316000,31,0.228600,0.112600,6,0.039900,4.264000
SYN-CUST-01615,2026-01-01,83,1,87.740000,0.211000,45,0.009100,0.193000,10,0.048200,3.683000
SYN-CUST-02493,2026-01-01,189,2,77.600000,0.152900,1,0.020100,0.472200,1,0.082700,3.790000
SYN-CUST-00800,2026-01-01,146,10,1748.150000,0.253800,1,0.041500,0.171500,2,0.052900,3.420000
SYN-CUST-02433,2026-01-01,25,7,347.000000,-0.064900,30,0.154500,0.736700,3,0.123300,3.799000
SYN-CUST-02818,2026-01-01,235,2,92.180000,0.153700,3,0.001000,0.442300,1,0.086500,3.322000
SYN-CUST-02218,2026-01-01,24,17,884.630000,-0.060000,31,0.159000,0.724400,11,0.162500,3.848000
SYN-CUST-01573,2026-01-01,60,1,93.030000,0.170800,42,0.014200,0.182200,2,0.046600,4.010000
SYN-CUST-02545,2026-01-01,278,1,50.520000,0.129100,1,0.012700,0.423200,2,0.069900,3.340000
SYN-CUST-00099,2026-01-01,16,7,888.970000,0.276700,34,0.199000,0.131400,10,0.022800,4.621000
SYN-CUST-00817,2026-01-01,184,7,1439.710000,0.234500,7,0.052400,0.157400,4,0.057400,3.445000
SYN-CUST-02327,2026-01-01,22,10,734.890000,-0.074200,25,0.129800,0.956300,2,0.125600,3.783000
SYN-CUST-02234,2026-01-01,27,4,247.600000,-0.056100,23,0.136600,0.827800,6,0.071600,3.558000
SYN-CUST-02734,2026-01-01,190,1,40.210000,0.123700,3,0.001000,0.393200,1,0.108700,3.379000
SYN-CUST-00928,2026-01-01,32,6,601.090000,0.195700,26,0.083000,0.288100,7,0.065700,4.193000
SYN-CUST-00849,2026-01-01,30,4,353.520000,0.219300,22,0.094000,0.301000,5,0.070300,4.475000
SYN-CUST-00007,2026-01-01,21,19,3858.740000,0.243900,49,0.168600,0.172300,1,0.030400,4.713000
SYN-CUST-00724,2026-01-01,103,14,2654.710000,0.246600,6,0.069100,0.240000,2,0.059100,3.726000
SYN-CUST-01746,2026-01-01,104,0,0.000000,0.140600,49,0.021500,0.222100,4,0.037900,3.907000
SYN-CUST-02601,2026-01-01,238,1,54.390000,0.120600,2,0.011500,0.318900,1,0.076600,3.626000
SYN-CUST-01643,2026-01-01,117,0,0.000000,0.210000,31,0.035600,0.166800,4,0.036300,3.986000
SYN-CUST-02646,2026-01-01,285,0,0.000000,0.142500,2,0.017600,0.417300,2,0.098200,3.414000
SYN-CUST-02681,2026-01-01,234,0,0.000000,0.137800,4,0.001000,0.386800,1,0.076400,3.485000
SYN-CUST-02086,2026-01-01,28,2,104.290000,-0.057500,22,0.130400,0.768100,2,0.111400,3.462000
SYN-CUST-00792,2026-01-01,160,9,1498.370000,0.200700,3,0.063400,0.158900,3,0.078200,3.613000
SYN-CUST-01984,2026-01-01,89,0,0.000000,0.214600,50,0.022400,0.207900,10,0.045900,3.991000
SYN-CUST-01935,2026-01-01,78,0,0.000000,0.156500,49,0.026700,0.194400,9,0.033600,3.469000
SYN-CUST-01701,2026-01-01,75,2,110.740000,0.187100,53,0.032000,0.208100,7,0.038200,3.773000
SYN-CUST-02999,2026-01-01,220,0,0.000000,0.117700,1,0.018600,0.506500,2,0.096100,3.087000
SYN-CUST-00451,2026-01-01,17,19,2720.210000,0.249100,24,0.189500,0.138300,3,0.033000,4.538000
SYN-CUST-01261,2026-01-01,41,6,716.890000,0.258900,30,0.108300,0.311100,4,0.057100,4.450000
SYN-CUST-02707,2026-01-01,275,0,0.000000,0.160900,2,0.001900,0.377800,2,0.080100,3.306000
SYN-CUST-02750,2026-01-01,184,0,0.000000,0.148500,2,0.021400,0.352600,4,0.086800,3.523000
SYN-CUST-01098,2026-01-01,31,7,553.430000,0.249000,32,0.086000,0.288800,3,0.092700,4.335000
SYN-CUST-01975,2026-01-01,76,2,162.310000,0.228000,42,0.027900,0.204600,6,0.044900,4.002000
SYN-CUST-02805,2026-01-01,313,1,44.890000,0.164400,3,0.031400,0.504300,1,0.087700,3.398000
SYN-CUST-00463,2026-01-01,183,7,888.360000,0.266300,3,0.071500,0.212700,2,0.055700,3.814000
SYN-CUST-01749,2026-01-01,74,3,178.580000,0.183500,56,0.034600,0.252200,8,0.047000,4.213000
SYN-CUST-00270,2026-01-01,16,10,1442.810000,0.265300,31,0.145300,0.130200,7,0.019900,4.680000
SYN-CUST-00229,2026-01-01,17,6,959.000000,0.289200,23,0.178700,0.153900,7,0.023700,4.530000
SYN-CUST-01075,2026-01-01,38,3,264.830000,0.231500,18,0.093800,0.277500,6,0.050800,4.188000
SYN-CUST-02806,2026-01-01,327,0,0.000000,0.104400,1,0.014800,0.338300,1,0.085400,3.559000
SYN-CUST-00296,2026-01-01,18,7,790.560000,0.255300,30,0.147400,0.133100,3,0.014500,4.857000
SYN-CUST-01616,2026-01-01,88,2,153.190000,0.182500,53,0.020200,0.216700,4,0.047400,3.971000
SYN-CUST-02098,2026-01-01,30,9,472.310000,-0.058400,19,0.188000,0.780000,1,0.158800,3.104000
SYN-CUST-00958,2026-01-01,35,3,199.810000,0.193700,20,0.101800,0.287000,5,0.059100,4.081000
SYN-CUST-01412,2026-01-01,42,5,453.000000,0.223800,30,0.108900,0.215500,4,0.075200,3.531000
SYN-CUST-00080,2026-01-01,14,15,2284.850000,0.314100,36,0.137200,0.122700,4,0.046500,4.675000
SYN-CUST-02332,2026-01-01,20,11,712.880000,-0.056100,28,0.118400,0.685800,5,0.140300,3.516000
SYN-CUST-00597,2026-01-01,191,6,1086.600000,0.235900,4,0.064200,0.219600,4,0.053300,3.852000
SYN-CUST-01973,2026-01-01,67,0,0.000000,0.172000,44,0.022900,0.108600,7,0.057600,4.015000
SYN-CUST-02073,2026-01-01,23,4,205.990000,-0.063100,24,0.115200,0.779000,3,0.087700,3.427000
SYN-CUST-01629,2026-01-01,82,2,141.650000,0.203700,56,0.027400,0.228600,9,0.061100,3.990000
SYN-CUST-02461,2026-01-01,216,0,0.000000,0.124400,2,0.001000,0.534100,3,0.064600,3.288000
SYN-CUST-02487,2026-01-01,194,1,54.900000,0.140400,2,0.022100,0.405500,2,0.073500,3.247000
SYN-CUST-01850,2026-01-01,85,1,51.970000,0.179500,41,0.009900,0.180500,7,0.040000,3.782000
SYN-CUST-01422,2026-01-01,49,6,457.950000,0.264400,18,0.081300,0.245300,7,0.060600,3.852000
SYN-CUST-01053,2026-01-01,37,7,658.330000,0.167200,24,0.135900,0.224000,3,0.071700,4.460000
SYN-CUST-02489,2026-01-01,255,0,0.000000,0.140400,2,0.006500,0.418000,1,0.044000,3.305000
SYN-CUST-00952,2026-01-01,34,6,597.550000,0.174700,26,0.128600,0.314500,4,0.061800,3.635000
SYN-CUST-00489,2026-01-01,101,4,573.230000,0.233400,5,0.051500,0.186300,2,0.043400,3.793000
SYN-CUST-00668,2026-01-01,137,10,1741.960000,0.237100,11,0.052700,0.174800,5,0.055600,3.743000
SYN-CUST-00192,2026-01-01,19,10,1606.370000,0.311200,32,0.153300,0.119700,1,0.037200,4.909000
SYN-CUST-01326,2026-01-01,40,6,567.820000,0.245600,29,0.115500,0.274500,5,0.062100,3.590000
SYN-CUST-00754,2026-01-01,155,10,1567.300000,0.229900,3,0.030300,0.174500,3,0.042600,3.416000
SYN-CUST-02466,2026-01-01,207,0,0.000000,0.151500,3,0.017900,0.457200,1,0.045800,3.594000
SYN-CUST-01867,2026-01-01,116,0,0.000000,0.179100,40,0.033100,0.201300,5,0.060800,3.818000
SYN-CUST-01138,2026-01-01,42,5,392.010000,0.247000,27,0.084100,0.276400,7,0.046500,4.102000
SYN-CUST-02304,2026-01-01,22,13,797.320000,-0.060600,30,0.147700,0.838300,3,0.139000,3.429000
SYN-CUST-01305,2026-01-01,33,3,263.640000,0.199300,22,0.051700,0.286800,5,0.040800,3.927000
SYN-CUST-00743,2026-01-01,192,4,654.140000,0.264200,9,0.072000,0.192200,5,0.059200,3.896000
SYN-CUST-00739,2026-01-01,179,6,1163.010000,0.240700,6,0.039800,0.176100,8,0.054900,3.759000
SYN-CUST-02412,2026-01-01,30,9,481.290000,-0.060000,21,0.097100,0.779400,7,0.161400,3.449000
SYN-CUST-01391,2026-01-01,48,4,399.610000,0.253100,26,0.122500,0.318300,6,0.039000,3.844000
SYN-CUST-02637,2026-01-01,343,1,51.840000,0.147100,3,0.019000,0.358500,2,0.076200,3.034000
SYN-CUST-02502,2026-01-01,249,1,44.160000,0.162900,5,0.021900,0.495400,1,0.060400,2.930000
SYN-CUST-00888,2026-01-01,43,4,359.140000,0.231600,23,0.088800,0.331400,6,0.047500,4.039000
SYN-CUST-00461,2026-01-01,152,12,2414.490000,0.259500,4,0.073900,0.161700,7,0.068200,3.830000
SYN-CUST-02505,2026-01-01,365,0,0.000000,0.109600,1,0.001000,0.461300,1,0.087000,3.244000
SYN-CUST-01469,2026-01-01,48,3,354.490000,0.232100,17,0.105200,0.265600,5,0.070000,4.029000
SYN-CUST-01551,2026-01-01,79,0,0.000000,0.157200,61,0.016700,0.195900,9,0.039300,4.229000
SYN-CUST-02862,2026-01-01,167,0,0.000000,0.152200,2,0.026300,0.421000,1,0.065900,3.075000
SYN-CUST-01334,2026-01-01,34,4,334.930000,0.211000,18,0.108500,0.275700,4,0.044600,4.051000
SYN-CUST-00025,2026-01-01,18,15,2064.350000,0.329800,29,0.204200,0.148400,5,0.040700,4.509000
SYN-CUST-01176,2026-01-01,48,2,207.660000,0.237400,25,0.095900,0.310300,14,0.062800,3.881000
SYN-CUST-00293,2026-01-01,24,13,1785.580000,0.248800,39,0.180000,0.096200,8,0.036300,4.169000
SYN-CUST-02531,2026-01-01,262,2,82.490000,0.159000,1,0.015200,0.471100,5,0.074900,3.312000
SYN-CUST-01543,2026-01-01,89,1,57.420000,0.232500,46,0.026200,0.248400,11,0.040900,3.698000
SYN-CUST-00616,2026-01-01,176,12,2041.950000,0.242200,12,0.068800,0.176600,3,0.057200,3.619000
SYN-CUST-01383,2026-01-01,40,1,70.930000,0.230000,25,0.104200,0.281100,3,0.056400,4.127000
SYN-CUST-02715,2026-01-01,169,2,110.410000,0.130300,0,0.000000,0.396100,1,0.068300,3.251000
SYN-CUST-00501,2026-01-01,129,11,2196.650000,0.268400,6,0.068800,0.197400,3,0.047300,3.798000
SYN-CUST-02390,2026-01-01,26,16,843.790000,-0.054700,34,0.132400,0.687000,6,0.134900,3.573000
SYN-CUST-02483,2026-01-01,293,0,0.000000,0.110000,2,0.001800,0.450600,1,0.076700,3.237000
SYN-CUST-01580,2026-01-01,67,2,164.590000,0.186800,55,0.019100,0.220900,9,0.046900,4.015000
SYN-CUST-01986,2026-01-01,128,3,275.860000,0.208100,46,0.006900,0.192800,6,0.036100,4.307000
SYN-CUST-01886,2026-01-01,84,0,0.000000,0.173000,45,0.036600,0.210800,9,0.044300,3.913000
SYN-CUST-01389,2026-01-01,48,4,347.450000,0.201800,29,0.093100,0.323200,5,0.050400,4.372000
SYN-CUST-00433,2026-01-01,24,13,2320.170000,0.224700,30,0.187700,0.168000,7,0.010700,4.401000
SYN-CUST-01535,2026-01-01,121,1,93.110000,0.215900,58,0.014500,0.213700,4,0.042000,3.670000
SYN-CUST-00168,2026-01-01,18,8,1371.720000,0.275300,23,0.177900,0.154400,2,0.035900,4.671000
SYN-CUST-01707,2026-01-01,81,3,200.720000,0.200600,69,0.047000,0.169000,9,0.048200,3.756000
SYN-CUST-02741,2026-01-01,261,0,0.000000,0.163100,0,0.000000,0.439300,1,0.080600,3.397000
SYN-CUST-00350,2026-01-01,21,10,1263.980000,0.296500,32,0.141800,0.146500,8,0.053600,4.797000
SYN-CUST-00249,2026-01-01,17,20,3390.760000,0.258100,42,0.179000,0.162000,6,0.048200,5.000000
SYN-CUST-02795,2026-01-01,236,1,44.220000,0.120200,2,0.031100,0.452500,3,0.071200,3.520000
SYN-CUST-00384,2026-01-01,15,12,2445.180000,0.319100,31,0.160600,0.140900,4,0.028300,4.613000
SYN-CUST-01571,2026-01-01,94,0,0.000000,0.186700,46,0.016900,0.188800,4,0.048400,4.071000
SYN-CUST-01892,2026-01-01,96,0,0.000000,0.159400,53,0.038100,0.217100,6,0.038500,3.960000
SYN-CUST-01297,2026-01-01,25,6,395.280000,0.156000,20,0.100000,0.308000,4,0.053700,3.990000
SYN-CUST-02788,2026-01-01,235,0,0.000000,0.109400,5,0.039300,0.495500,1,0.087700,2.901000
SYN-CUST-01371,2026-01-01,40,4,341.090000,0.256700,12,0.111400,0.281600,4,0.067000,4.040000
SYN-CUST-01497,2026-01-01,62,1,88.930000,0.211400,57,0.030700,0.213200,1,0.035900,4.063000
SYN-CUST-02415,2026-01-01,28,14,991.280000,-0.069100,26,0.168200,0.697200,1,0.088800,3.483000
SYN-CUST-00795,2026-01-01,168,10,2425.680000,0.225700,6,0.060600,0.162900,1,0.065900,3.747000
SYN-CUST-01056,2026-01-01,51,7,553.260000,0.200000,21,0.110700,0.262600,5,0.062800,3.833000
SYN-CUST-00220,2026-01-01,16,16,2368.290000,0.290400,35,0.201900,0.141300,9,0.030900,4.473000
SYN-CUST-02751,2026-01-01,318,1,53.550000,0.131800,4,0.001400,0.434800,1,0.075000,3.517000
SYN-CUST-01093,2026-01-01,34,3,394.130000,0.216000,19,0.106700,0.299900,5,0.075500,4.297000
SYN-CUST-02686,2026-01-01,245,2,91.280000,0.135200,2,0.021500,0.446100,3,0.089800,3.252000
SYN-CUST-01912,2026-01-01,74,1,102.790000,0.210300,44,0.008500,0.215400,7,0.046900,3.954000
SYN-CUST-02910,2026-01-01,207,0,0.000000,0.125200,2,0.018600,0.540700,1,0.073000,3.174000
SYN-CUST-00473,2026-01-01,114,6,1217.980000,0.233100,7,0.064200,0.169000,3,0.052400,3.838000
SYN-CUST-02718,2026-01-01,238,0,0.000000,0.142700,2,0.001000,0.481900,3,0.067200,3.460000
SYN-CUST-02656,2026-01-01,209,0,0.000000,0.142800,1,0.008300,0.334100,1,0.083300,3.209000
SYN-CUST-00785,2026-01-01,186,9,1315.940000,0.263600,7,0.054800,0.155800,3,0.030800,3.672000
SYN-CUST-00382,2026-01-01,16,14,1851.600000,0.208100,23,0.165800,0.154500,4,0.038800,4.654000
SYN-CUST-02699,2026-01-01,222,1,48.670000,0.143800,4,0.017800,0.441000,2,0.075300,3.499000
SYN-CUST-02554,2026-01-01,251,0,0.000000,0.122700,2,0.019900,0.405900,2,0.064700,3.447000
SYN-CUST-02639,2026-01-01,181,2,114.200000,0.182500,3,0.016300,0.481700,1,0.080800,3.305000
SYN-CUST-00566,2026-01-01,131,8,1594.810000,0.242800,1,0.067900,0.210800,5,0.061100,3.766000
SYN-CUST-00614,2026-01-01,142,12,1658.800000,0.280200,6,0.062900,0.186500,5,0.054200,3.991000
SYN-CUST-01360,2026-01-01,41,3,255.690000,0.243700,19,0.095000,0.240100,4,0.056600,4.046000
SYN-CUST-02769,2026-01-01,268,1,55.980000,0.156000,5,0.020400,0.481300,1,0.081600,3.246000
SYN-CUST-00359,2026-01-01,22,18,3386.430000,0.234800,41,0.147800,0.139600,4,0.031400,4.344000
SYN-CUST-00515,2026-01-01,153,10,2090.180000,0.294900,4,0.041200,0.156400,1,0.060300,3.251000
SYN-CUST-01781,2026-01-01,87,2,132.810000,0.238700,52,0.020300,0.244500,7,0.028300,3.809000
SYN-CUST-02932,2026-01-01,246,2,110.590000,0.159800,2,0.003900,0.406900,3,0.086300,3.375000
SYN-CUST-02208,2026-01-01,27,15,850.490000,-0.054100,28,0.138700,0.590500,3,0.163500,3.757000
SYN-CUST-01273,2026-01-01,55,2,162.900000,0.180800,23,0.073600,0.243400,1,0.060400,4.281000
SYN-CUST-00924,2026-01-01,36,4,369.180000,0.207500,24,0.114600,0.290800,2,0.052900,4.393000
SYN-CUST-00391,2026-01-01,20,13,2660.630000,0.263100,22,0.163600,0.128500,1,0.031400,4.714000
SYN-CUST-01714,2026-01-01,96,0,0.000000,0.185300,34,0.027600,0.229200,6,0.060100,3.829000
SYN-CUST-02867,2026-01-01,254,0,0.000000,0.131300,2,0.029100,0.337500,3,0.086900,3.318000
SYN-CUST-01533,2026-01-01,69,0,0.000000,0.211700,39,0.026300,0.195800,7,0.042300,3.829000
SYN-CUST-01680,2026-01-01,85,1,71.090000,0.216000,40,0.036900,0.202800,12,0.041200,3.689000
SYN-CUST-02463,2026-01-01,290,2,107.670000,0.150600,3,0.013300,0.377800,2,0.074500,3.339000
SYN-CUST-01164,2026-01-01,43,1,118.760000,0.205000,26,0.123400,0.301000,4,0.036500,4.346000
SYN-CUST-00931,2026-01-01,43,4,320.260000,0.234400,29,0.122100,0.319800,9,0.070300,4.061000
SYN-CUST-01322,2026-01-01,50,6,656.500000,0.229200,23,0.118900,0.207500,3,0.033600,4.019000
SYN-CUST-02305,2026-01-01,23,10,736.350000,-0.047000,27,0.074900,0.874600,7,0.092600,3.654000
SYN-CUST-02041,2026-01-01,25,5,297.570000,-0.055400,23,0.154500,0.783500,5,0.099700,3.454000
SYN-CUST-01178,2026-01-01,39,5,418.000000,0.256800,26,0.099100,0.289000,8,0.038000,3.839000
SYN-CUST-01222,2026-01-01,35,4,345.520000,0.242800,20,0.119000,0.239400,8,0.061400,3.976000
SYN-CUST-00020,2026-01-01,17,15,1964.960000,0.296100,33,0.191200,0.136200,6,0.040900,4.575000
SYN-CUST-00877,2026-01-01,29,4,339.060000,0.255500,16,0.070900,0.299300,3,0.061000,4.432000
SYN-CUST-00673,2026-01-01,130,11,2552.020000,0.261100,5,0.069600,0.160000,6,0.049700,3.720000
SYN-CUST-00038,2026-01-01,17,14,2098.820000,0.248600,30,0.126000,0.153300,8,0.041300,4.571000
SYN-CUST-02421,2026-01-01,16,13,705.440000,-0.070300,29,0.167300,0.773800,2,0.136000,3.439000
SYN-CUST-02839,2026-01-01,222,0,0.000000,0.134200,2,0.001000,0.378800,1,0.095500,3.425000
SYN-CUST-01686,2026-01-01,111,0,0.000000,0.188100,69,0.045800,0.201000,7,0.055600,3.977000
SYN-CUST-00246,2026-01-01,20,13,2427.630000,0.275300,13,0.202900,0.141000,6,0.037600,4.687000
SYN-CUST-02670,2026-01-01,265,0,0.000000,0.157400,4,0.006700,0.431000,1,0.031600,3.381000
SYN-CUST-01256,2026-01-01,39,4,411.490000,0.219400,15,0.111900,0.293800,7,0.049100,3.917000
SYN-CUST-00609,2026-01-01,162,6,1625.100000,0.216100,8,0.046400,0.193100,2,0.027200,3.878000
SYN-CUST-01702,2026-01-01,77,1,71.600000,0.202300,57,0.028800,0.179500,8,0.044700,4.328000
SYN-CUST-01010,2026-01-01,40,9,667.570000,0.193200,26,0.087700,0.260400,6,0.058800,4.280000
SYN-CUST-02804,2026-01-01,225,0,0.000000,0.115800,1,0.012400,0.349800,1,0.099800,3.208000
SYN-CUST-02320,2026-01-01,23,8,495.450000,-0.066600,30,0.194900,0.712300,6,0.179500,3.556000
SYN-CUST-02908,2026-01-01,266,1,53.300000,0.130800,2,0.020100,0.418600,2,0.069500,3.137000
SYN-CUST-02916,2026-01-01,157,0,0.000000,0.147500,2,0.010500,0.422800,1,0.076400,3.083000
SYN-CUST-00301,2026-01-01,12,16,2151.290000,0.276400,31,0.207100,0.158900,6,0.030900,4.189000
SYN-CUST-02276,2026-01-01,32,7,322.040000,-0.054000,31,0.151600,0.789100,6,0.112100,3.417000
SYN-CUST-00891,2026-01-01,41,3,231.660000,0.234600,20,0.096500,0.239400,4,0.061600,4.429000
SYN-CUST-01819,2026-01-01,90,0,0.000000,0.162600,48,0.045500,0.210000,5,0.036300,3.752000
SYN-CUST-02411,2026-01-01,25,9,491.330000,-0.036000,23,0.131000,0.736900,3,0.149200,3.560000
SYN-CUST-00979,2026-01-01,46,0,0.000000,0.204400,13,0.094400,0.242200,6,0.057500,3.904000
SYN-CUST-01607,2026-01-01,78,1,72.200000,0.202900,39,0.037700,0.171000,9,0.049400,3.762000
SYN-CUST-02557,2026-01-01,293,0,0.000000,0.143100,1,0.032200,0.405300,1,0.049500,3.414000
SYN-CUST-01919,2026-01-01,53,1,81.770000,0.213700,54,0.021500,0.198200,10,0.047500,4.073000
SYN-CUST-00631,2026-01-01,211,8,1492.050000,0.244200,6,0.053900,0.167200,2,0.049100,3.565000
SYN-CUST-00925,2026-01-01,55,5,422.320000,0.204800,41,0.098100,0.286100,5,0.070300,3.987000
SYN-CUST-01514,2026-01-01,101,2,163.240000,0.188900,42,0.029300,0.216300,6,0.041700,3.839000
SYN-CUST-00906,2026-01-01,48,3,228.570000,0.220700,19,0.085200,0.282100,2,0.078100,4.128000
SYN-CUST-01720,2026-01-01,105,0,0.000000,0.164600,46,0.015700,0.225900,11,0.031000,3.818000
SYN-CUST-01987,2026-01-01,90,2,195.150000,0.236300,52,0.022600,0.175100,6,0.021100,4.140000
SYN-CUST-00342,2026-01-01,21,9,1328.860000,0.287800,30,0.188900,0.127600,9,0.048400,4.996000
SYN-CUST-01994,2026-01-01,74,2,159.680000,0.189900,49,0.026200,0.225800,13,0.046000,4.059000
SYN-CUST-01475,2026-01-01,30,1,95.800000,0.236900,23,0.087600,0.258900,5,0.030700,4.102000
SYN-CUST-00804,2026-01-01,140,6,832.300000,0.226800,4,0.067800,0.195900,3,0.070700,3.923000
SYN-CUST-01806,2026-01-01,94,4,270.540000,0.214800,49,0.028400,0.206500,6,0.046200,3.718000
SYN-CUST-02471,2026-01-01,261,0,0.000000,0.092200,5,0.044900,0.425900,3,0.085400,3.339000
SYN-CUST-01559,2026-01-01,80,0,0.000000,0.158300,52,0.024700,0.184300,2,0.056900,3.530000
SYN-CUST-00953,2026-01-01,40,6,521.820000,0.240500,27,0.105300,0.280300,3,0.063200,3.906000
SYN-CUST-02828,2026-01-01,200,0,0.000000,0.143400,0,0.000000,0.489600,1,0.084900,3.318000
SYN-CUST-02157,2026-01-01,23,12,761.760000,-0.068700,38,0.124100,0.647900,4,0.114600,3.769000
SYN-CUST-01902,2026-01-01,98,2,122.350000,0.225400,59,0.031500,0.198100,6,0.044800,3.831000
SYN-CUST-01137,2026-01-01,49,2,163.220000,0.186200,20,0.098000,0.321100,3,0.062100,3.915000
SYN-CUST-02672,2026-01-01,219,0,0.000000,0.148600,1,0.010600,0.318100,1,0.070800,3.449000
SYN-CUST-01778,2026-01-01,52,2,138.820000,0.223300,42,0.032800,0.241900,6,0.049900,3.627000
SYN-CUST-00900,2026-01-01,47,1,85.830000,0.234400,18,0.095800,0.249000,6,0.054300,4.284000
SYN-CUST-01909,2026-01-01,63,2,124.440000,0.197600,33,0.024100,0.192200,11,0.031000,4.111000
SYN-CUST-02551,2026-01-01,281,2,103.310000,0.117600,0,0.000000,0.425600,1,0.084300,3.465000
SYN-CUST-01025,2026-01-01,31,3,354.790000,0.240000,33,0.094800,0.319200,4,0.070100,3.733000
SYN-CUST-01837,2026-01-01,121,1,74.220000,0.201900,43,0.049100,0.190300,5,0.065400,3.847000
SYN-CUST-01774,2026-01-01,99,0,0.000000,0.148400,64,0.024800,0.196700,11,0.050900,3.778000
SYN-CUST-01635,2026-01-01,80,0,0.000000,0.176200,71,0.025800,0.182200,8,0.029700,3.845000
SYN-CUST-00126,2026-01-01,14,12,2741.220000,0.261000,28,0.113000,0.165000,5,0.035600,4.940000
SYN-CUST-02680,2026-01-01,184,0,0.000000,0.150800,3,0.019200,0.371200,1,0.092300,3.298000
SYN-CUST-02578,2026-01-01,228,0,0.000000,0.165200,0,0.000000,0.456000,1,0.067300,3.427000
SYN-CUST-02468,2026-01-01,284,0,0.000000,0.135100,3,0.012500,0.375200,1,0.053100,2.978000
SYN-CUST-01800,2026-01-01,83,1,59.740000,0.180900,43,0.018100,0.193200,9,0.047700,3.748000
SYN-CUST-00114,2026-01-01,14,12,2300.590000,0.295900,30,0.189800,0.138000,6,0.038700,4.172000
SYN-CUST-01706,2026-01-01,84,1,103.410000,0.201100,50,0.027500,0.180600,7,0.066700,3.852000
SYN-CUST-02135,2026-01-01,22,9,404.850000,-0.086300,35,0.153900,0.757700,4,0.172600,3.593000
SYN-CUST-02169,2026-01-01,19,6,374.420000,-0.061600,42,0.160700,0.809900,4,0.092300,4.018000
SYN-CUST-02562,2026-01-01,197,1,35.700000,0.133900,3,0.003200,0.446000,1,0.086100,3.427000
SYN-CUST-02787,2026-01-01,279,2,88.310000,0.144500,2,0.010700,0.394000,1,0.068700,3.511000
SYN-CUST-01641,2026-01-01,81,1,80.570000,0.230700,51,0.009700,0.179400,10,0.054300,3.912000
SYN-CUST-02290,2026-01-01,31,10,802.420000,-0.059700,32,0.138900,0.824200,4,0.067800,3.167000
SYN-CUST-00159,2026-01-01,26,15,2069.100000,0.206100,36,0.178100,0.152300,5,0.022300,3.880000
SYN-CUST-02079,2026-01-01,22,7,432.160000,-0.047400,21,0.105700,0.765400,6,0.115700,3.206000
SYN-CUST-00612,2026-01-01,156,6,956.800000,0.254800,6,0.059100,0.136800,5,0.046300,3.790000
SYN-CUST-02312,2026-01-01,29,11,950.710000,-0.067400,34,0.122900,0.629200,6,0.139000,3.571000
SYN-CUST-00232,2026-01-01,16,10,1303.040000,0.258000,47,0.200600,0.159500,8,0.036300,4.919000
SYN-CUST-02472,2026-01-01,258,0,0.000000,0.123500,1,0.010800,0.388700,1,0.052800,3.370000
SYN-CUST-01441,2026-01-01,31,7,541.290000,0.202800,25,0.105700,0.298400,3,0.061700,4.437000
SYN-CUST-02948,2026-01-01,227,2,88.620000,0.164200,2,0.012800,0.385700,5,0.093300,3.262000
SYN-CUST-02203,2026-01-01,21,5,400.540000,-0.048900,31,0.151400,0.808100,1,0.113800,3.484000
SYN-CUST-01161,2026-01-01,41,6,783.880000,0.190300,30,0.083600,0.264400,2,0.062500,3.952000
SYN-CUST-01700,2026-01-01,93,1,65.430000,0.200000,69,0.022300,0.205500,12,0.057500,3.971000
SYN-CUST-01918,2026-01-01,77,2,90.470000,0.204000,54,0.025800,0.214700,5,0.025000,3.985000
SYN-CUST-00000,2026-01-01,17,11,1322.400000,0.282300,24,0.183800,0.142100,3,0.025300,4.451000
SYN-CUST-01007,2026-01-01,44,7,626.060000,0.204200,23,0.084400,0.257400,4,0.051200,4.246000
SYN-CUST-00262,2026-01-01,18,17,3805.200000,0.237300,41,0.239500,0.129000,4,0.039200,4.631000
SYN-CUST-00776,2026-01-01,136,7,1025.320000,0.230500,8,0.065500,0.221600,3,0.037600,3.466000
SYN-CUST-02742,2026-01-01,289,0,0.000000,0.145700,5,0.021700,0.396300,4,0.078100,3.264000
SYN-CUST-01265,2026-01-01,55,6,565.010000,0.251400,27,0.089100,0.292100,3,0.079100,4.092000
SYN-CUST-00686,2026-01-01,159,11,1356.860000,0.231700,7,0.069600,0.189000,1,0.069500,3.698000
SYN-CUST-01217,2026-01-01,28,4,384.040000,0.215600,31,0.072700,0.256000,5,0.079700,4.173000
SYN-CUST-02729,2026-01-01,243,0,0.000000,0.123200,2,0.015000,0.382500,1,0.078700,3.514000
SYN-CUST-01082,2026-01-01,45,3,181.240000,0.172300,28,0.123800,0.326300,6,0.065100,3.940000
SYN-CUST-01506,2026-01-01,207,0,0.000000,0.146000,45,0.027000,0.197800,7,0.050400,3.989000
SYN-CUST-01827,2026-01-01,62,0,0.000000,0.221700,56,0.027200,0.212900,9,0.056500,4.130000
SYN-CUST-00016,2026-01-01,25,5,868.240000,0.337100,34,0.156400,0.147500,7,0.034900,4.832000
SYN-CUST-01484,2026-01-01,71,4,254.970000,0.183900,51,0.030500,0.195100,8,0.061800,4.049000
SYN-CUST-02747,2026-01-01,250,0,0.000000,0.155400,4,0.018900,0.394200,2,0.076100,3.568000
SYN-CUST-00893,2026-01-01,35,8,587.110000,0.201700,26,0.126000,0.296200,8,0.072300,3.817000
SYN-CUST-00543,2026-01-01,113,7,1117.920000,0.279900,11,0.063600,0.205500,4,0.059700,3.666000
SYN-CUST-01899,2026-01-01,57,1,68.540000,0.154600,41,0.016200,0.223400,2,0.050600,3.779000
SYN-CUST-00503,2026-01-01,142,5,881.580000,0.257800,2,0.071700,0.163300,6,0.038000,3.712000
SYN-CUST-02316,2026-01-01,32,6,271.040000,-0.073200,31,0.119200,0.761900,2,0.103000,3.549000
SYN-CUST-00106,2026-01-01,16,18,2807.220000,0.310100,29,0.164000,0.118400,1,0.050900,5.000000
SYN-CUST-01379,2026-01-01,40,4,302.970000,0.246700,25,0.110400,0.265700,6,0.050600,3.792000
SYN-CUST-00119,2026-01-01,19,7,1284.100000,0.248500,35,0.175700,0.174500,1,0.044900,4.682000
SYN-CUST-02341,2026-01-01,26,9,779.350000,-0.070900,34,0.187000,0.789400,9,0.133000,3.463000
SYN-CUST-00006,2026-01-01,26,10,1532.000000,0.290200,27,0.125700,0.140500,4,0.017500,4.132000
SYN-CUST-01437,2026-01-01,38,6,648.380000,0.183300,28,0.095700,0.210800,4,0.062400,4.504000
SYN-CUST-00771,2026-01-01,95,11,1906.910000,0.247800,10,0.075300,0.179200,6,0.071900,3.674000
SYN-CUST-02409,2026-01-01,27,6,426.080000,-0.052900,34,0.123200,0.736900,4,0.097700,3.429000
SYN-CUST-02001,2026-01-01,86,0,0.000000,0.192100,57,0.029100,0.230400,11,0.040200,4.010000
SYN-CUST-00336,2026-01-01,16,5,698.340000,0.231600,38,0.222500,0.132000,6,0.038400,4.123000
SYN-CUST-02958,2026-01-01,233,0,0.000000,0.135300,5,0.001000,0.321200,2,0.071000,3.416000
SYN-CUST-02989,2026-01-01,221,2,107.130000,0.128100,1,0.014200,0.421300,1,0.055500,3.375000
SYN-CUST-00814,2026-01-01,103,13,2210.460000,0.232900,5,0.062600,0.213000,6,0.066600,3.633000
SYN-CUST-00448,2026-01-01,19,12,1405.660000,0.258100,40,0.179600,0.152600,9,0.042200,4.380000
SYN-CUST-02222,2026-01-01,28,10,668.590000,-0.052500,35,0.111500,0.715300,3,0.123500,3.439000
SYN-CUST-02204,2026-01-01,22,13,846.580000,-0.057700,34,0.147200,0.909000,6,0.099900,3.707000
SYN-CUST-01864,2026-01-01,78,0,0.000000,0.215000,36,0.032400,0.208000,9,0.045500,4.007000
SYN-CUST-02820,2026-01-01,335,0,0.000000,0.117800,4,0.029000,0.367400,4,0.103400,3.221000
SYN-CUST-00156,2026-01-01,20,13,2824.690000,0.234500,31,0.186400,0.136700,5,0.032700,4.644000
SYN-CUST-00137,2026-01-01,21,17,2303.110000,0.237500,40,0.169800,0.134700,3,0.019500,4.915000
SYN-CUST-00898,2026-01-01,46,4,320.740000,0.151500,34,0.091800,0.236700,4,0.050200,3.991000
SYN-CUST-02526,2026-01-01,218,0,0.000000,0.122200,3,0.019200,0.474800,2,0.066000,3.313000
SYN-CUST-02577,2026-01-01,279,1,39.160000,0.131000,2,0.024500,0.424800,5,0.072800,3.224000
SYN-CUST-02239,2026-01-01,33,13,902.390000,-0.050000,30,0.156000,0.831100,3,0.121700,3.409000
SYN-CUST-02629,2026-01-01,262,0,0.000000,0.137800,4,0.005500,0.347200,1,0.070000,3.261000
SYN-CUST-00049,2026-01-01,20,12,1517.130000,0.337200,26,0.174100,0.133700,4,0.017100,4.271000
SYN-CUST-01803,2026-01-01,79,2,140.670000,0.217000,43,0.020400,0.176700,7,0.042000,3.924000
SYN-CUST-02956,2026-01-01,181,0,0.000000,0.110300,3,0.005600,0.411200,2,0.043300,3.133000
SYN-CUST-01767,2026-01-01,109,1,74.470000,0.224400,45,0.019800,0.222200,8,0.049300,3.671000
SYN-CUST-00176,2026-01-01,15,13,1872.730000,0.283400,46,0.183200,0.141600,5,0.040600,4.453000
SYN-CUST-02380,2026-01-01,23,7,525.370000,-0.052700,36,0.127700,0.553300,3,0.076300,3.420000
SYN-CUST-00844,2026-01-01,38,2,163.720000,0.232900,18,0.100000,0.208000,7,0.051500,4.525000
SYN-CUST-00513,2026-01-01,185,7,1744.840000,0.300100,4,0.040800,0.218800,6,0.071300,3.551000
SYN-CUST-02256,2026-01-01,30,13,644.980000,-0.062100,27,0.187700,0.861700,2,0.096600,3.504000
SYN-CUST-01958,2026-01-01,68,1,66.020000,0.167600,57,0.046400,0.200600,9,0.053100,3.762000
SYN-CUST-00320,2026-01-01,16,19,2251.480000,0.256900,31,0.187500,0.137300,3,0.027300,4.362000
SYN-CUST-00556,2026-01-01,149,10,2057.450000,0.249800,5,0.067500,0.157800,1,0.075300,3.720000
SYN-CUST-01275,2026-01-01,49,5,404.650000,0.193000,28,0.106700,0.234400,4,0.042700,4.160000
SYN-CUST-00712,2026-01-01,116,6,883.680000,0.262500,7,0.048600,0.159900,1,0.080500,3.672000
SYN-CUST-00004,2026-01-01,24,8,1018.720000,0.262100,26,0.216100,0.109900,6,0.029600,4.958000
SYN-CUST-01281,2026-01-01,50,3,290.890000,0.242000,33,0.078200,0.256100,5,0.086500,4.103000
SYN-CUST-02077,2026-01-01,27,14,869.480000,-0.057300,24,0.127600,0.667300,6,0.084800,3.461000
SYN-CUST-00120,2026-01-01,18,12,2290.530000,0.274200,20,0.135200,0.147700,6,0.036500,4.536000
SYN-CUST-00280,2026-01-01,16,15,3084.510000,0.272600,24,0.138100,0.140500,10,0.025700,4.485000
SYN-CUST-02444,2026-01-01,29,8,562.700000,-0.066500,34,0.148500,0.636300,3,0.149900,3.665000
SYN-CUST-00452,2026-01-01,13,14,2402.050000,0.222900,30,0.148300,0.152800,3,0.028500,4.428000
SYN-CUST-02398,2026-01-01,21,8,566.450000,-0.060700,30,0.099600,0.614200,1,0.118200,3.765000
SYN-CUST-01550,2026-01-01,82,1,65.040000,0.168300,49,0.013300,0.140200,9,0.047500,3.798000
SYN-CUST-02711,2026-01-01,280,0,0.000000,0.120200,1,0.013400,0.367900,1,0.088000,3.469000
SYN-CUST-00681,2026-01-01,186,8,1564.470000,0.246400,9,0.039800,0.164700,6,0.030700,3.747000
SYN-CUST-02778,2026-01-01,205,0,0.000000,0.141100,3,0.021500,0.523800,1,0.060000,3.298000
SYN-CUST-00514,2026-01-01,162,6,1294.710000,0.326300,6,0.048100,0.175800,7,0.042600,3.795000
SYN-CUST-02822,2026-01-01,184,0,0.000000,0.139900,4,0.023900,0.434800,1,0.083400,3.287000
SYN-CUST-02264,2026-01-01,21,12,557.100000,-0.053900,27,0.125000,0.765000,3,0.088000,3.635000
SYN-CUST-00377,2026-01-01,15,11,1998.800000,0.244700,28,0.199700,0.103200,11,0.022800,4.383000
SYN-CUST-00381,2026-01-01,17,19,3420.820000,0.278100,40,0.163400,0.128300,5,0.047200,4.625000
SYN-CUST-02394,2026-01-01,21,5,394.190000,-0.045800,24,0.123500,0.721200,7,0.163800,3.650000
SYN-CUST-00970,2026-01-01,38,2,134.640000,0.233800,28,0.107200,0.314400,3,0.041700,3.992000
SYN-CUST-02918,2026-01-01,221,0,0.000000,0.132600,1,0.005300,0.368300,1,0.094100,3.192000
SYN-CUST-01043,2026-01-01,34,3,207.140000,0.225700,23,0.125700,0.293100,6,0.060600,3.771000
SYN-CUST-02800,2026-01-01,195,1,35.720000,0.092000,4,0.014000,0.545900,1,0.073600,3.241000
SYN-CUST-00253,2026-01-01,20,16,3052.850000,0.271200,47,0.157700,0.152900,7,0.040900,4.499000
SYN-CUST-02271,2026-01-01,30,4,311.560000,-0.061200,30,0.115200,0.727600,4,0.088600,3.652000
SYN-CUST-02423,2026-01-01,30,10,550.300000,-0.053500,26,0.150300,0.887100,3,0.127500,3.633000
SYN-CUST-00073,2026-01-01,18,14,1448.450000,0.249000,29,0.184500,0.152900,6,0.022600,4.695000
SYN-CUST-01170,2026-01-01,45,4,386.340000,0.184200,31,0.097200,0.327700,2,0.067100,4.269000
SYN-CUST-00698,2026-01-01,159,7,1617.780000,0.174000,9,0.062600,0.184100,5,0.058900,3.445000
SYN-CUST-01723,2026-01-01,79,0,0.000000,0.224100,56,0.034400,0.176600,2,0.040200,3.637000
SYN-CUST-02283,2026-01-01,22,7,327.300000,-0.060800,32,0.149400,0.644200,6,0.099400,3.447000
SYN-CUST-00331,2026-01-01,21,9,1584.380000,0.296300,39,0.222400,0.160200,5,0.040300,4.354000
SYN-CUST-00920,2026-01-01,54,2,169.560000,0.172700,20,0.078400,0.238500,4,0.059900,4.000000
SYN-CUST-01528,2026-01-01,101,1,85.090000,0.177900,50,0.018700,0.167200,6,0.055800,3.997000
SYN-CUST-02548,2026-01-01,253,0,0.000000,0.134600,1,0.001700,0.410400,2,0.061900,3.315000
SYN-CUST-02137,2026-01-01,30,8,717.540000,-0.066300,24,0.155000,0.675600,5,0.112100,3.483000
SYN-CUST-00611,2026-01-01,157,7,1472.930000,0.239000,6,0.042600,0.171600,4,0.063400,3.558000
SYN-CUST-01946,2026-01-01,76,0,0.000000,0.171100,54,0.009100,0.186700,6,0.030600,3.865000
SYN-CUST-01672,2026-01-01,86,1,77.920000,0.195500,35,0.006900,0.173500,3,0.037400,3.700000
SYN-CUST-00672,2026-01-01,167,10,1786.410000,0.243700,4,0.046800,0.165500,9,0.080500,3.641000
SYN-CUST-01824,2026-01-01,73,0,0.000000,0.194800,62,0.022700,0.216100,7,0.069100,3.926000
SYN-CUST-02443,2026-01-01,27,10,700.560000,-0.060400,26,0.078700,0.860200,6,0.122800,3.694000
SYN-CUST-00035,2026-01-01,18,10,1223.860000,0.338700,25,0.179300,0.112100,7,0.027100,4.591000
SYN-CUST-00823,2026-01-01,119,8,1586.900000,0.265300,4,0.067000,0.196300,4,0.062000,4.006000
SYN-CUST-01116,2026-01-01,48,5,395.540000,0.248900,19,0.103000,0.278300,7,0.054700,4.359000
SYN-CUST-00264,2026-01-01,16,9,1551.960000,0.298600,43,0.127700,0.143600,8,0.043000,4.391000
SYN-CUST-01520,2026-01-01,61,0,0.000000,0.202200,47,0.035400,0.214700,6,0.034700,3.821000
SYN-CUST-02229,2026-01-01,25,5,469.070000,-0.047900,36,0.146900,0.847300,4,0.131800,3.488000
SYN-CUST-00936,2026-01-01,37,3,288.720000,0.236500,23,0.100900,0.246500,8,0.048600,4.410000
SYN-CUST-01731,2026-01-01,72,2,138.990000,0.219100,56,0.025800,0.232900,8,0.043200,3.876000
SYN-CUST-00721,2026-01-01,174,7,1122.690000,0.237400,5,0.052900,0.214300,4,0.041800,3.932000
SYN-CUST-02584,2026-01-01,236,1,51.370000,0.123800,3,0.018100,0.388700,3,0.108200,3.374000
SYN-CUST-02603,2026-01-01,197,0,0.000000,0.137700,2,0.009900,0.348700,1,0.066400,3.503000
SYN-CUST-01399,2026-01-01,32,4,233.520000,0.214500,37,0.118300,0.296300,7,0.056900,3.737000
SYN-CUST-00678,2026-01-01,140,6,1668.740000,0.264600,3,0.074400,0.165500,8,0.045700,3.808000
SYN-CUST-02401,2026-01-01,24,8,482.330000,-0.067000,29,0.089300,0.701400,3,0.140900,3.377000
SYN-CUST-02299,2026-01-01,21,10,666.350000,-0.059600,36,0.142900,0.864200,5,0.140400,3.560000
SYN-CUST-01691,2026-01-01,92,0,0.000000,0.213500,61,0.023500,0.225400,6,0.062000,3.851000
SYN-CUST-00796,2026-01-01,176,8,1410.130000,0.205600,5,0.056300,0.212900,1,0.065500,3.719000
SYN-CUST-01255,2026-01-01,45,5,638.400000,0.206900,17,0.119100,0.268800,4,0.093300,4.102000
SYN-CUST-00558,2026-01-01,172,2,406.400000,0.190700,6,0.043600,0.189300,5,0.066800,3.426000
SYN-CUST-01362,2026-01-01,44,6,551.500000,0.233500,15,0.096200,0.345000,3,0.056100,4.092000
SYN-CUST-02510,2026-01-01,324,3,169.470000,0.167700,2,0.001300,0.461200,2,0.045300,3.117000
SYN-CUST-02112,2026-01-01,23,8,434.450000,-0.056300,24,0.115200,0.711600,4,0.095900,3.756000
SYN-CUST-02721,2026-01-01,245,0,0.000000,0.162100,2,0.006100,0.449100,2,0.064900,3.419000
SYN-CUST-00211,2026-01-01,17,16,2681.850000,0.324700,47,0.207900,0.120000,6,0.040900,4.063000
SYN-CUST-02613,2026-01-01,188,0,0.000000,0.115300,3,0.001000,0.367700,2,0.058400,3.191000
SYN-CUST-00148,2026-01-01,12,12,2215.220000,0.291500,33,0.159500,0.130900,5,0.036900,4.940000
SYN-CUST-01798,2026-01-01,67,0,0.000000,0.205700,46,0.022400,0.210700,5,0.041000,4.176000
SYN-CUST-00339,2026-01-01,23,13,1753.690000,0.249200,33,0.198600,0.130400,10,0.045100,4.707000
SYN-CUST-02546,2026-01-01,204,0,0.000000,0.134400,2,0.015700,0.466800,2,0.072500,3.502000
SYN-CUST-00649,2026-01-01,198,3,454.270000,0.257100,6,0.047800,0.202400,6,0.049000,3.887000
SYN-CUST-02052,2026-01-01,27,6,279.610000,-0.066200,27,0.113800,0.782300,4,0.144200,3.648000
SYN-CUST-01179,2026-01-01,38,8,960.760000,0.245100,23,0.096500,0.265700,4,0.061800,3.784000
SYN-CUST-00846,2026-01-01,45,6,693.100000,0.238000,23,0.094000,0.284100,4,0.066700,4.007000
SYN-CUST-02017,2026-01-01,29,5,333.870000,-0.066000,28,0.109800,0.719100,4,0.081900,3.572000
SYN-CUST-02255,2026-01-01,28,6,359.130000,-0.075500,27,0.115300,0.642700,5,0.115900,3.811000
SYN-CUST-01269,2026-01-01,42,1,115.390000,0.178200,29,0.100000,0.231700,9,0.038400,4.008000
SYN-CUST-00074,2026-01-01,19,12,2224.910000,0.327000,30,0.159100,0.163400,4,0.021100,4.541000
SYN-CUST-01684,2026-01-01,81,2,196.070000,0.204900,50,0.009800,0.221600,4,0.038900,4.098000
SYN-CUST-01663,2026-01-01,62,3,177.220000,0.169500,57,0.011700,0.168500,11,0.056100,4.016000
SYN-CUST-01983,2026-01-01,101,2,106.310000,0.207300,43,0.025300,0.226400,3,0.040200,4.060000
SYN-CUST-00579,2026-01-01,112,17,2994.620000,0.236600,8,0.062200,0.195000,7,0.054400,3.852000
SYN-CUST-02188,2026-01-01,33,8,483.090000,-0.050700,35,0.136000,0.725300,8,0.145900,3.134000
SYN-CUST-02854,2026-01-01,269,0,0.000000,0.171800,3,0.007600,0.420200,1,0.071400,3.535000
SYN-CUST-02049,2026-01-01,22,9,434.920000,-0.070400,22,0.158500,0.647600,5,0.120900,3.245000
SYN-CUST-00307,2026-01-01,25,15,2213.250000,0.236200,24,0.209400,0.143700,4,0.043100,4.527000
SYN-CUST-02516,2026-01-01,349,0,0.000000,0.131200,5,0.001000,0.360600,1,0.064700,3.380000
SYN-CUST-02045,2026-01-01,23,11,674.640000,-0.064500,28,0.119000,0.889200,3,0.136900,3.792000
SYN-CUST-01603,2026-01-01,76,3,223.380000,0.219400,60,0.048500,0.155300,10,0.058100,3.649000
SYN-CUST-01856,2026-01-01,64,1,56.390000,0.189300,43,0.023600,0.225600,5,0.045100,3.791000
SYN-CUST-01366,2026-01-01,34,2,182.370000,0.214500,41,0.114900,0.247800,5,0.034300,3.780000
SYN-CUST-01743,2026-01-01,99,1,62.370000,0.190400,46,0.039300,0.164300,11,0.029300,4.122000
SYN-CUST-02084,2026-01-01,26,18,1272.920000,-0.063700,24,0.134000,0.715600,4,0.102700,3.331000
SYN-CUST-01340,2026-01-01,36,0,0.000000,0.159600,22,0.138700,0.243500,8,0.068300,4.259000
SYN-CUST-02177,2026-01-01,29,10,664.700000,-0.060500,24,0.134000,0.550300,4,0.112400,3.708000
SYN-CUST-02344,2026-01-01,20,10,724.510000,-0.073800,35,0.128600,0.778700,3,0.092500,3.409000
SYN-CUST-01148,2026-01-01,36,3,356.750000,0.201600,22,0.117800,0.263600,5,0.037400,4.076000
SYN-CUST-02488,2026-01-01,234,1,39.470000,0.129500,3,0.001000,0.392900,2,0.086200,3.342000
SYN-CUST-02152,2026-01-01,31,7,451.130000,-0.066600,33,0.075900,0.839400,6,0.107500,3.293000
SYN-CUST-02576,2026-01-01,265,0,0.000000,0.131300,3,0.002200,0.502200,3,0.030100,3.102000
SYN-CUST-01473,2026-01-01,36,2,196.840000,0.220400,21,0.087500,0.286300,3,0.061100,3.952000
SYN-CUST-02824,2026-01-01,216,0,0.000000,0.137200,1,0.004600,0.459300,1,0.069600,3.212000
SYN-CUST-00474,2026-01-01,228,11,1403.340000,0.238700,8,0.068800,0.224200,5,0.068700,3.630000
SYN-CUST-02869,2026-01-01,307,1,66.680000,0.134100,4,0.008300,0.430600,3,0.083900,3.141000
SYN-CUST-02071,2026-01-01,29,6,470.320000,-0.061200,33,0.171800,0.763700,3,0.158900,3.420000
SYN-CUST-02532,2026-01-01,237,0,0.000000,0.159700,2,0.006800,0.416900,1,0.067600,3.263000
SYN-CUST-00808,2026-01-01,156,6,1333.460000,0.249300,8,0.058600,0.168500,3,0.069500,3.775000
SYN-CUST-00722,2026-01-01,131,7,1242.850000,0.196400,7,0.075500,0.210100,3,0.052500,3.669000
SYN-CUST-02298,2026-01-01,36,11,1004.050000,-0.068100,28,0.093400,0.893600,7,0.065800,3.407000
SYN-CUST-00390,2026-01-01,13,15,2448.590000,0.306000,25,0.200400,0.158300,5,0.047000,4.435000
SYN-CUST-01358,2026-01-01,41,5,431.520000,0.226300,28,0.081800,0.267800,3,0.075500,4.215000
SYN-CUST-02934,2026-01-01,240,0,0.000000,0.157500,2,0.005100,0.496000,1,0.075200,3.325000
SYN-CUST-01115,2026-01-01,38,6,603.810000,0.239900,22,0.102400,0.312300,3,0.053600,3.828000
SYN-CUST-02381,2026-01-01,31,10,697.950000,-0.046000,24,0.123900,0.652700,5,0.127900,3.698000
SYN-CUST-01637,2026-01-01,77,1,67.010000,0.195800,51,0.035800,0.165800,8,0.050400,3.649000
SYN-CUST-00601,2026-01-01,207,6,1155.560000,0.286500,4,0.076000,0.215200,6,0.037400,3.555000
SYN-CUST-02247,2026-01-01,24,13,819.350000,-0.068700,28,0.201800,0.917000,4,0.134300,3.585000
SYN-CUST-01429,2026-01-01,47,3,367.730000,0.258400,24,0.097200,0.297100,1,0.061600,4.324000
SYN-CUST-01656,2026-01-01,74,2,171.250000,0.173100,51,0.018100,0.194500,10,0.033900,4.070000
SYN-CUST-02496,2026-01-01,295,0,0.000000,0.127800,3,0.015700,0.470500,1,0.087400,3.566000
SYN-CUST-00477,2026-01-01,132,16,2790.960000,0.251100,4,0.069000,0.144600,4,0.071700,3.743000
SYN-CUST-01192,2026-01-01,37,2,175.660000,0.246100,19,0.072100,0.317900,6,0.055400,3.990000
SYN-CUST-01048,2026-01-01,42,1,102.570000,0.186500,24,0.097200,0.284200,6,0.066500,3.824000
SYN-CUST-01468,2026-01-01,45,4,429.800000,0.274400,17,0.085300,0.304500,4,0.054300,4.253000
SYN-CUST-02997,2026-01-01,264,1,46.380000,0.143000,3,0.011600,0.332200,1,0.108800,3.143000
SYN-CUST-01554,2026-01-01,61,0,0.000000,0.179300,49,0.020100,0.209900,6,0.047200,4.149000
SYN-CUST-02676,2026-01-01,259,0,0.000000,0.153800,1,0.004400,0.345600,1,0.102500,3.327000
SYN-CUST-02791,2026-01-01,311,0,0.000000,0.137200,4,0.023000,0.463300,2,0.084400,3.537000
SYN-CUST-00833,2026-01-01,41,1,71.140000,0.194500,29,0.084400,0.218000,6,0.049500,4.059000
SYN-CUST-02746,2026-01-01,278,3,184.130000,0.121200,0,0.000000,0.505700,2,0.088600,3.431000
SYN-CUST-02915,2026-01-01,267,0,0.000000,0.151600,4,0.009300,0.506300,2,0.073600,3.155000
SYN-CUST-00205,2026-01-01,21,13,3145.470000,0.291100,34,0.162700,0.140500,5,0.033500,4.855000
SYN-CUST-01526,2026-01-01,82,2,137.240000,0.199200,68,0.017500,0.167500,6,0.043100,3.650000
SYN-CUST-00701,2026-01-01,123,12,2199.470000,0.250000,10,0.042800,0.213600,3,0.060000,3.713000
SYN-CUST-00427,2026-01-01,23,13,1375.910000,0.314800,25,0.121000,0.134100,3,0.036600,4.720000
SYN-CUST-01162,2026-01-01,35,5,440.250000,0.194100,18,0.080600,0.294400,9,0.050700,4.096000
SYN-CUST-02927,2026-01-01,241,1,51.840000,0.139400,2,0.009200,0.388100,1,0.100700,3.403000
SYN-CUST-01014,2026-01-01,44,6,720.400000,0.213200,19,0.116400,0.276900,6,0.043900,3.766000
SYN-CUST-00441,2026-01-01,19,9,1431.210000,0.266900,28,0.247500,0.148900,5,0.020900,4.729000
SYN-CUST-01279,2026-01-01,25,1,80.150000,0.202500,22,0.080600,0.293500,8,0.036800,3.923000
SYN-CUST-02127,2026-01-01,21,5,314.160000,-0.064700,27,0.176000,0.728000,3,0.127200,3.592000
SYN-CUST-00608,2026-01-01,149,6,1110.600000,0.184000,5,0.058400,0.177500,2,0.057000,3.877000
SYN-CUST-02349,2026-01-01,24,10,739.680000,-0.052100,21,0.175800,0.810900,3,0.120800,3.652000
SYN-CUST-02019,2026-01-01,31,9,660.280000,-0.059900,19,0.086800,0.758300,8,0.133600,3.720000
SYN-CUST-02140,2026-01-01,26,8,531.580000,-0.071300,21,0.100600,0.700700,4,0.166000,3.672000
SYN-CUST-02480,2026-01-01,237,0,0.000000,0.161900,5,0.025600,0.478400,1,0.076700,3.199000
SYN-CUST-00696,2026-01-01,105,10,1333.050000,0.214700,11,0.062900,0.194300,4,0.067500,3.472000
SYN-CUST-01300,2026-01-01,35,2,200.030000,0.223900,30,0.086700,0.277700,2,0.064400,4.103000
SYN-CUST-01667,2026-01-01,115,0,0.000000,0.198800,55,0.021200,0.188100,10,0.043700,3.844000
SYN-CUST-00655,2026-01-01,173,8,1628.420000,0.258000,5,0.071700,0.163800,5,0.066900,3.916000
SYN-CUST-00825,2026-01-01,63,2,172.000000,0.230000,27,0.118400,0.278300,5,0.043800,4.075000
SYN-CUST-00154,2026-01-01,16,6,1185.100000,0.302700,27,0.203000,0.139100,9,0.022500,4.664000
SYN-CUST-02850,2026-01-01,257,1,49.770000,0.127700,5,0.023800,0.439700,2,0.096800,3.286000
SYN-CUST-01416,2026-01-01,33,8,826.450000,0.221400,28,0.090300,0.242100,3,0.052500,3.781000
SYN-CUST-00033,2026-01-01,20,10,1754.720000,0.322200,25,0.133700,0.152500,6,0.048100,4.880000
SYN-CUST-02987,2026-01-01,250,2,121.390000,0.163100,3,0.014600,0.398400,1,0.084600,3.399000
SYN-CUST-00719,2026-01-01,120,6,1146.690000,0.266200,3,0.062900,0.194800,2,0.051400,3.889000
SYN-CUST-00987,2026-01-01,32,2,146.150000,0.241600,20,0.087900,0.245400,4,0.080500,4.017000
SYN-CUST-01657,2026-01-01,107,0,0.000000,0.167900,49,0.020300,0.193500,8,0.044700,3.822000
SYN-CUST-00070,2026-01-01,20,19,2434.730000,0.255900,33,0.177800,0.164600,6,0.021000,4.338000
SYN-CUST-02257,2026-01-01,28,13,554.030000,-0.071300,26,0.104500,0.839900,4,0.134400,3.386000
SYN-CUST-01330,2026-01-01,50,4,372.970000,0.217200,29,0.099300,0.259900,4,0.054600,4.215000
SYN-CUST-02690,2026-01-01,231,1,37.780000,0.155000,2,0.028200,0.489300,1,0.080700,3.256000
SYN-CUST-02265,2026-01-01,21,10,612.980000,-0.074700,26,0.150300,0.638800,3,0.112600,3.896000
SYN-CUST-02067,2026-01-01,21,9,598.790000,-0.056000,29,0.088300,0.651100,2,0.087300,3.599000
SYN-CUST-02636,2026-01-01,229,1,45.940000,0.126000,2,0.006000,0.376700,2,0.091200,3.472000
SYN-CUST-01295,2026-01-01,29,6,665.470000,0.199000,31,0.092500,0.296500,4,0.065200,4.409000
SYN-CUST-00323,2026-01-01,18,13,2009.380000,0.211300,37,0.141800,0.150800,5,0.043200,4.587000
SYN-CUST-00003,2026-01-01,21,5,852.100000,0.271000,26,0.179400,0.155500,11,0.029300,4.641000
SYN-CUST-00683,2026-01-01,175,9,1741.360000,0.255900,8,0.055700,0.175000,2,0.044600,3.687000
SYN-CUST-01595,2026-01-01,86,0,0.000000,0.184500,51,0.023200,0.213800,9,0.038500,3.807000
SYN-CUST-00497,2026-01-01,176,2,305.830000,0.288800,5,0.072400,0.136700,5,0.041400,3.914000
SYN-CUST-00707,2026-01-01,152,9,1192.230000,0.230600,3,0.045100,0.207000,5,0.029300,3.573000
SYN-CUST-01440,2026-01-01,35,5,402.850000,0.228900,21,0.138900,0.269700,6,0.070100,4.002000
SYN-CUST-02705,2026-01-01,254,0,0.000000,0.147400,7,0.012300,0.427600,4,0.091000,3.177000
SYN-CUST-00657,2026-01-01,149,11,2456.000000,0.262700,8,0.060400,0.200800,4,0.078400,3.520000
SYN-CUST-01677,2026-01-01,77,0,0.000000,0.228000,47,0.036700,0.188700,8,0.056300,4.029000
SYN-CUST-01869,2026-01-01,93,1,71.270000,0.188000,44,0.042700,0.194200,5,0.045700,4.016000
SYN-CUST-01981,2026-01-01,79,4,288.970000,0.189100,38,0.022500,0.217900,3,0.039400,3.752000
SYN-CUST-01160,2026-01-01,33,4,365.930000,0.216000,30,0.091400,0.281000,3,0.064700,3.963000
SYN-CUST-01953,2026-01-01,73,1,56.670000,0.185500,32,0.024000,0.196000,4,0.038000,4.103000
SYN-CUST-02314,2026-01-01,25,7,468.630000,-0.055600,35,0.135400,0.603000,7,0.128000,3.472000
SYN-CUST-01221,2026-01-01,37,3,272.490000,0.192000,16,0.089600,0.269200,8,0.073900,3.819000
SYN-CUST-01630,2026-01-01,73,0,0.000000,0.175700,40,0.023600,0.209300,17,0.039700,4.110000
SYN-CUST-02403,2026-01-01,29,7,478.540000,-0.022400,27,0.139300,0.612200,4,0.099100,3.872000
SYN-CUST-00084,2026-01-01,22,14,2263.530000,0.268800,38,0.220100,0.152500,6,0.008400,4.717000
SYN-CUST-00801,2026-01-01,150,6,1193.400000,0.244300,7,0.058000,0.167200,1,0.068800,3.617000
SYN-CUST-02323,2026-01-01,21,10,752.720000,-0.061700,26,0.119200,0.794100,4,0.126800,3.339000
SYN-CUST-01521,2026-01-01,85,2,140.410000,0.198500,49,0.017400,0.216200,11,0.049300,3.607000
SYN-CUST-00687,2026-01-01,142,6,1045.320000,0.209800,8,0.038300,0.150100,1,0.032300,3.355000
SYN-CUST-00014,2026-01-01,17,20,3316.580000,0.282400,27,0.126900,0.143100,6,0.034000,4.460000
SYN-CUST-02744,2026-01-01,268,0,0.000000,0.122800,0,0.000000,0.398400,1,0.068300,3.414000
SYN-CUST-02006,2026-01-01,79,0,0.000000,0.208100,40,0.015700,0.178100,9,0.041500,3.807000
SYN-CUST-02385,2026-01-01,21,16,809.590000,-0.063100,25,0.131400,0.771700,5,0.113600,3.619000
SYN-CUST-00117,2026-01-01,18,30,3445.470000,0.280700,40,0.207300,0.109500,5,0.033200,4.563000
SYN-CUST-02509,2026-01-01,171,2,100.180000,0.128100,2,0.007900,0.424600,1,0.092900,3.346000
SYN-CUST-01425,2026-01-01,37,3,342.090000,0.211700,27,0.103700,0.296900,3,0.055300,3.824000
SYN-CUST-00994,2026-01-01,37,6,557.440000,0.171400,24,0.091400,0.274300,1,0.073600,3.994000
SYN-CUST-00873,2026-01-01,57,4,388.870000,0.206700,19,0.096800,0.264100,1,0.103400,4.187000
SYN-CUST-00065,2026-01-01,21,15,2164.410000,0.239000,41,0.180200,0.121400,6,0.030800,4.261000
SYN-CUST-01329,2026-01-01,52,0,0.000000,0.193900,19,0.100500,0.321500,9,0.060500,4.329000
SYN-CUST-01992,2026-01-01,101,0,0.000000,0.243500,37,0.040900,0.204900,13,0.050000,3.755000
SYN-CUST-00818,2026-01-01,169,5,832.180000,0.220200,9,0.059900,0.167400,3,0.044600,3.901000
SYN-CUST-01378,2026-01-01,43,3,316.790000,0.221400,24,0.082000,0.316800,1,0.085000,3.891000
SYN-CUST-02254,2026-01-01,21,13,872.190000,-0.060800,38,0.070800,0.707100,1,0.154500,3.575000
SYN-CUST-00013,2026-01-01,18,14,1853.000000,0.270300,41,0.162600,0.145600,5,0.053800,4.451000
SYN-CUST-00879,2026-01-01,53,6,551.870000,0.279500,27,0.115600,0.262100,6,0.035300,3.978000
SYN-CUST-02534,2026-01-01,207,0,0.000000,0.128600,0,0.000000,0.440800,2,0.053400,3.217000
SYN-CUST-00884,2026-01-01,48,3,246.520000,0.221900,24,0.093800,0.283000,3,0.045700,4.038000
SYN-CUST-02167,2026-01-01,25,11,612.660000,-0.065100,30,0.154700,0.921600,3,0.152800,3.563000
SYN-CUST-02129,2026-01-01,21,8,577.210000,-0.054900,25,0.145300,0.751100,4,0.132400,3.509000
SYN-CUST-00401,2026-01-01,20,9,1692.140000,0.302700,25,0.245300,0.114900,9,0.041900,4.228000
SYN-CUST-00144,2026-01-01,19,15,2664.470000,0.263000,38,0.149100,0.106600,7,0.039600,4.654000
SYN-CUST-00830,2026-01-01,50,4,415.980000,0.182300,34,0.114400,0.289000,5,0.076800,3.860000
SYN-CUST-02823,2026-01-01,241,2,83.230000,0.138500,1,0.001000,0.392300,4,0.107100,3.661000
SYN-CUST-02132,2026-01-01,23,8,461.500000,-0.052100,31,0.107700,0.643500,3,0.120500,3.593000
SYN-CUST-01500,2026-01-01,98,1,71.390000,0.194600,34,0.026700,0.205400,5,0.055200,4.223000
SYN-CUST-02364,2026-01-01,24,14,605.420000,-0.050600,24,0.126300,0.619100,9,0.082000,3.503000
SYN-CUST-00585,2026-01-01,137,7,1465.880000,0.237800,2,0.041200,0.144600,4,0.076700,3.900000
SYN-CUST-01665,2026-01-01,86,3,185.040000,0.197800,61,0.031000,0.182400,6,0.029400,3.851000
SYN-CUST-00695,2026-01-01,139,8,1258.410000,0.221300,7,0.068600,0.210400,4,0.060000,3.686000
SYN-CUST-02334,2026-01-01,28,8,485.750000,-0.041700,24,0.116700,0.767200,1,0.071500,3.568000
SYN-CUST-02809,2026-01-01,163,1,48.110000,0.134100,1,0.022700,0.551500,3,0.092100,3.518000
SYN-CUST-00062,2026-01-01,11,6,844.890000,0.236700,33,0.195800,0.145200,12,0.023700,4.379000
SYN-CUST-00570,2026-01-01,155,7,1361.290000,0.218600,6,0.066900,0.174900,4,0.067700,3.730000
SYN-CUST-02221,2026-01-01,22,11,725.050000,-0.075200,32,0.119300,0.783900,3,0.149000,3.609000
SYN-CUST-02499,2026-01-01,271,0,0.000000,0.163600,4,0.016100,0.415600,1,0.093200,2.991000
SYN-CUST-00525,2026-01-01,174,9,1642.730000,0.250500,4,0.056400,0.126000,2,0.077400,3.771000
SYN-CUST-02855,2026-01-01,252,0,0.000000,0.161900,6,0.031500,0.397800,1,0.075000,3.253000
SYN-CUST-02813,2026-01-01,256,0,0.000000,0.135800,3,0.003500,0.395100,4,0.066200,3.330000
SYN-CUST-02375,2026-01-01,30,8,612.580000,-0.073100,24,0.152600,0.802900,4,0.136200,3.766000
SYN-CUST-01286,2026-01-01,43,7,553.660000,0.205000,24,0.100700,0.225900,10,0.056600,3.977000
SYN-CUST-01411,2026-01-01,26,4,352.710000,0.189400,18,0.104800,0.289000,5,0.064800,4.030000
SYN-CUST-01978,2026-01-01,96,0,0.000000,0.162200,41,0.019200,0.225200,7,0.034100,3.884000
SYN-CUST-01375,2026-01-01,41,1,83.210000,0.215600,20,0.121100,0.291000,4,0.075600,3.674000
SYN-CUST-02995,2026-01-01,365,0,0.000000,0.119400,1,0.001000,0.566500,1,0.079800,3.099000
SYN-CUST-02022,2026-01-01,24,8,486.210000,-0.062600,31,0.137700,0.796700,4,0.101200,3.537000
SYN-CUST-00379,2026-01-01,16,10,1378.870000,0.232900,29,0.177600,0.140000,9,0.031100,4.549000
SYN-CUST-01587,2026-01-01,81,0,0.000000,0.209900,45,0.036000,0.198500,4,0.038900,3.765000
SYN-CUST-01270,2026-01-01,39,6,722.940000,0.248300,20,0.076300,0.288400,7,0.063600,3.920000
SYN-CUST-01364,2026-01-01,43,2,244.110000,0.249900,30,0.075200,0.306400,10,0.077600,4.002000
SYN-CUST-02780,2026-01-01,186,0,0.000000,0.127000,1,0.011000,0.418500,3,0.073900,3.420000
SYN-CUST-01208,2026-01-01,37,11,1181.070000,0.255500,23,0.115900,0.339200,3,0.060100,3.855000
SYN-CUST-01907,2026-01-01,93,3,199.920000,0.187500,52,0.024500,0.167100,9,0.038100,3.905000
SYN-CUST-02192,2026-01-01,32,5,231.230000,-0.052200,40,0.136600,0.785300,8,0.146000,3.399000
SYN-CUST-00748,2026-01-01,130,9,1854.460000,0.255700,11,0.037300,0.177700,2,0.063700,3.597000
SYN-CUST-00040,2026-01-01,24,11,1492.510000,0.212500,37,0.190800,0.127000,5,0.036600,4.591000
SYN-CUST-01574,2026-01-01,104,2,122.870000,0.149500,44,0.027400,0.214000,3,0.044800,4.026000
SYN-CUST-01626,2026-01-01,72,0,0.000000,0.158400,59,0.040700,0.194800,8,0.035200,3.710000
SYN-CUST-01020,2026-01-01,38,4,332.360000,0.267600,14,0.093600,0.257700,3,0.061300,4.255000
SYN-CUST-00775,2026-01-01,208,1,174.330000,0.264500,7,0.067600,0.185500,6,0.062800,3.312000
SYN-CUST-00193,2026-01-01,18,13,1826.030000,0.194000,37,0.176400,0.125000,7,0.039000,4.488000
SYN-CUST-01408,2026-01-01,41,7,562.730000,0.279100,19,0.101900,0.260900,2,0.077200,4.281000
SYN-CUST-01457,2026-01-01,44,5,603.570000,0.170900,20,0.127400,0.317100,10,0.080000,4.236000
SYN-CUST-02765,2026-01-01,324,1,28.560000,0.131700,6,0.011900,0.402800,3,0.095400,3.435000
SYN-CUST-02000,2026-01-01,121,1,70.750000,0.170200,31,0.019100,0.191200,7,0.028900,3.608000
SYN-CUST-00684,2026-01-01,164,5,1044.990000,0.260400,10,0.050700,0.142100,8,0.055400,3.778000
SYN-CUST-00442,2026-01-01,17,17,3119.050000,0.230000,27,0.183000,0.169500,8,0.025700,4.132000
SYN-CUST-00773,2026-01-01,137,11,1800.070000,0.268500,13,0.071200,0.170700,5,0.050800,3.691000
SYN-CUST-01913,2026-01-01,94,1,53.840000,0.213700,42,0.026700,0.202900,8,0.048300,3.859000
SYN-CUST-01930,2026-01-01,105,1,67.170000,0.173200,53,0.012900,0.199400,9,0.062900,3.813000
SYN-CUST-02542,2026-01-01,247,0,0.000000,0.112100,2,0.011100,0.387600,1,0.086000,3.327000
SYN-CUST-01026,2026-01-01,36,8,766.880000,0.213500,27,0.096100,0.345500,3,0.060500,3.811000
SYN-CUST-02340,2026-01-01,33,10,670.930000,-0.062900,26,0.113800,0.807600,1,0.121800,3.791000
SYN-CUST-02772,2026-01-01,170,0,0.000000,0.125600,0,0.000000,0.382800,2,0.091000,3.152000
SYN-CUST-01682,2026-01-01,69,0,0.000000,0.197500,55,0.028200,0.209200,12,0.047800,3.903000
SYN-CUST-01896,2026-01-01,81,3,234.640000,0.214400,49,0.017000,0.177800,8,0.054500,3.956000
SYN-CUST-01431,2026-01-01,36,5,470.860000,0.214400,31,0.100000,0.232500,5,0.057200,4.078000
SYN-CUST-00832,2026-01-01,51,4,417.090000,0.237500,15,0.082600,0.212800,4,0.077800,3.980000
SYN-CUST-02034,2026-01-01,21,9,425.970000,-0.053300,26,0.101900,0.713700,7,0.132900,3.481000
SYN-CUST-02506,2026-01-01,227,0,0.000000,0.155400,0,0.000000,0.449800,1,0.085400,3.610000
SYN-CUST-02391,2026-01-01,30,11,689.400000,-0.064100,32,0.134800,0.738000,4,0.129400,3.386000
SYN-CUST-02216,2026-01-01,23,11,677.160000,-0.063700,36,0.130400,0.787500,4,0.109100,3.705000
SYN-CUST-00869,2026-01-01,38,5,330.950000,0.226700,32,0.128400,0.298400,3,0.076300,4.073000
SYN-CUST-00604,2026-01-01,106,3,596.100000,0.225000,10,0.066000,0.161900,5,0.056100,3.709000
SYN-CUST-00242,2026-01-01,17,17,2294.360000,0.218100,33,0.173600,0.141600,4,0.018400,4.676000
SYN-CUST-00876,2026-01-01,27,2,190.120000,0.192500,17,0.109800,0.247700,3,0.068600,3.782000
SYN-CUST-01566,2026-01-01,58,2,138.670000,0.203700,57,0.023300,0.172000,5,0.041500,3.906000
SYN-CUST-02448,2026-01-01,210,4,200.610000,0.125500,2,0.008600,0.460800,2,0.109600,3.209000
SYN-CUST-02660,2026-01-01,281,1,50.470000,0.119400,0,0.000000,0.344500,1,0.064400,3.469000
SYN-CUST-01285,2026-01-01,29,3,267.770000,0.216300,26,0.108200,0.260300,12,0.055900,3.734000
SYN-CUST-02642,2026-01-01,321,0,0.000000,0.134600,1,0.013100,0.348200,1,0.076600,3.538000
SYN-CUST-02131,2026-01-01,22,12,716.380000,-0.071300,31,0.161100,0.767300,3,0.134200,3.580000
SYN-CUST-02617,2026-01-01,271,0,0.000000,0.163500,0,0.000000,0.477300,1,0.091700,3.112000
SYN-CUST-02726,2026-01-01,237,1,31.260000,0.147400,0,0.000000,0.453300,1,0.058200,3.343000
SYN-CUST-01610,2026-01-01,88,0,0.000000,0.180000,46,0.032700,0.205700,8,0.048600,4.065000
SYN-CUST-01649,2026-01-01,82,0,0.000000,0.188000,44,0.025600,0.156600,8,0.051800,3.625000
SYN-CUST-00485,2026-01-01,153,7,1115.100000,0.214900,10,0.061400,0.164000,9,0.050600,4.000000
SYN-CUST-01381,2026-01-01,37,3,220.360000,0.220800,20,0.085800,0.206900,3,0.064400,3.927000
SYN-CUST-01173,2026-01-01,63,3,300.520000,0.235700,24,0.110700,0.265300,1,0.065700,4.092000
SYN-CUST-02730,2026-01-01,206,0,0.000000,0.167300,1,0.009400,0.407800,5,0.061700,3.303000
SYN-CUST-01721,2026-01-01,73,0,0.000000,0.192100,56,0.037700,0.169500,2,0.045400,3.767000
SYN-CUST-01095,2026-01-01,39,6,383.310000,0.246300,28,0.101600,0.335800,8,0.034100,4.325000
SYN-CUST-00693,2026-01-01,136,8,1654.770000,0.208400,8,0.056400,0.175900,3,0.050600,3.572000
SYN-CUST-00700,2026-01-01,206,7,1553.220000,0.262500,5,0.049900,0.181200,3,0.054600,3.830000
SYN-CUST-01905,2026-01-01,97,0,0.000000,0.179800,41,0.014700,0.220500,8,0.041800,3.605000
SYN-CUST-01133,2026-01-01,52,2,167.690000,0.182300,15,0.095500,0.330100,6,0.066300,4.081000
SYN-CUST-01759,2026-01-01,64,0,0.000000,0.194300,46,0.026600,0.211600,6,0.038400,4.076000
SYN-CUST-01597,2026-01-01,106,1,59.740000,0.175800,42,0.044100,0.212200,8,0.053500,4.010000
SYN-CUST-02346,2026-01-01,29,4,260.060000,-0.070400,32,0.126200,0.754200,4,0.138800,3.398000
SYN-CUST-02193,2026-01-01,25,10,760.180000,-0.086400,33,0.181400,0.927200,1,0.165200,3.904000
SYN-CUST-00798,2026-01-01,121,10,1915.050000,0.207600,10,0.066500,0.165100,2,0.063500,3.995000
SYN-CUST-01004,2026-01-01,30,6,490.980000,0.226700,27,0.110600,0.299600,3,0.090200,4.031000
SYN-CUST-02926,2026-01-01,184,1,51.800000,0.136100,2,0.004400,0.332600,1,0.096800,3.194000
SYN-CUST-00346,2026-01-01,21,12,2249.960000,0.225200,32,0.184200,0.163600,2,0.037100,4.485000
SYN-CUST-00690,2026-01-01,161,13,2435.060000,0.265700,6,0.052200,0.194600,3,0.065000,3.889000
SYN-CUST-02875,2026-01-01,249,2,95.660000,0.156300,1,0.001000,0.489500,1,0.088800,3.238000
SYN-CUST-00375,2026-01-01,15,13,1490.360000,0.256900,36,0.166500,0.146200,8,0.036300,4.561000
SYN-CUST-00470,2026-01-01,131,9,1680.610000,0.206900,10,0.054700,0.192200,4,0.072800,3.767000
SYN-CUST-02896,2026-01-01,283,0,0.000000,0.144400,4,0.013500,0.402700,2,0.041700,3.017000
SYN-CUST-00547,2026-01-01,198,6,1042.040000,0.220300,10,0.044700,0.187400,5,0.055300,3.693000
SYN-CUST-00438,2026-01-01,21,15,2345.520000,0.232200,29,0.102600,0.131200,5,0.031800,4.736000
SYN-CUST-02723,2026-01-01,235,0,0.000000,0.113900,2,0.023800,0.490800,1,0.118700,3.064000
SYN-CUST-02565,2026-01-01,259,0,0.000000,0.117300,1,0.007400,0.529400,2,0.073300,3.187000
SYN-CUST-02440,2026-01-01,23,7,429.190000,-0.061600,21,0.081500,0.718100,4,0.079600,3.721000
SYN-CUST-01337,2026-01-01,47,2,149.900000,0.204800,23,0.090700,0.306600,7,0.049800,3.956000
SYN-CUST-01011,2026-01-01,35,2,244.940000,0.184000,18,0.075500,0.270000,4,0.074000,3.987000
SYN-CUST-02159,2026-01-01,18,13,882.720000,-0.068900,39,0.111500,0.768100,1,0.076400,3.281000
SYN-CUST-00526,2026-01-01,129,10,1702.450000,0.220000,3,0.072700,0.172500,2,0.059100,3.683000
SYN-CUST-02573,2026-01-01,208,0,0.000000,0.134700,2,0.015900,0.402500,1,0.050400,3.639000
SYN-CUST-01969,2026-01-01,70,0,0.000000,0.197300,41,0.032100,0.208500,8,0.050500,3.854000
SYN-CUST-00285,2026-01-01,21,15,1999.810000,0.234700,27,0.196100,0.113800,5,0.027100,4.493000
SYN-CUST-01352,2026-01-01,44,6,464.260000,0.257500,27,0.050500,0.249900,9,0.056300,4.046000
SYN-CUST-00110,2026-01-01,21,12,1564.150000,0.322600,28,0.209700,0.143300,6,0.037600,4.416000
SYN-CUST-00260,2026-01-01,19,20,2723.390000,0.262400,40,0.174800,0.127400,6,0.022200,4.405000
SYN-CUST-02054,2026-01-01,29,16,698.060000,-0.067800,24,0.141600,0.576000,1,0.138200,3.677000
SYN-CUST-00524,2026-01-01,140,9,1857.500000,0.200300,13,0.056100,0.160100,8,0.053000,3.852000
SYN-CUST-01995,2026-01-01,64,1,62.750000,0.225600,48,0.032000,0.214600,6,0.052600,4.169000
SYN-CUST-02181,2026-01-01,25,15,1051.950000,-0.048600,32,0.161400,0.607500,3,0.127500,3.585000
SYN-CUST-02782,2026-01-01,274,0,0.000000,0.138800,2,0.012800,0.530400,2,0.078700,3.299000
SYN-CUST-02016,2026-01-01,82,2,129.050000,0.187700,57,0.021300,0.210500,5,0.045100,3.975000
SYN-CUST-01942,2026-01-01,82,0,0.000000,0.185600,42,0.025200,0.210100,10,0.044900,3.999000
SYN-CUST-02893,2026-01-01,197,0,0.000000,0.119500,1,0.014600,0.355900,1,0.116700,3.682000
SYN-CUST-01810,2026-01-01,116,1,68.790000,0.223000,44,0.029700,0.189700,8,0.044800,4.104000
SYN-CUST-02951,2026-01-01,295,0,0.000000,0.127100,1,0.008700,0.393300,1,0.052100,3.405000
SYN-CUST-02459,2026-01-01,240,1,52.170000,0.110000,2,0.016200,0.412900,2,0.072900,3.192000
SYN-CUST-00618,2026-01-01,154,9,1488.660000,0.192500,12,0.074600,0.182900,2,0.053700,3.631000
SYN-CUST-01050,2026-01-01,43,6,620.520000,0.178100,29,0.089500,0.258800,6,0.081600,4.019000
SYN-CUST-01678,2026-01-01,105,2,123.630000,0.207100,44,0.029400,0.218000,5,0.048500,4.184000
SYN-CUST-01479,2026-01-01,41,6,617.840000,0.172300,23,0.090100,0.251300,6,0.051400,4.375000
SYN-CUST-02457,2026-01-01,357,1,48.480000,0.157100,4,0.001000,0.439000,1,0.088500,3.297000
SYN-CUST-01302,2026-01-01,37,2,131.160000,0.245700,22,0.102300,0.267300,3,0.055900,3.970000
SYN-CUST-00059,2026-01-01,13,17,3340.510000,0.261800,36,0.236000,0.143600,4,0.023900,4.706000
SYN-CUST-01227,2026-01-01,34,5,543.510000,0.231700,18,0.105600,0.277600,7,0.051900,3.937000
SYN-CUST-02558,2026-01-01,216,0,0.000000,0.126400,6,0.017300,0.439200,2,0.046900,3.509000
SYN-CUST-01185,2026-01-01,52,3,291.580000,0.184800,17,0.079400,0.288200,6,0.081900,3.708000
SYN-CUST-02416,2026-01-01,26,11,944.610000,-0.076100,33,0.185800,0.589200,5,0.143300,3.454000
SYN-CUST-01444,2026-01-01,41,1,109.590000,0.247700,25,0.084400,0.309300,5,0.040200,4.282000
SYN-CUST-02619,2026-01-01,250,2,98.120000,0.146300,1,0.014900,0.355400,2,0.056900,3.228000
SYN-CUST-00121,2026-01-01,21,12,1637.410000,0.278600,36,0.189000,0.151500,6,0.022200,4.407000
SYN-CUST-00479,2026-01-01,149,12,2312.680000,0.221800,6,0.054000,0.200300,1,0.057200,3.583000
SYN-CUST-01589,2026-01-01,64,0,0.000000,0.204000,40,0.011800,0.197400,8,0.033200,3.697000
SYN-CUST-00204,2026-01-01,14,11,1430.990000,0.219500,32,0.209900,0.109700,5,0.029900,4.725000
SYN-CUST-01165,2026-01-01,46,1,74.990000,0.249000,25,0.102400,0.284300,5,0.053800,3.901000
SYN-CUST-02638,2026-01-01,200,1,45.090000,0.150400,3,0.016600,0.366000,1,0.088800,3.662000
SYN-CUST-01228,2026-01-01,41,3,322.880000,0.233700,24,0.116100,0.272300,3,0.064900,3.971000
SYN-CUST-00368,2026-01-01,19,13,2260.550000,0.237100,17,0.207200,0.147300,5,0.044100,4.502000
SYN-CUST-01529,2026-01-01,99,1,81.420000,0.157300,44,0.031700,0.184300,9,0.048900,3.799000
SYN-CUST-01146,2026-01-01,41,5,478.260000,0.236100,24,0.106300,0.257400,7,0.060500,3.499000
SYN-CUST-00083,2026-01-01,25,12,1918.870000,0.266900,31,0.190800,0.145500,5,0.032900,4.244000
SYN-CUST-01925,2026-01-01,76,0,0.000000,0.167500,66,0.017100,0.138000,5,0.051600,4.014000
SYN-CUST-02662,2026-01-01,282,0,0.000000,0.138100,6,0.005800,0.415400,2,0.082400,3.339000
SYN-CUST-01168,2026-01-01,33,5,437.940000,0.248900,30,0.108000,0.242600,4,0.060000,3.816000
SYN-CUST-01414,2026-01-01,51,4,376.030000,0.197900,16,0.166900,0.269800,4,0.070400,4.084000
SYN-CUST-00344,2026-01-01,16,21,4104.380000,0.288800,40,0.188200,0.130200,8,0.047700,4.546000
SYN-CUST-02943,2026-01-01,297,1,33.350000,0.146800,2,0.022500,0.346300,1,0.099900,3.208000
SYN-CUST-01432,2026-01-01,39,2,215.180000,0.172900,25,0.146200,0.299600,2,0.060300,4.270000
SYN-CUST-00764,2026-01-01,146,11,1838.830000,0.230200,3,0.068300,0.188200,3,0.036300,3.733000
SYN-CUST-01327,2026-01-01,41,6,441.730000,0.197100,18,0.085200,0.257800,4,0.059900,4.084000
SYN-CUST-02297,2026-01-01,22,6,448.180000,-0.062000,37,0.158400,0.653100,1,0.158000,3.273000
SYN-CUST-01817,2026-01-01,90,1,67.070000,0.215800,51,0.024600,0.179900,6,0.044300,3.863000
SYN-CUST-00118,2026-01-01,14,15,3101.400000,0.269300,30,0.127300,0.144600,3,0.040000,4.798000
SYN-CUST-02843,2026-01-01,254,0,0.000000,0.154700,4,0.019600,0.324500,2,0.091700,3.395000
SYN-CUST-00418,2026-01-01,16,4,671.670000,0.267900,32,0.177300,0.113700,5,0.039700,4.397000
SYN-CUST-01879,2026-01-01,104,3,225.510000,0.183500,51,0.032000,0.199700,7,0.029100,3.776000
SYN-CUST-02368,2026-01-01,20,10,528.480000,-0.057500,18,0.127900,0.847300,5,0.114500,3.577000
SYN-CUST-02202,2026-01-01,24,9,509.460000,-0.046900,40,0.105700,0.657700,5,0.159700,3.248000
SYN-CUST-02719,2026-01-01,256,1,52.550000,0.156600,4,0.004000,0.358500,1,0.068800,3.401000
SYN-CUST-01712,2026-01-01,83,1,74.180000,0.211800,60,0.033700,0.201800,8,0.045600,3.903000
SYN-CUST-00434,2026-01-01,26,10,2022.130000,0.286800,34,0.169200,0.127400,4,0.041500,4.425000
SYN-CUST-00781,2026-01-01,182,8,1609.160000,0.240300,4,0.083600,0.164400,1,0.048300,3.553000
SYN-CUST-01794,2026-01-01,86,1,80.750000,0.171400,44,0.032600,0.228200,5,0.045500,3.820000
SYN-CUST-01787,2026-01-01,89,1,62.890000,0.200200,43,0.037500,0.220000,5,0.034500,3.795000
SYN-CUST-01639,2026-01-01,78,2,96.190000,0.193500,51,0.016100,0.231400,11,0.042400,3.973000
SYN-CUST-02347,2026-01-01,20,13,668.910000,-0.059000,21,0.141500,0.710800,2,0.060500,3.553000
SYN-CUST-01513,2026-01-01,74,2,124.760000,0.189200,49,0.030900,0.196700,10,0.015500,3.702000
SYN-CUST-00551,2026-01-01,123,5,892.270000,0.209800,13,0.069600,0.191200,4,0.053200,3.757000
SYN-CUST-00123,2026-01-01,11,13,1996.300000,0.299300,15,0.164600,0.135900,3,0.061100,4.215000
SYN-CUST-02048,2026-01-01,26,11,652.920000,-0.067200,26,0.069800,0.618700,1,0.103600,3.653000
SYN-CUST-01539,2026-01-01,111,2,130.950000,0.168600,51,0.028200,0.210700,11,0.047000,3.765000
SYN-CUST-00112,2026-01-01,17,15,2342.680000,0.255300,32,0.184300,0.141400,7,0.040700,4.448000
SYN-CUST-01792,2026-01-01,75,1,74.870000,0.173000,41,0.022000,0.257500,10,0.024700,3.892000
SYN-CUST-00435,2026-01-01,18,9,1215.540000,0.337100,32,0.207200,0.135600,9,0.036500,4.292000
SYN-CUST-00728,2026-01-01,129,2,312.380000,0.203200,7,0.056600,0.199500,2,0.053200,3.519000
SYN-CUST-00591,2026-01-01,192,6,996.780000,0.199500,5,0.056700,0.184500,4,0.053000,3.586000
SYN-CUST-02748,2026-01-01,295,0,0.000000,0.141900,2,0.008700,0.406000,4,0.090000,3.465000
SYN-CUST-01523,2026-01-01,131,1,53.480000,0.134900,44,0.025600,0.218100,6,0.032500,3.873000
SYN-CUST-00406,2026-01-01,15,8,1178.530000,0.244800,32,0.201900,0.145000,4,0.021500,4.447000
SYN-CUST-00853,2026-01-01,56,6,570.590000,0.225400,27,0.081600,0.289300,5,0.050700,3.756000
SYN-CUST-00793,2026-01-01,206,8,1335.950000,0.240900,8,0.065300,0.164200,2,0.082300,3.826000
SYN-CUST-01560,2026-01-01,76,3,199.140000,0.178600,53,0.043300,0.210600,6,0.055900,3.851000
SYN-CUST-01158,2026-01-01,38,4,336.230000,0.223300,16,0.065400,0.252700,6,0.070100,4.066000
SYN-CUST-02010,2026-01-01,87,4,394.340000,0.168400,46,0.029500,0.185000,10,0.041200,3.912000
SYN-CUST-02352,2026-01-01,26,3,181.460000,-0.060300,24,0.121800,0.735900,7,0.103500,3.633000
SYN-CUST-00780,2026-01-01,195,6,906.680000,0.243300,6,0.067700,0.162600,5,0.054500,3.796000
SYN-CUST-02645,2026-01-01,252,1,47.660000,0.137200,3,0.017600,0.381400,1,0.074300,3.518000
SYN-CUST-02811,2026-01-01,189,0,0.000000,0.128900,3,0.018400,0.451400,3,0.095300,3.440000
SYN-CUST-02335,2026-01-01,27,6,454.890000,-0.077900,31,0.135600,0.905200,2,0.092600,3.529000
SYN-CUST-01351,2026-01-01,39,4,388.610000,0.210300,24,0.090800,0.290200,9,0.070200,3.833000
SYN-CUST-02903,2026-01-01,208,0,0.000000,0.135500,3,0.009100,0.449400,1,0.059700,3.208000
SYN-CUST-00476,2026-01-01,177,11,2454.690000,0.256800,4,0.058500,0.152100,5,0.065300,3.744000
SYN-CUST-00632,2026-01-01,124,10,2235.190000,0.262900,2,0.064300,0.161400,4,0.048900,3.990000
SYN-CUST-01811,2026-01-01,86,2,167.530000,0.194200,60,0.002400,0.178300,5,0.060200,4.074000
SYN-CUST-01336,2026-01-01,46,4,348.480000,0.215200,11,0.118600,0.229500,3,0.079800,3.977000
SYN-CUST-00967,2026-01-01,32,8,644.700000,0.244100,27,0.080700,0.247000,10,0.064500,4.488000
SYN-CUST-00245,2026-01-01,21,16,2291.640000,0.255500,28,0.142500,0.080700,9,0.024500,4.384000
SYN-CUST-02512,2026-01-01,198,2,109.690000,0.172800,1,0.020200,0.521400,1,0.079400,2.874000
SYN-CUST-00321,2026-01-01,19,13,1871.860000,0.263000,41,0.193300,0.132500,8,0.041600,4.920000
SYN-CUST-02598,2026-01-01,292,0,0.000000,0.128500,1,0.005700,0.411900,1,0.074300,3.249000
SYN-CUST-01911,2026-01-01,96,1,59.900000,0.187500,53,0.031500,0.177500,5,0.078200,3.755000
SYN-CUST-02063,2026-01-01,25,12,516.770000,-0.058300,30,0.141700,0.683700,2,0.103900,3.477000
SYN-CUST-01126,2026-01-01,51,0,0.000000,0.177000,28,0.128600,0.283400,5,0.066500,4.098000
SYN-CUST-02268,2026-01-01,24,15,1306.310000,-0.050900,26,0.149300,0.877700,4,0.089000,3.480000
SYN-CUST-00295,2026-01-01,16,11,1460.340000,0.258400,30,0.199200,0.148700,8,0.033800,4.494000
SYN-CUST-00009,2026-01-01,21,10,1604.100000,0.308500,32,0.180500,0.138400,7,0.037000,4.488000
SYN-CUST-01345,2026-01-01,36,4,399.550000,0.245900,19,0.094300,0.315300,5,0.037100,3.928000
SYN-CUST-00947,2026-01-01,35,5,451.640000,0.238500,19,0.092300,0.265700,5,0.077800,4.000000
SYN-CUST-00923,2026-01-01,41,6,573.570000,0.188000,11,0.097100,0.312700,4,0.067700,3.980000
SYN-CUST-00838,2026-01-01,43,5,578.340000,0.241100,25,0.098200,0.248600,5,0.048900,4.371000
SYN-CUST-00467,2026-01-01,137,14,2768.470000,0.175200,4,0.050000,0.164600,1,0.044000,3.595000
SYN-CUST-01586,2026-01-01,96,1,64.140000,0.178000,41,0.035900,0.163100,8,0.042200,4.012000
SYN-CUST-02043,2026-01-01,27,17,1487.860000,-0.063200,33,0.116700,0.721900,3,0.101500,3.510000
SYN-CUST-00759,2026-01-01,175,3,515.500000,0.239000,5,0.041100,0.162400,3,0.063500,3.857000
SYN-CUST-01565,2026-01-01,85,3,239.650000,0.186200,31,0.022300,0.182200,7,0.045900,3.872000
SYN-CUST-00511,2026-01-01,187,10,2010.560000,0.235000,2,0.071500,0.197600,4,0.056700,3.801000
SYN-CUST-01005,2026-01-01,36,6,532.490000,0.256400,28,0.099200,0.269600,6,0.065100,4.221000
SYN-CUST-01858,2026-01-01,91,1,85.680000,0.204600,45,0.021500,0.204700,7,0.031200,3.983000
SYN-CUST-01207,2026-01-01,32,6,597.300000,0.263900,30,0.102100,0.283200,4,0.076600,4.081000
SYN-CUST-01089,2026-01-01,46,5,352.070000,0.260500,18,0.120800,0.260600,5,0.064200,4.309000
SYN-CUST-01324,2026-01-01,40,2,176.300000,0.235500,16,0.108300,0.292100,1,0.090000,3.991000
SYN-CUST-00171,2026-01-01,15,13,1767.860000,0.273500,26,0.194800,0.155900,9,0.034800,4.805000
SYN-CUST-00289,2026-01-01,23,22,3546.440000,0.266300,31,0.143600,0.144900,4,0.029700,4.656000
SYN-CUST-01681,2026-01-01,81,0,0.000000,0.177600,34,0.026400,0.202100,3,0.052900,4.084000
SYN-CUST-02649,2026-01-01,174,0,0.000000,0.134900,2,0.021000,0.367800,2,0.050500,3.351000
SYN-CUST-01177,2026-01-01,37,9,933.190000,0.236400,22,0.073000,0.312800,7,0.036800,3.784000
SYN-CUST-00855,2026-01-01,39,0,0.000000,0.250800,21,0.090700,0.309900,6,0.054200,4.256000
SYN-CUST-01644,2026-01-01,87,0,0.000000,0.194900,59,0.016600,0.214900,8,0.035600,4.046000
SYN-CUST-00636,2026-01-01,166,10,2052.690000,0.260500,8,0.063700,0.174900,6,0.087400,4.054000
SYN-CUST-02864,2026-01-01,226,0,0.000000,0.147100,7,0.020000,0.439200,2,0.125600,3.404000
SYN-CUST-02583,2026-01-01,283,1,47.250000,0.134600,2,0.027100,0.365000,1,0.102900,3.082000
SYN-CUST-01822,2026-01-01,75,2,112.030000,0.211900,57,0.015400,0.174200,9,0.034100,3.864000
SYN-CUST-02166,2026-01-01,29,14,974.440000,-0.066300,32,0.123200,0.771300,5,0.121600,3.482000
SYN-CUST-01583,2026-01-01,105,1,60.060000,0.184800,43,0.021100,0.211600,5,0.044300,3.942000
SYN-CUST-02600,2026-01-01,249,0,0.000000,0.142900,2,0.001000,0.400200,1,0.115900,3.454000
SYN-CUST-01372,2026-01-01,33,2,179.140000,0.160100,30,0.099700,0.267600,10,0.064400,4.306000
SYN-CUST-02559,2026-01-01,316,1,37.610000,0.086300,4,0.001000,0.489700,1,0.083500,3.234000
SYN-CUST-02870,2026-01-01,208,0,0.000000,0.163400,1,0.013400,0.417200,2,0.071400,3.334000
SYN-CUST-00753,2026-01-01,156,4,634.510000,0.236900,2,0.071500,0.121700,3,0.075600,3.844000
SYN-CUST-01966,2026-01-01,105,1,63.680000,0.222200,40,0.027900,0.233500,12,0.045800,3.506000
SYN-CUST-02291,2026-01-01,26,12,666.180000,-0.060800,18,0.131800,0.637900,3,0.101000,3.561000
SYN-CUST-02614,2026-01-01,224,0,0.000000,0.129800,0,0.000000,0.453200,2,0.071200,3.360000
SYN-CUST-01797,2026-01-01,80,0,0.000000,0.198800,37,0.026400,0.196800,6,0.054500,3.916000
SYN-CUST-02336,2026-01-01,27,12,964.160000,-0.058100,33,0.183200,0.664500,4,0.132200,3.817000
SYN-CUST-00968,2026-01-01,35,4,317.310000,0.266700,20,0.115600,0.285500,5,0.074300,4.202000
SYN-CUST-02520,2026-01-01,215,0,0.000000,0.136500,2,0.012800,0.414200,2,0.094600,3.493000
SYN-CUST-01874,2026-01-01,74,0,0.000000,0.164400,45,0.022800,0.170300,7,0.025200,3.628000
SYN-CUST-00897,2026-01-01,30,6,496.860000,0.263100,22,0.098500,0.242500,7,0.039600,3.605000
SYN-CUST-01353,2026-01-01,45,4,253.930000,0.229100,22,0.111700,0.293500,3,0.032400,3.909000
SYN-CUST-02141,2026-01-01,26,9,689.860000,-0.060500,26,0.196300,0.746800,4,0.116600,3.356000
SYN-CUST-02673,2026-01-01,214,0,0.000000,0.130700,4,0.007100,0.412200,1,0.079100,3.057000
SYN-CUST-02891,2026-01-01,246,1,47.460000,0.111700,2,0.024000,0.476000,2,0.127000,3.249000
SYN-CUST-00737,2026-01-01,102,6,1016.250000,0.198300,9,0.073800,0.199200,1,0.047400,3.563000
SYN-CUST-02567,2026-01-01,268,3,161.410000,0.140000,8,0.006600,0.441000,1,0.085200,3.294000
SYN-CUST-01019,2026-01-01,33,10,970.770000,0.246800,39,0.098700,0.244000,7,0.064700,4.076000
SYN-CUST-00086,2026-01-01,18,10,1261.070000,0.183400,25,0.165400,0.121200,5,0.033700,4.444000
SYN-CUST-00806,2026-01-01,142,9,1107.430000,0.247100,4,0.052100,0.164600,2,0.028600,3.609000
SYN-CUST-00302,2026-01-01,17,12,2242.210000,0.294200,40,0.197000,0.138000,9,0.044900,4.717000
SYN-CUST-01332,2026-01-01,40,5,455.260000,0.206400,36,0.139400,0.318200,2,0.070400,4.236000
SYN-CUST-00483,2026-01-01,114,5,938.790000,0.235500,7,0.073200,0.204000,3,0.057900,3.802000
SYN-CUST-01927,2026-01-01,102,2,139.600000,0.210200,41,0.032300,0.222900,5,0.067800,3.999000
SYN-CUST-00717,2026-01-01,156,6,1178.700000,0.230200,3,0.062700,0.176900,4,0.045300,3.443000
SYN-CUST-02515,2026-01-01,248,0,0.000000,0.125200,5,0.018700,0.419500,1,0.111500,3.393000
SYN-CUST-01282,2026-01-01,34,6,538.870000,0.249800,28,0.110900,0.309200,2,0.057700,4.064000
SYN-CUST-01914,2026-01-01,70,2,123.880000,0.180500,48,0.013700,0.208500,9,0.037400,3.803000
SYN-CUST-02397,2026-01-01,25,5,337.930000,-0.068100,24,0.124900,0.713800,6,0.102200,3.398000
SYN-CUST-01795,2026-01-01,79,0,0.000000,0.156600,56,0.034900,0.221700,13,0.050100,3.651000
SYN-CUST-00840,2026-01-01,33,6,503.990000,0.219300,22,0.087600,0.252300,7,0.025600,3.924000
SYN-CUST-01303,2026-01-01,45,4,425.890000,0.203100,17,0.090700,0.270500,11,0.066300,3.832000
SYN-CUST-01283,2026-01-01,32,0,0.000000,0.238300,17,0.102300,0.272600,5,0.070100,3.930000
SYN-CUST-01397,2026-01-01,45,3,260.320000,0.188600,23,0.104600,0.303600,4,0.054500,4.175000
SYN-CUST-02898,2026-01-01,245,0,0.000000,0.166600,4,0.008300,0.319100,3,0.086400,3.491000
SYN-CUST-01991,2026-01-01,49,0,0.000000,0.195200,49,0.045700,0.201900,7,0.046800,3.790000
SYN-CUST-02008,2026-01-01,57,2,187.790000,0.151200,38,0.026400,0.188200,4,0.037000,4.183000
SYN-CUST-02358,2026-01-01,27,12,767.270000,-0.053000,27,0.146400,0.855500,4,0.119000,3.808000
SYN-CUST-02060,2026-01-01,29,6,514.990000,-0.072700,26,0.120300,0.754300,3,0.151800,3.352000
SYN-CUST-01693,2026-01-01,99,0,0.000000,0.142100,58,0.029800,0.221800,5,0.054200,3.862000
SYN-CUST-02187,2026-01-01,20,11,584.350000,-0.055000,33,0.125800,0.715300,2,0.131500,3.568000
SYN-CUST-00595,2026-01-01,169,5,1074.940000,0.248900,4,0.065200,0.178000,1,0.069100,3.801000
SYN-CUST-02184,2026-01-01,26,5,350.160000,-0.066200,24,0.139100,0.808900,5,0.126900,3.664000
SYN-CUST-02369,2026-01-01,35,6,451.620000,-0.056000,31,0.094700,0.912300,3,0.100300,3.379000
SYN-CUST-01954,2026-01-01,71,0,0.000000,0.172500,46,0.037300,0.210400,10,0.054900,3.843000
SYN-CUST-00992,2026-01-01,46,1,82.760000,0.245000,33,0.079400,0.265200,6,0.064500,3.896000
SYN-CUST-01853,2026-01-01,85,1,87.730000,0.181000,49,0.025100,0.174700,7,0.035500,4.191000
SYN-CUST-02293,2026-01-01,29,6,345.960000,-0.053500,22,0.123200,0.788200,7,0.158500,3.731000
SYN-CUST-00334,2026-01-01,17,10,2462.750000,0.264400,33,0.174600,0.136400,5,0.033300,4.777000
SYN-CUST-01084,2026-01-01,47,4,374.710000,0.217900,22,0.090500,0.278500,4,0.053900,4.029000
SYN-CUST-00030,2026-01-01,19,10,1266.190000,0.325500,24,0.181400,0.133400,7,0.036600,4.293000
SYN-CUST-02201,2026-01-01,26,10,574.640000,-0.059700,32,0.097900,0.813700,2,0.110500,3.319000
SYN-CUST-02556,2026-01-01,254,1,44.760000,0.152300,2,0.005900,0.299400,4,0.087200,3.145000
SYN-CUST-02977,2026-01-01,206,0,0.000000,0.147800,2,0.001000,0.333600,1,0.081900,3.351000
SYN-CUST-01159,2026-01-01,35,5,494.760000,0.217200,23,0.098800,0.296800,7,0.071500,4.003000
SYN-CUST-02249,2026-01-01,24,9,504.390000,-0.057900,30,0.128400,0.633800,4,0.108400,3.620000
SYN-CUST-00446,2026-01-01,16,15,2713.830000,0.232600,28,0.163300,0.137100,4,0.044100,4.124000
SYN-CUST-02595,2026-01-01,260,0,0.000000,0.111000,1,0.009900,0.393600,1,0.060400,3.309000
SYN-CUST-01640,2026-01-01,76,0,0.000000,0.168900,49,0.021800,0.213700,8,0.050000,3.865000
SYN-CUST-00255,2026-01-01,15,9,1628.360000,0.325700,30,0.169400,0.120100,7,0.050000,4.456000
SYN-CUST-02519,2026-01-01,230,0,0.000000,0.149100,3,0.002700,0.482200,1,0.084800,3.319000
SYN-CUST-01111,2026-01-01,36,4,266.130000,0.229800,32,0.114900,0.296200,9,0.082100,4.057000
SYN-CUST-00167,2026-01-01,21,12,1737.830000,0.294600,36,0.173600,0.145100,6,0.027200,4.395000
SYN-CUST-00322,2026-01-01,17,20,4223.850000,0.304700,29,0.186400,0.153600,15,0.026300,5.000000
SYN-CUST-02082,2026-01-01,39,9,530.200000,-0.073200,22,0.117400,0.649400,7,0.096500,3.802000
SYN-CUST-02936,2026-01-01,234,1,44.950000,0.137000,3,0.033300,0.478900,4,0.101900,3.415000
SYN-CUST-01380,2026-01-01,44,3,328.470000,0.253900,25,0.102900,0.274900,5,0.057800,3.893000
SYN-CUST-00127,2026-01-01,17,9,1166.900000,0.294500,34,0.163100,0.153500,4,0.044300,4.670000
SYN-CUST-02389,2026-01-01,30,9,690.770000,-0.055200,28,0.209200,0.869700,3,0.147400,3.775000
SYN-CUST-02066,2026-01-01,34,15,1141.060000,-0.050400,32,0.157100,0.688500,2,0.092800,3.359000
SYN-CUST-01928,2026-01-01,106,0,0.000000,0.187400,64,0.036600,0.200400,3,0.041800,4.057000
SYN-CUST-00945,2026-01-01,43,6,472.440000,0.262200,13,0.101400,0.247500,8,0.016500,3.949000
SYN-CUST-02076,2026-01-01,26,9,794.600000,-0.064300,32,0.105900,0.762700,5,0.137800,3.532000
SYN-CUST-00445,2026-01-01,18,10,2042.860000,0.269000,22,0.208300,0.118900,6,0.025700,4.676000
SYN-CUST-00480,2026-01-01,170,10,1615.640000,0.270800,10,0.060000,0.167600,3,0.070100,3.677000
SYN-CUST-02442,2026-01-01,27,11,743.420000,-0.069200,24,0.140700,0.795400,1,0.104700,3.313000
SYN-CUST-02258,2026-01-01,25,15,957.690000,-0.079300,37,0.131000,0.911700,1,0.111200,3.291000
SYN-CUST-00854,2026-01-01,47,4,387.690000,0.227800,15,0.097500,0.202300,4,0.067400,4.113000
SYN-CUST-01370,2026-01-01,50,6,414.040000,0.209200,24,0.080500,0.262500,4,0.049800,3.814000
SYN-CUST-02552,2026-01-01,156,0,0.000000,0.133000,3,0.014600,0.358300,1,0.113600,3.249000
SYN-CUST-02343,2026-01-01,27,11,787.820000,-0.038700,33,0.109000,0.811100,2,0.119600,3.412000
SYN-CUST-02606,2026-01-01,192,1,48.740000,0.140100,1,0.007000,0.466000,1,0.087600,3.405000
SYN-CUST-00842,2026-01-01,31,2,197.790000,0.226500,33,0.090000,0.278000,2,0.045600,4.181000
SYN-CUST-00136,2026-01-01,14,9,1351.960000,0.275300,19,0.198000,0.139400,5,0.046200,4.187000
SYN-CUST-00026,2026-01-01,16,15,3079.770000,0.261600,27,0.186500,0.120800,5,0.020100,4.819000
SYN-CUST-00812,2026-01-01,136,10,1363.890000,0.269900,7,0.062500,0.174600,3,0.065600,3.864000
SYN-CUST-02597,2026-01-01,257,1,53.500000,0.143200,3,0.015900,0.413200,1,0.072200,3.248000
SYN-CUST-00716,2026-01-01,100,7,1234.350000,0.261900,4,0.061500,0.157400,1,0.052000,3.565000
SYN-CUST-00254,2026-01-01,18,14,2184.980000,0.282400,34,0.156700,0.130400,5,0.032200,4.105000
SYN-CUST-00181,2026-01-01,18,10,1579.030000,0.241400,29,0.179500,0.155800,7,0.047800,4.483000
SYN-CUST-00584,2026-01-01,135,7,1254.820000,0.157200,10,0.044100,0.201400,1,0.069000,3.855000
SYN-CUST-01143,2026-01-01,48,5,497.060000,0.166800,23,0.075000,0.289400,2,0.080900,3.887000
SYN-CUST-00269,2026-01-01,16,13,2719.270000,0.226400,49,0.237000,0.169100,11,0.035900,4.682000
SYN-CUST-00540,2026-01-01,170,12,1803.200000,0.201100,8,0.066800,0.155800,2,0.041600,4.032000
SYN-CUST-00797,2026-01-01,157,11,2085.840000,0.228400,4,0.065300,0.190900,4,0.039500,3.985000
SYN-CUST-00662,2026-01-01,128,6,1212.000000,0.283200,9,0.074500,0.136500,7,0.046200,3.679000
SYN-CUST-02492,2026-01-01,252,1,31.660000,0.144200,3,0.001000,0.525200,2,0.094100,3.342000
SYN-CUST-01434,2026-01-01,49,5,562.290000,0.219300,27,0.054600,0.274000,4,0.080000,4.070000
SYN-CUST-01784,2026-01-01,122,1,59.460000,0.200500,41,0.024400,0.203400,10,0.047400,3.879000
SYN-CUST-01385,2026-01-01,34,9,588.910000,0.189600,30,0.100400,0.340300,10,0.080700,4.056000
SYN-CUST-02635,2026-01-01,216,1,39.800000,0.119100,1,0.016000,0.443700,1,0.079700,3.313000
SYN-CUST-02042,2026-01-01,20,9,606.960000,-0.050500,23,0.123100,0.684500,3,0.137600,3.627000
SYN-CUST-01415,2026-01-01,36,5,420.450000,0.207200,18,0.071400,0.266100,4,0.048700,3.895000
SYN-CUST-00878,2026-01-01,49,5,586.990000,0.221500,12,0.098500,0.244900,4,0.073900,4.036000
SYN-CUST-02944,2026-01-01,160,1,48.280000,0.153900,4,0.009500,0.472800,3,0.084300,3.451000
SYN-CUST-01865,2026-01-01,76,0,0.000000,0.213100,61,0.016200,0.154500,10,0.046000,3.313000
SYN-CUST-00271,2026-01-01,15,15,2548.220000,0.268100,27,0.201400,0.109200,7,0.035000,4.498000
SYN-CUST-02266,2026-01-01,24,15,1117.480000,-0.041300,38,0.161700,0.779300,6,0.091800,3.474000
SYN-CUST-01891,2026-01-01,55,2,138.890000,0.184200,35,0.038900,0.210900,4,0.038900,4.060000
SYN-CUST-01676,2026-01-01,138,0,0.000000,0.191300,44,0.011300,0.203900,9,0.060200,3.804000
SYN-CUST-02009,2026-01-01,104,1,76.430000,0.179800,37,0.025500,0.187100,5,0.051900,4.121000
SYN-CUST-00356,2026-01-01,14,13,1602.280000,0.230100,39,0.199900,0.145400,6,0.038800,4.194000
SYN-CUST-01552,2026-01-01,79,3,216.890000,0.181400,51,0.017800,0.235700,3,0.040300,3.700000
SYN-CUST-00352,2026-01-01,25,6,921.550000,0.318400,29,0.201600,0.156100,3,0.038400,4.994000
SYN-CUST-00399,2026-01-01,20,15,2649.140000,0.291900,33,0.195500,0.156100,2,0.037500,4.467000
SYN-CUST-02474,2026-01-01,331,0,0.000000,0.142600,1,0.022300,0.440700,1,0.064600,3.386000
SYN-CUST-02749,2026-01-01,246,0,0.000000,0.139100,1,0.037800,0.383400,2,0.087300,3.686000
SYN-CUST-01145,2026-01-01,50,7,926.930000,0.244800,22,0.123900,0.273500,2,0.093700,4.141000
SYN-CUST-01049,2026-01-01,40,2,202.100000,0.206500,22,0.118300,0.256800,6,0.071600,4.373000
SYN-CUST-02050,2026-01-01,29,11,699.070000,-0.069800,31,0.185100,0.737200,3,0.088700,3.564000
SYN-CUST-01248,2026-01-01,31,4,371.940000,0.222500,24,0.112200,0.259400,4,0.038100,4.193000
SYN-CUST-02753,2026-01-01,239,0,0.000000,0.124000,3,0.011300,0.453300,3,0.086500,3.477000
SYN-CUST-01142,2026-01-01,41,8,661.110000,0.242000,24,0.109300,0.224100,5,0.049900,4.026000
SYN-CUST-01786,2026-01-01,58,2,83.200000,0.207700,42,0.015200,0.196800,7,0.036100,3.975000
SYN-CUST-02507,2026-01-01,214,1,48.900000,0.135300,1,0.005300,0.500100,3,0.092700,3.308000
SYN-CUST-01233,2026-01-01,48,3,281.040000,0.246500,23,0.102600,0.263200,6,0.064300,4.350000
SYN-CUST-02816,2026-01-01,190,0,0.000000,0.128100,3,0.001000,0.349300,3,0.094600,3.591000
SYN-CUST-02671,2026-01-01,169,1,46.780000,0.153600,3,0.014400,0.451100,1,0.097800,3.377000
SYN-CUST-00652,2026-01-01,132,6,1102.880000,0.260100,4,0.061100,0.164900,5,0.052700,3.501000
SYN-CUST-01826,2026-01-01,85,1,74.820000,0.204400,50,0.029000,0.205100,7,0.046700,4.132000
SYN-CUST-01117,2026-01-01,58,5,403.160000,0.189600,29,0.086100,0.265000,8,0.070100,3.920000
SYN-CUST-00505,2026-01-01,141,11,2428.060000,0.208800,10,0.063200,0.149600,2,0.038600,3.922000
SYN-CUST-02456,2026-01-01,254,0,0.000000,0.109000,2,0.009200,0.418900,1,0.070600,3.274000
SYN-CUST-00964,2026-01-01,31,5,442.900000,0.254900,16,0.111700,0.256900,3,0.072700,4.121000
SYN-CUST-00157,2026-01-01,16,7,1052.920000,0.268600,28,0.249300,0.149300,2,0.042300,4.747000
SYN-CUST-01507,2026-01-01,96,0,0.000000,0.141100,30,0.037200,0.172200,7,0.051800,3.946000
SYN-CUST-02362,2026-01-01,23,12,702.090000,-0.075400,39,0.118400,0.815400,3,0.110500,3.416000
SYN-CUST-02814,2026-01-01,267,0,0.000000,0.119600,1,0.010100,0.442700,1,0.091100,3.291000
SYN-CUST-01845,2026-01-01,114,0,0.000000,0.203200,58,0.024900,0.171100,4,0.041500,3.635000
SYN-CUST-01054,2026-01-01,57,2,233.840000,0.218300,24,0.092100,0.287800,4,0.047200,4.234000
SYN-CUST-00768,2026-01-01,119,8,1822.260000,0.226200,6,0.067600,0.207300,7,0.060300,4.065000
SYN-CUST-01191,2026-01-01,35,4,295.980000,0.214800,21,0.115300,0.295100,3,0.059200,3.971000
SYN-CUST-01042,2026-01-01,45,6,421.160000,0.213800,22,0.083900,0.232100,2,0.060600,3.936000
SYN-CUST-00082,2026-01-01,18,10,1398.690000,0.331300,21,0.188000,0.135300,8,0.037900,4.399000
SYN-CUST-02288,2026-01-01,24,4,339.820000,-0.060600,24,0.122000,0.717000,4,0.079900,3.530000
SYN-CUST-00421,2026-01-01,17,10,1359.300000,0.230800,36,0.129700,0.145900,4,0.023100,4.252000
SYN-CUST-02407,2026-01-01,23,13,608.800000,-0.077200,28,0.112300,0.694700,4,0.114900,3.683000
SYN-CUST-02783,2026-01-01,235,0,0.000000,0.149600,1,0.008000,0.408600,1,0.070900,3.460000
SYN-CUST-00904,2026-01-01,43,7,509.620000,0.188900,17,0.082900,0.279600,5,0.049000,4.067000
SYN-CUST-00625,2026-01-01,153,9,1425.160000,0.253700,5,0.052000,0.179000,1,0.057700,3.797000
SYN-CUST-01599,2026-01-01,85,1,63.900000,0.168100,36,0.008800,0.132900,10,0.044600,4.238000
SYN-CUST-02953,2026-01-01,242,0,0.000000,0.144700,1,0.022000,0.353700,2,0.049200,3.317000
SYN-CUST-02801,2026-01-01,254,1,63.190000,0.168100,2,0.018400,0.471200,2,0.080300,3.456000
SYN-CUST-02991,2026-01-01,276,0,0.000000,0.121100,4,0.021600,0.469900,1,0.088800,3.469000
SYN-CUST-02473,2026-01-01,233,2,109.940000,0.156900,2,0.026800,0.474900,1,0.084800,3.504000
SYN-CUST-02702,2026-01-01,142,0,0.000000,0.150100,0,0.000000,0.407700,1,0.089300,3.195000
SYN-CUST-01624,2026-01-01,75,1,76.930000,0.171200,54,0.017500,0.162400,4,0.051200,3.826000
SYN-CUST-02481,2026-01-01,223,0,0.000000,0.128300,2,0.005700,0.414700,3,0.073900,3.221000
SYN-CUST-02284,2026-01-01,27,12,903.750000,-0.067600,31,0.174800,0.707100,4,0.147700,3.459000
SYN-CUST-00916,2026-01-01,41,7,689.060000,0.198900,27,0.089600,0.235400,3,0.059500,3.774000
SYN-CUST-00981,2026-01-01,48,2,210.120000,0.210500,15,0.137900,0.236300,2,0.052200,4.441000
SYN-CUST-02046,2026-01-01,30,9,469.380000,-0.057100,23,0.118900,0.713200,3,0.142700,3.673000
SYN-CUST-00594,2026-01-01,121,5,847.870000,0.230200,1,0.051900,0.179000,6,0.040300,3.615000
SYN-CUST-01889,2026-01-01,62,1,82.580000,0.214500,45,0.043300,0.180400,6,0.035000,3.823000
SYN-CUST-02226,2026-01-01,23,16,945.600000,-0.058900,33,0.126100,0.790900,4,0.103600,3.527000
SYN-CUST-00943,2026-01-01,46,3,303.200000,0.189500,15,0.111100,0.304000,11,0.045800,3.807000
SYN-CUST-00393,2026-01-01,18,12,2011.120000,0.214000,27,0.138100,0.144600,3,0.035100,4.551000
SYN-CUST-02802,2026-01-01,305,0,0.000000,0.168600,3,0.013400,0.469900,1,0.072900,3.463000
SYN-CUST-01809,2026-01-01,90,0,0.000000,0.210400,56,0.017400,0.233800,8,0.043400,3.956000
SYN-CUST-02269,2026-01-01,26,11,698.050000,-0.066000,30,0.183100,0.825500,5,0.087800,3.220000
SYN-CUST-01990,2026-01-01,89,0,0.000000,0.164800,45,0.027500,0.214000,9,0.048200,3.921000
SYN-CUST-00946,2026-01-01,32,6,533.850000,0.215300,21,0.075600,0.299000,3,0.080200,3.985000
SYN-CUST-02610,2026-01-01,326,0,0.000000,0.131800,2,0.029700,0.434000,2,0.089600,3.223000
SYN-CUST-02549,2026-01-01,263,0,0.000000,0.130700,4,0.001000,0.443300,1,0.054400,3.333000
SYN-CUST-02564,2026-01-01,261,0,0.000000,0.115800,3,0.001000,0.386400,2,0.076700,3.197000
SYN-CUST-02399,2026-01-01,20,15,922.750000,-0.052400,31,0.143500,0.739500,8,0.134900,3.570000
SYN-CUST-01695,2026-01-01,102,2,141.950000,0.187400,56,0.020600,0.189000,8,0.044100,3.881000
SYN-CUST-00927,2026-01-01,35,5,418.070000,0.263600,33,0.106800,0.261900,7,0.065000,4.015000
SYN-CUST-00599,2026-01-01,169,6,931.510000,0.245200,3,0.058200,0.155600,6,0.078000,3.560000
SYN-CUST-02513,2026-01-01,250,1,62.740000,0.140500,5,0.001000,0.349500,1,0.052100,3.410000
SYN-CUST-01608,2026-01-01,50,0,0.000000,0.209100,41,0.021700,0.189400,5,0.056500,4.032000
SYN-CUST-01761,2026-01-01,60,2,136.220000,0.168300,36,0.029700,0.191200,6,0.040800,3.818000
SYN-CUST-00826,2026-01-01,39,4,323.870000,0.233400,23,0.093300,0.294000,5,0.050300,3.907000
SYN-CUST-00491,2026-01-01,165,16,2272.060000,0.254100,4,0.050200,0.149300,8,0.068400,3.836000
SYN-CUST-00760,2026-01-01,153,2,387.070000,0.195500,6,0.079300,0.197900,1,0.054800,3.762000
SYN-CUST-00901,2026-01-01,27,9,720.940000,0.182000,34,0.121000,0.243200,3,0.076800,4.388000
SYN-CUST-00318,2026-01-01,18,9,1895.790000,0.283700,37,0.170400,0.124100,5,0.044500,4.530000
SYN-CUST-02182,2026-01-01,27,13,741.490000,-0.062600,23,0.139600,0.706800,6,0.119500,3.392000
SYN-CUST-01739,2026-01-01,79,2,99.230000,0.156500,63,0.030900,0.219500,3,0.045300,3.813000
SYN-CUST-00018,2026-01-01,19,14,2720.490000,0.320400,33,0.156200,0.134000,5,0.035000,4.181000
SYN-CUST-01060,2026-01-01,37,2,184.370000,0.203100,22,0.117400,0.260100,11,0.056300,4.063000
SYN-CUST-00104,2026-01-01,20,9,1323.230000,0.289700,24,0.132500,0.143400,8,0.041800,4.306000
SYN-CUST-02674,2026-01-01,277,0,0.000000,0.157400,1,0.025100,0.327900,1,0.070000,3.015000
SYN-CUST-01346,2026-01-01,33,2,177.210000,0.211600,19,0.076700,0.267800,11,0.067800,3.973000
SYN-CUST-01557,2026-01-01,91,2,132.070000,0.195400,58,0.040000,0.224200,6,0.036000,4.003000
SYN-CUST-01110,2026-01-01,41,4,402.070000,0.208400,23,0.106100,0.246000,8,0.047500,4.144000
SYN-CUST-00198,2026-01-01,14,9,1860.480000,0.223000,27,0.164800,0.122100,5,0.036400,4.823000
SYN-CUST-00090,2026-01-01,18,15,2613.900000,0.301300,38,0.154300,0.117400,5,0.023800,4.617000
SYN-CUST-02777,2026-01-01,284,0,0.000000,0.116700,1,0.034100,0.390300,1,0.063200,3.248000
SYN-CUST-00219,2026-01-01,17,15,2025.230000,0.272100,44,0.146000,0.126200,7,0.036800,4.732000
SYN-CUST-02675,2026-01-01,177,1,58.870000,0.162600,0,0.000000,0.383000,2,0.076300,3.277000
SYN-CUST-02899,2026-01-01,309,0,0.000000,0.178800,2,0.019200,0.376900,1,0.072100,3.294000
SYN-CUST-01522,2026-01-01,95,3,173.510000,0.189000,40,0.016700,0.186700,9,0.055900,3.841000
SYN-CUST-02945,2026-01-01,288,0,0.000000,0.134300,1,0.029800,0.468100,2,0.084300,3.547000
SYN-CUST-01382,2026-01-01,31,3,185.160000,0.210500,23,0.137000,0.277500,2,0.060600,4.205000
SYN-CUST-01490,2026-01-01,66,1,53.880000,0.204200,46,0.036100,0.195300,5,0.037600,4.190000
SYN-CUST-01541,2026-01-01,64,2,149.400000,0.182700,52,0.026300,0.198800,7,0.044000,3.818000
SYN-CUST-00190,2026-01-01,14,15,1858.300000,0.299800,36,0.213200,0.132400,2,0.037900,4.492000
SYN-CUST-02504,2026-01-01,279,0,0.000000,0.149700,3,0.012600,0.431000,1,0.081500,3.353000
SYN-CUST-01831,2026-01-01,77,1,59.520000,0.158400,56,0.018600,0.182500,4,0.051000,3.770000
SYN-CUST-02387,2026-01-01,21,11,668.380000,-0.063900,21,0.172900,0.792200,2,0.131700,3.809000
SYN-CUST-01113,2026-01-01,51,4,404.780000,0.206700,17,0.097000,0.275100,10,0.068000,4.025000
SYN-CUST-02194,2026-01-01,30,18,1476.730000,-0.055900,38,0.141900,0.866700,3,0.072400,3.357000
SYN-CUST-01923,2026-01-01,119,1,78.600000,0.167900,39,0.032800,0.195200,7,0.048700,3.995000
SYN-CUST-01799,2026-01-01,65,1,60.910000,0.178400,43,0.024500,0.149900,10,0.048000,3.908000
SYN-CUST-01908,2026-01-01,69,0,0.000000,0.189700,36,0.033200,0.179700,8,0.028500,3.925000
SYN-CUST-00430,2026-01-01,22,17,3095.150000,0.330700,44,0.189300,0.136800,5,0.031600,4.641000
SYN-CUST-02539,2026-01-01,185,0,0.000000,0.151700,3,0.005500,0.378600,4,0.085700,3.565000
SYN-CUST-02286,2026-01-01,25,12,1033.140000,-0.074200,30,0.126800,0.709700,4,0.102200,3.671000
SYN-CUST-01076,2026-01-01,28,2,180.390000,0.253800,23,0.120000,0.273600,2,0.047100,4.006000
SYN-CUST-01617,2026-01-01,94,3,177.690000,0.227600,52,0.018000,0.217500,7,0.053600,3.352000
SYN-CUST-02395,2026-01-01,24,14,993.380000,-0.073400,34,0.148500,0.796500,6,0.137100,3.891000
SYN-CUST-02274,2026-01-01,21,18,1222.260000,-0.074200,34,0.117500,0.647700,5,0.140700,3.976000
SYN-CUST-02396,2026-01-01,18,12,847.210000,-0.057200,36,0.116500,0.834400,1,0.145600,3.461000
SYN-CUST-02231,2026-01-01,23,12,706.900000,-0.067600,27,0.157200,0.689700,3,0.140300,3.439000
SYN-CUST-01243,2026-01-01,41,5,384.050000,0.183700,25,0.124600,0.233500,9,0.057000,3.962000
SYN-CUST-01842,2026-01-01,59,2,150.410000,0.200400,39,0.023800,0.246900,3,0.047900,4.138000
SYN-CUST-00029,2026-01-01,24,10,1566.460000,0.258800,30,0.199400,0.159500,7,0.063600,4.536000
SYN-CUST-00697,2026-01-01,150,5,933.150000,0.231300,6,0.048600,0.163900,4,0.065000,3.958000
SYN-CUST-01157,2026-01-01,44,7,669.830000,0.206100,17,0.067900,0.312100,5,0.032900,4.130000
SYN-CUST-00413,2026-01-01,15,10,1744.260000,0.258000,26,0.141500,0.147100,8,0.043000,4.218000
SYN-CUST-01013,2026-01-01,38,4,410.540000,0.228800,27,0.120500,0.253900,7,0.068000,4.018000
SYN-CUST-01821,2026-01-01,82,1,72.340000,0.170300,52,0.027500,0.170200,10,0.024500,3.906000
SYN-CUST-01596,2026-01-01,80,3,138.810000,0.200900,57,0.019600,0.169800,7,0.027500,4.166000
SYN-CUST-01620,2026-01-01,86,1,57.780000,0.168000,65,0.011300,0.184600,6,0.068000,4.072000
SYN-CUST-00982,2026-01-01,55,7,795.750000,0.208900,27,0.094800,0.284900,8,0.074100,4.085000
SYN-CUST-02895,2026-01-01,236,2,83.720000,0.132300,3,0.004500,0.479000,2,0.095800,3.465000
SYN-CUST-02785,2026-01-01,183,3,110.510000,0.144000,3,0.010900,0.416100,3,0.041500,3.451000
SYN-CUST-01836,2026-01-01,94,2,122.800000,0.195700,49,0.022300,0.173600,6,0.046400,3.795000
SYN-CUST-01661,2026-01-01,88,3,198.360000,0.214800,59,0.031300,0.220600,9,0.064100,4.008000
SYN-CUST-02697,2026-01-01,294,0,0.000000,0.142000,5,0.022000,0.517100,2,0.070200,3.583000
SYN-CUST-02607,2026-01-01,321,0,0.000000,0.140700,2,0.015700,0.353400,3,0.090100,3.289000
SYN-CUST-01274,2026-01-01,28,6,623.770000,0.232800,23,0.094700,0.278400,4,0.058300,3.953000
SYN-CUST-02420,2026-01-01,26,15,1116.030000,-0.067800,42,0.147300,0.679900,3,0.103500,3.406000
SYN-CUST-02333,2026-01-01,18,11,727.740000,-0.053400,28,0.159300,0.760400,2,0.106900,3.391000
SYN-CUST-01247,2026-01-01,41,4,319.350000,0.202100,25,0.104200,0.317700,3,0.042900,4.128000
SYN-CUST-02647,2026-01-01,260,0,0.000000,0.146500,1,0.018200,0.445600,2,0.091700,3.075000
SYN-CUST-00225,2026-01-01,17,17,2334.210000,0.213600,27,0.195500,0.149100,6,0.016400,4.589000
SYN-CUST-00044,2026-01-01,15,12,1703.050000,0.257400,33,0.130100,0.155700,5,0.045900,4.822000
SYN-CUST-02324,2026-01-01,34,15,678.930000,-0.073100,30,0.135400,0.810200,8,0.141200,3.458000
SYN-CUST-02720,2026-01-01,203,0,0.000000,0.138300,1,0.018700,0.481100,1,0.092500,3.371000
SYN-CUST-00131,2026-01-01,20,16,3006.060000,0.274700,43,0.215700,0.115700,4,0.040500,4.735000
SYN-CUST-02065,2026-01-01,31,15,824.440000,-0.066500,32,0.193200,0.840700,6,0.146500,3.561000
SYN-CUST-01679,2026-01-01,94,0,0.000000,0.193500,43,0.018800,0.191400,9,0.062500,3.804000
SYN-CUST-00142,2026-01-01,20,15,2567.140000,0.252400,35,0.224700,0.155600,5,0.013500,4.495000
SYN-CUST-00138,2026-01-01,17,19,3040.630000,0.213700,35,0.183800,0.120300,8,0.029400,4.297000
SYN-CUST-02250,2026-01-01,30,10,652.390000,-0.059000,35,0.131400,0.578800,3,0.146600,3.581000
SYN-CUST-01368,2026-01-01,41,1,101.770000,0.207300,20,0.095300,0.331000,2,0.066400,4.391000
SYN-CUST-00859,2026-01-01,48,5,440.250000,0.179600,23,0.102300,0.241900,5,0.039800,4.297000
SYN-CUST-01105,2026-01-01,41,4,350.880000,0.232700,33,0.087300,0.296300,1,0.095800,3.972000
SYN-CUST-02807,2026-01-01,131,2,76.290000,0.157300,3,0.015200,0.392300,2,0.077600,3.232000
SYN-CUST-01744,2026-01-01,109,0,0.000000,0.201400,45,0.027800,0.197900,11,0.037400,4.082000
SYN-CUST-00828,2026-01-01,53,4,387.920000,0.233600,34,0.095300,0.290300,8,0.075000,4.073000
SYN-CUST-02393,2026-01-01,35,12,722.060000,-0.065400,33,0.153400,0.819500,1,0.126400,3.247000
SYN-CUST-00892,2026-01-01,52,9,1082.520000,0.204400,23,0.079600,0.309500,4,0.057300,4.378000
SYN-CUST-00819,2026-01-01,169,7,1629.090000,0.278200,7,0.065000,0.201200,4,0.046000,3.642000
SYN-CUST-02469,2026-01-01,228,0,0.000000,0.137200,1,0.002600,0.413700,1,0.049500,3.475000
SYN-CUST-01090,2026-01-01,37,2,254.310000,0.259800,20,0.101300,0.266600,7,0.065900,4.279000
SYN-CUST-00100,2026-01-01,24,7,1121.820000,0.299200,36,0.217200,0.145000,5,0.029700,4.277000
SYN-CUST-01428,2026-01-01,29,4,380.800000,0.255200,17,0.077300,0.252800,9,0.083100,3.935000
SYN-CUST-01006,2026-01-01,39,4,381.090000,0.256400,28,0.094400,0.229100,3,0.027900,4.086000
SYN-CUST-01823,2026-01-01,82,3,266.770000,0.221400,53,0.022200,0.204900,7,0.044100,3.911000
SYN-CUST-01777,2026-01-01,77,0,0.000000,0.191800,49,0.015700,0.222100,9,0.066000,3.757000
SYN-CUST-02615,2026-01-01,260,0,0.000000,0.103000,3,0.029700,0.451600,2,0.087500,3.338000
SYN-CUST-01713,2026-01-01,78,0,0.000000,0.214800,46,0.043900,0.190900,7,0.048700,3.782000
SYN-CUST-01064,2026-01-01,42,2,137.150000,0.219800,28,0.127600,0.260400,2,0.052500,4.198000
SYN-CUST-02691,2026-01-01,349,0,0.000000,0.144500,0,0.000000,0.464500,1,0.097600,3.495000
SYN-CUST-01575,2026-01-01,72,0,0.000000,0.168400,43,0.035400,0.216000,6,0.050300,3.885000
SYN-CUST-01174,2026-01-01,31,1,104.550000,0.243500,20,0.116200,0.235500,5,0.055600,3.631000
SYN-CUST-01246,2026-01-01,38,1,81.600000,0.198000,28,0.129300,0.281900,6,0.070400,4.286000
SYN-CUST-00688,2026-01-01,121,6,1031.820000,0.290900,2,0.067700,0.172100,4,0.053500,3.846000
SYN-CUST-01527,2026-01-01,96,1,59.100000,0.112700,50,0.032800,0.172800,3,0.052200,3.528000
SYN-CUST-02153,2026-01-01,38,7,479.410000,-0.057400,21,0.096100,0.766900,5,0.077800,3.250000
SYN-CUST-02865,2026-01-01,232,1,44.930000,0.140100,2,0.012200,0.487000,1,0.115100,3.192000
SYN-CUST-02736,2026-01-01,272,1,33.350000,0.153300,2,0.015300,0.365400,3,0.059300,3.406000
SYN-CUST-01998,2026-01-01,99,0,0.000000,0.214200,42,0.028400,0.157600,8,0.036700,3.860000
SYN-CUST-01132,2026-01-01,40,4,340.740000,0.166500,21,0.094300,0.292500,5,0.042900,3.961000
SYN-CUST-01871,2026-01-01,95,2,153.260000,0.187000,66,0.033100,0.180100,3,0.041600,3.760000
SYN-CUST-01323,2026-01-01,30,4,488.030000,0.231300,21,0.102500,0.277600,3,0.049300,3.818000
SYN-CUST-00732,2026-01-01,172,5,798.120000,0.200700,7,0.064100,0.200600,1,0.058800,3.646000
SYN-CUST-00692,2026-01-01,153,16,3284.080000,0.251200,11,0.042800,0.178400,5,0.069400,3.927000
SYN-CUST-00741,2026-01-01,166,8,1392.760000,0.246500,2,0.064500,0.212900,1,0.025200,3.731000
SYN-CUST-00091,2026-01-01,17,18,2695.500000,0.233300,27,0.174000,0.135800,5,0.037300,4.510000
SYN-CUST-00802,2026-01-01,133,9,1825.170000,0.231300,3,0.048500,0.199300,2,0.056000,3.582000
SYN-CUST-02808,2026-01-01,306,0,0.000000,0.150700,4,0.001000,0.448900,2,0.064600,3.111000
SYN-CUST-01926,2026-01-01,70,1,82.050000,0.201700,51,0.016600,0.193500,5,0.072000,3.657000
SYN-CUST-02111,2026-01-01,20,8,606.300000,-0.065200,31,0.154500,0.881300,4,0.099600,3.823000
SYN-CUST-00926,2026-01-01,37,6,551.860000,0.270200,21,0.117400,0.350100,8,0.044100,4.063000
SYN-CUST-00521,2026-01-01,162,4,982.910000,0.244300,11,0.039800,0.202200,3,0.045100,4.010000
SYN-CUST-01801,2026-01-01,64,2,155.280000,0.204000,42,0.024300,0.198100,11,0.033400,4.170000
SYN-CUST-01516,2026-01-01,74,1,66.910000,0.151800,50,0.029800,0.207800,4,0.045500,3.480000
SYN-CUST-02107,2026-01-01,23,15,1375.960000,-0.047500,28,0.161200,0.702800,5,0.115900,3.376000
SYN-CUST-02929,2026-01-01,247,0,0.000000,0.151400,0,0.000000,0.457700,5,0.086900,3.495000
SYN-CUST-01941,2026-01-01,96,1,84.810000,0.213000,35,0.013000,0.220100,6,0.049700,3.934000
SYN-CUST-01063,2026-01-01,40,3,199.300000,0.207900,19,0.078100,0.296200,4,0.054300,4.080000
SYN-CUST-02282,2026-01-01,22,8,386.690000,-0.074100,16,0.155000,0.799800,3,0.106300,4.119000
SYN-CUST-01304,2026-01-01,43,2,219.720000,0.204700,16,0.099800,0.312800,5,0.066800,4.087000
SYN-CUST-00791,2026-01-01,153,5,701.470000,0.213400,7,0.066900,0.141700,1,0.050800,3.586000
SYN-CUST-02148,2026-01-01,18,11,674.490000,-0.072300,34,0.172900,0.801200,3,0.164700,3.196000
SYN-CUST-02475,2026-01-01,347,0,0.000000,0.136400,1,0.011200,0.384800,3,0.081200,3.100000
SYN-CUST-01779,2026-01-01,79,1,70.590000,0.190400,38,0.034100,0.218400,2,0.062600,3.908000
SYN-CUST-00691,2026-01-01,162,8,1713.080000,0.218000,7,0.051000,0.172000,5,0.059300,3.750000
SYN-CUST-01696,2026-01-01,109,0,0.000000,0.200800,37,0.002000,0.203100,3,0.049900,3.998000
SYN-CUST-01406,2026-01-01,42,1,78.330000,0.208400,29,0.102600,0.258800,8,0.071700,3.929000
SYN-CUST-02217,2026-01-01,29,8,413.110000,-0.053300,30,0.153600,0.913400,6,0.136700,3.548000
SYN-CUST-02667,2026-01-01,231,0,0.000000,0.150800,2,0.017200,0.501400,1,0.050800,3.241000
SYN-CUST-01725,2026-01-01,82,3,245.250000,0.177600,54,0.035100,0.200300,12,0.064800,3.832000
SYN-CUST-01751,2026-01-01,82,0,0.000000,0.185100,45,0.032700,0.225800,2,0.026000,3.727000
SYN-CUST-01427,2026-01-01,40,6,441.720000,0.171900,25,0.134300,0.265600,5,0.060800,4.448000
SYN-CUST-01262,2026-01-01,45,2,177.370000,0.217600,23,0.102300,0.250900,6,0.061900,3.828000
SYN-CUST-01488,2026-01-01,78,0,0.000000,0.205700,47,0.033400,0.209600,11,0.045400,4.074000
SYN-CUST-01240,2026-01-01,43,6,546.100000,0.218600,24,0.120500,0.209900,3,0.068300,3.896000
SYN-CUST-02490,2026-01-01,296,1,50.060000,0.148500,2,0.009900,0.385200,1,0.079700,3.385000
SYN-CUST-00667,2026-01-01,153,8,1674.510000,0.287200,5,0.063300,0.245000,5,0.053900,3.698000
SYN-CUST-02491,2026-01-01,219,0,0.000000,0.114900,5,0.001000,0.453600,1,0.113900,3.427000
SYN-CUST-02653,2026-01-01,214,1,39.820000,0.106600,3,0.027800,0.416400,1,0.076200,3.141000
SYN-CUST-02441,2026-01-01,28,15,863.460000,-0.067000,38,0.170000,0.895100,3,0.104100,3.406000
SYN-CUST-01604,2026-01-01,81,1,61.950000,0.184500,33,0.027100,0.189100,7,0.044000,4.038000
SYN-CUST-02845,2026-01-01,236,1,52.620000,0.143100,5,0.005400,0.372800,1,0.044200,3.123000
SYN-CUST-02931,2026-01-01,170,0,0.000000,0.109600,2,0.043400,0.392000,1,0.102100,3.581000
SYN-CUST-01502,2026-01-01,88,0,0.000000,0.178200,45,0.032100,0.211500,4,0.039000,3.778000
SYN-CUST-01443,2026-01-01,52,4,334.020000,0.246300,21,0.138300,0.313200,5,0.053400,3.954000
SYN-CUST-02350,2026-01-01,26,7,495.120000,-0.074400,16,0.145400,0.640800,2,0.107300,3.557000
SYN-CUST-02541,2026-01-01,206,1,47.450000,0.144200,4,0.018800,0.449100,2,0.059700,3.405000
SYN-CUST-01083,2026-01-01,39,11,1150.260000,0.219100,20,0.103500,0.285300,4,0.044400,3.964000
SYN-CUST-02103,2026-01-01,28,8,528.250000,-0.060700,25,0.126000,0.744400,3,0.146300,3.582000
SYN-CUST-01003,2026-01-01,48,6,591.240000,0.192300,29,0.084300,0.269700,8,0.065300,4.059000
SYN-CUST-00734,2026-01-01,120,11,1519.990000,0.193600,8,0.059700,0.163300,8,0.068900,3.646000
SYN-CUST-00251,2026-01-01,21,11,2171.790000,0.279200,25,0.135900,0.153700,9,0.015700,4.451000
SYN-CUST-01299,2026-01-01,43,4,406.040000,0.241200,31,0.106500,0.171200,5,0.035400,4.224000
SYN-CUST-02240,2026-01-01,21,8,437.360000,-0.053400,19,0.183500,0.579300,2,0.083400,3.748000
SYN-CUST-01915,2026-01-01,74,3,169.110000,0.233000,49,0.020500,0.194800,5,0.034500,4.091000
SYN-CUST-01833,2026-01-01,81,0,0.000000,0.184100,32,0.043500,0.232500,8,0.045600,4.193000
SYN-CUST-01802,2026-01-01,67,2,122.790000,0.193800,50,0.023400,0.170400,9,0.037800,3.958000
SYN-CUST-02233,2026-01-01,22,9,719.390000,-0.053400,30,0.190500,0.637200,3,0.114100,3.891000
SYN-CUST-01355,2026-01-01,37,3,255.510000,0.192500,17,0.132700,0.293400,3,0.035800,4.039000
SYN-CUST-01974,2026-01-01,99,0,0.000000,0.184000,47,0.039200,0.180500,4,0.058300,3.994000
SYN-CUST-01072,2026-01-01,51,4,315.860000,0.230600,31,0.120200,0.270000,2,0.037700,4.012000
SYN-CUST-01349,2026-01-01,34,4,272.570000,0.219100,26,0.114900,0.277500,4,0.081700,4.173000
SYN-CUST-02866,2026-01-01,251,1,46.110000,0.131100,4,0.004600,0.430500,1,0.057800,3.153000
SYN-CUST-02134,2026-01-01,20,18,1291.730000,-0.045100,27,0.147100,0.658700,8,0.104700,3.652000
SYN-CUST-01606,2026-01-01,81,0,0.000000,0.196000,48,0.028200,0.205800,1,0.040000,4.319000
SYN-CUST-02810,2026-01-01,237,0,0.000000,0.163400,4,0.018900,0.507700,3,0.094600,3.057000
SYN-CUST-00500,2026-01-01,183,8,1406.590000,0.248300,8,0.052400,0.190700,4,0.077700,3.609000
SYN-CUST-01855,2026-01-01,80,3,169.830000,0.206000,44,0.036400,0.206100,2,0.040200,4.131000
SYN-CUST-02365,2026-01-01,19,8,379.200000,-0.040200,42,0.164800,0.707000,4,0.120200,3.643000
SYN-CUST-01458,2026-01-01,42,1,101.900000,0.202000,20,0.097600,0.286900,5,0.043700,4.099000
SYN-CUST-02861,2026-01-01,172,0,0.000000,0.127500,2,0.032900,0.401500,3,0.053200,3.125000
SYN-CUST-00821,2026-01-01,188,8,1673.880000,0.240700,5,0.055200,0.192000,4,0.044200,3.747000
SYN-CUST-01614,2026-01-01,75,0,0.000000,0.190200,58,0.029800,0.233400,14,0.048200,3.834000
SYN-CUST-02185,2026-01-01,29,7,494.060000,-0.074100,37,0.120200,0.706400,7,0.130300,3.624000
SYN-CUST-01549,2026-01-01,70,1,68.870000,0.196600,34,0.026500,0.230500,6,0.057000,3.907000
SYN-CUST-02465,2026-01-01,283,0,0.000000,0.130400,5,0.017400,0.350200,4,0.094800,3.033000
SYN-CUST-01750,2026-01-01,83,0,0.000000,0.237200,37,0.028900,0.219200,9,0.037000,3.672000
SYN-CUST-02543,2026-01-01,242,0,0.000000,0.161200,1,0.035400,0.428800,1,0.071800,3.428000
SYN-CUST-02388,2026-01-01,27,10,517.770000,-0.079200,25,0.107000,0.747400,4,0.133600,3.313000
SYN-CUST-01540,2026-01-01,105,0,0.000000,0.159800,36,0.020500,0.205700,7,0.025300,3.366000
SYN-CUST-01673,2026-01-01,106,2,137.550000,0.217200,51,0.031100,0.188600,3,0.046400,3.723000
SYN-CUST-00056,2026-01-01,20,17,2615.070000,0.282500,32,0.201300,0.169000,8,0.032400,4.229000
SYN-CUST-00841,2026-01-01,40,4,578.280000,0.223000,15,0.089700,0.259500,4,0.063000,3.759000
SYN-CUST-01613,2026-01-01,106,0,0.000000,0.181800,28,0.018800,0.197400,11,0.055400,3.756000
SYN-CUST-01504,2026-01-01,89,0,0.000000,0.211400,40,0.030900,0.180700,8,0.042800,4.109000
SYN-CUST-02561,2026-01-01,264,0,0.000000,0.121500,2,0.019500,0.435600,1,0.096000,3.413000
SYN-CUST-00895,2026-01-01,38,1,64.940000,0.152100,17,0.072200,0.314700,3,0.084900,3.749000
SYN-CUST-02998,2026-01-01,266,0,0.000000,0.131300,2,0.013200,0.405500,1,0.100900,3.576000
SYN-CUST-00532,2026-01-01,158,5,546.820000,0.273400,5,0.059400,0.188600,8,0.059800,3.910000
SYN-CUST-00831,2026-01-01,34,1,75.060000,0.245100,20,0.090500,0.274500,7,0.049600,3.988000
SYN-CUST-02114,2026-01-01,28,14,916.760000,-0.064200,28,0.138800,0.943700,4,0.126000,3.811000
SYN-CUST-02363,2026-01-01,22,12,683.260000,-0.060600,23,0.117700,0.795500,3,0.104800,3.558000
SYN-CUST-00327,2026-01-01,22,11,2053.750000,0.266800,35,0.184900,0.117100,2,0.029500,4.389000
SYN-CUST-02628,2026-01-01,280,1,42.000000,0.098400,4,0.026500,0.324100,1,0.066300,3.320000
SYN-CUST-02012,2026-01-01,64,1,59.010000,0.216900,43,0.036700,0.209400,7,0.051400,3.828000
SYN-CUST-00498,2026-01-01,139,8,947.950000,0.195800,4,0.055200,0.174900,4,0.043900,3.802000
SYN-CUST-01741,2026-01-01,98,2,151.680000,0.230900,45,0.019900,0.220900,6,0.042300,3.647000
SYN-CUST-01485,2026-01-01,96,2,145.590000,0.169300,44,0.032000,0.195300,4,0.045800,3.877000
SYN-CUST-02198,2026-01-01,29,17,1179.370000,-0.066000,25,0.185200,0.904600,1,0.136600,3.793000
SYN-CUST-00067,2026-01-01,22,12,1410.990000,0.225200,25,0.191600,0.138500,4,0.033700,4.365000
SYN-CUST-02525,2026-01-01,297,0,0.000000,0.148400,3,0.038800,0.336800,1,0.085400,3.249000
SYN-CUST-01106,2026-01-01,45,3,274.820000,0.187700,24,0.124700,0.296000,10,0.077200,3.927000
SYN-CUST-02533,2026-01-01,225,1,35.270000,0.147400,1,0.001000,0.433100,3,0.099100,3.554000
SYN-CUST-02821,2026-01-01,290,1,58.220000,0.164200,3,0.015800,0.442000,3,0.082900,3.656000
SYN-CUST-02432,2026-01-01,21,10,542.950000,-0.059100,35,0.118200,0.642500,3,0.152800,3.582000
SYN-CUST-01455,2026-01-01,40,4,351.270000,0.252200,22,0.116200,0.311000,3,0.074300,4.157000
SYN-CUST-00398,2026-01-01,12,13,2262.020000,0.289300,38,0.194700,0.132600,7,0.054300,5.000000
SYN-CUST-01503,2026-01-01,67,2,169.090000,0.186600,46,0.040500,0.188800,11,0.040100,3.822000
SYN-CUST-00122,2026-01-01,20,13,2041.700000,0.257800,39,0.233200,0.133100,7,0.036100,4.439000
SYN-CUST-01153,2026-01-01,30,4,560.220000,0.209000,24,0.088000,0.300500,7,0.073900,4.036000
SYN-CUST-00589,2026-01-01,193,7,1207.680000,0.229200,4,0.059700,0.152700,2,0.053900,3.962000
SYN-CUST-00185,2026-01-01,20,11,1449.490000,0.294400,38,0.140900,0.155400,6,0.037800,4.488000
SYN-CUST-00671,2026-01-01,153,9,1562.650000,0.239100,9,0.058200,0.181400,4,0.063000,3.933000
SYN-CUST-00492,2026-01-01,159,8,1569.090000,0.209500,5,0.066400,0.172600,2,0.032800,3.686000
SYN-CUST-00397,2026-01-01,22,11,1679.090000,0.225600,25,0.160300,0.140000,4,0.038700,4.567000
SYN-CUST-01439,2026-01-01,42,5,466.360000,0.191400,17,0.076200,0.278500,7,0.072800,3.978000
SYN-CUST-00862,2026-01-01,42,5,369.570000,0.196500,16,0.097400,0.309400,7,0.054100,4.263000
SYN-CUST-01948,2026-01-01,57,1,68.510000,0.164000,51,0.001000,0.211300,7,0.051600,4.125000
SYN-CUST-01318,2026-01-01,42,3,296.750000,0.223800,20,0.096900,0.265000,6,0.067200,3.873000
SYN-CUST-01206,2026-01-01,42,1,126.700000,0.219700,22,0.093100,0.284200,5,0.077500,4.140000
SYN-CUST-02100,2026-01-01,20,10,546.280000,-0.053000,25,0.143200,0.791600,2,0.137300,3.564000
SYN-CUST-02731,2026-01-01,268,0,0.000000,0.137700,2,0.001000,0.310000,3,0.089900,3.100000
SYN-CUST-02644,2026-01-01,185,2,95.060000,0.122700,1,0.016800,0.429500,2,0.072200,3.572000
SYN-CUST-01758,2026-01-01,89,1,73.260000,0.193500,57,0.028800,0.178100,4,0.037800,4.304000
SYN-CUST-02175,2026-01-01,24,8,592.810000,-0.047900,40,0.126500,0.858000,2,0.081700,3.524000
SYN-CUST-00527,2026-01-01,177,11,2603.540000,0.223000,6,0.083200,0.156400,6,0.065900,3.663000
SYN-CUST-01851,2026-01-01,91,1,76.370000,0.198500,41,0.021800,0.177800,9,0.037200,4.027000
SYN-CUST-00637,2026-01-01,209,8,1203.870000,0.275500,6,0.059900,0.186700,4,0.048100,3.707000
SYN-CUST-00607,2026-01-01,149,6,1403.510000,0.185300,3,0.069600,0.180200,3,0.027600,3.711000
SYN-CUST-00096,2026-01-01,16,17,2832.920000,0.263400,32,0.140300,0.140300,9,0.043600,4.650000
SYN-CUST-02752,2026-01-01,271,0,0.000000,0.131900,1,0.018700,0.420200,1,0.073500,3.145000
SYN-CUST-01232,2026-01-01,31,0,0.000000,0.239900,19,0.087200,0.289100,1,0.059700,4.186000
SYN-CUST-02308,2026-01-01,33,12,723.460000,-0.067000,27,0.124600,0.590500,3,0.134200,3.517000
SYN-CUST-02450,2026-01-01,178,2,61.150000,0.125700,2,0.002200,0.375400,1,0.091100,3.217000
SYN-CUST-02790,2026-01-01,317,1,46.490000,0.154800,5,0.027800,0.367300,2,0.064400,3.078000
SYN-CUST-02384,2026-01-01,27,6,448.950000,-0.061700,37,0.157200,0.674900,5,0.139200,3.723000
SYN-CUST-01963,2026-01-01,78,0,0.000000,0.189900,31,0.014000,0.160600,7,0.050200,4.095000
SYN-CUST-01722,2026-01-01,83,1,76.480000,0.171400,45,0.032800,0.227400,5,0.056200,3.931000
SYN-CUST-02716,2026-01-01,287,2,105.810000,0.149500,1,0.003800,0.425400,2,0.078400,3.458000
SYN-CUST-00416,2026-01-01,18,17,2502.680000,0.244100,44,0.232900,0.117100,7,0.044100,4.886000
SYN-CUST-01835,2026-01-01,70,1,59.730000,0.162600,36,0.043100,0.225200,7,0.043700,3.660000
SYN-CUST-02261,2026-01-01,21,14,1117.700000,-0.060800,25,0.118600,0.902300,3,0.121000,3.754000
SYN-CUST-01648,2026-01-01,103,0,0.000000,0.196700,53,0.010800,0.193200,10,0.040100,3.528000
SYN-CUST-02121,2026-01-01,24,9,539.000000,-0.053900,28,0.163600,0.773200,4,0.124800,3.660000
SYN-CUST-00746,2026-01-01,181,8,1948.220000,0.225400,6,0.056600,0.156700,1,0.055500,3.685000
SYN-CUST-00740,2026-01-01,170,8,1279.540000,0.224700,6,0.064700,0.215900,3,0.050500,3.088000
SYN-CUST-01556,2026-01-01,95,1,49.910000,0.202000,33,0.046500,0.216900,8,0.038200,3.912000
SYN-CUST-01664,2026-01-01,113,2,135.970000,0.201200,37,0.013900,0.193300,4,0.039300,4.086000
SYN-CUST-02088,2026-01-01,29,10,736.800000,-0.069300,43,0.148400,0.786400,3,0.146200,3.420000
SYN-CUST-00408,2026-01-01,16,12,2148.180000,0.287000,24,0.197600,0.138900,3,0.033200,4.657000
SYN-CUST-01645,2026-01-01,61,2,145.240000,0.200700,41,0.032800,0.180900,7,0.040800,4.460000
SYN-CUST-02740,2026-01-01,262,2,90.340000,0.144400,1,0.001000,0.434700,2,0.098300,3.379000
SYN-CUST-00567,2026-01-01,158,10,1677.630000,0.257400,8,0.071200,0.129600,4,0.064900,3.765000
SYN-CUST-01813,2026-01-01,80,0,0.000000,0.225000,61,0.025500,0.190800,10,0.047600,3.550000
SYN-CUST-02538,2026-01-01,295,1,43.500000,0.153400,3,0.010700,0.348700,2,0.091600,3.384000
SYN-CUST-00937,2026-01-01,43,11,731.660000,0.219000,33,0.130600,0.319100,3,0.049700,3.962000
SYN-CUST-02863,2026-01-01,197,0,0.000000,0.144300,2,0.024700,0.390900,1,0.063000,3.442000
SYN-CUST-01258,2026-01-01,35,5,562.380000,0.201900,36,0.097400,0.294800,8,0.050700,4.143000
SYN-CUST-01548,2026-01-01,66,2,132.060000,0.217100,37,0.029000,0.209000,7,0.023400,3.905000
SYN-CUST-02453,2026-01-01,323,0,0.000000,0.126400,1,0.027800,0.431600,1,0.111700,3.324000
SYN-CUST-02758,2026-01-01,270,1,35.200000,0.140200,2,0.020200,0.424400,2,0.089000,3.303000
SYN-CUST-00135,2026-01-01,22,10,2216.260000,0.278100,19,0.187000,0.115300,5,0.025600,4.713000
SYN-CUST-02165,2026-01-01,30,11,690.880000,-0.072200,30,0.130100,0.729000,3,0.138500,3.496000
SYN-CUST-01180,2026-01-01,41,4,298.100000,0.255700,14,0.104200,0.276800,2,0.052000,4.025000
SYN-CUST-00304,2026-01-01,14,10,997.670000,0.287900,31,0.159900,0.092100,5,0.025700,4.760000
SYN-CUST-00674,2026-01-01,213,10,1801.750000,0.215700,3,0.065600,0.170800,3,0.064500,4.058000
SYN-CUST-02428,2026-01-01,27,12,631.220000,-0.070900,30,0.113800,0.783900,4,0.144000,3.498000
SYN-CUST-02252,2026-01-01,19,18,1672.390000,-0.055800,34,0.136100,0.603600,5,0.108700,3.441000
SYN-CUST-00574,2026-01-01,146,7,912.530000,0.232000,9,0.067300,0.216200,4,0.043500,3.631000
SYN-CUST-02965,2026-01-01,239,0,0.000000,0.122600,3,0.007700,0.408300,2,0.045200,3.136000
SYN-CUST-00564,2026-01-01,222,4,751.330000,0.234000,9,0.052400,0.194000,6,0.050200,3.754000
SYN-CUST-00153,2026-01-01,17,10,1537.040000,0.245100,41,0.232800,0.134600,4,0.030800,4.591000
SYN-CUST-02235,2026-01-01,27,17,1040.720000,-0.055600,31,0.134600,0.760300,4,0.089800,3.668000
SYN-CUST-00711,2026-01-01,134,10,1977.900000,0.246500,4,0.042400,0.156700,5,0.057300,3.856000
SYN-CUST-00273,2026-01-01,25,10,1575.380000,0.249600,36,0.199500,0.134400,11,0.053000,4.327000
SYN-CUST-00658,2026-01-01,158,10,1322.450000,0.210500,1,0.051200,0.160000,6,0.064100,3.353000
SYN-CUST-00437,2026-01-01,15,16,2183.700000,0.261400,38,0.155500,0.148200,5,0.022100,4.524000
SYN-CUST-02596,2026-01-01,245,1,58.480000,0.143200,2,0.015400,0.457300,2,0.106500,3.346000
SYN-CUST-00281,2026-01-01,18,14,2938.260000,0.269000,29,0.146500,0.119200,5,0.016700,5.000000
SYN-CUST-01396,2026-01-01,32,1,102.300000,0.225000,25,0.118500,0.292700,6,0.049400,3.947000
SYN-CUST-02279,2026-01-01,19,10,677.530000,-0.077800,31,0.146700,0.755800,4,0.121600,3.523000
SYN-CUST-02665,2026-01-01,283,1,45.270000,0.152500,2,0.015500,0.457200,2,0.105000,3.327000
SYN-CUST-00730,2026-01-01,157,12,2257.100000,0.282700,4,0.056600,0.190000,5,0.063700,4.049000
SYN-CUST-00068,2026-01-01,32,19,2670.970000,0.264100,35,0.184700,0.123400,9,0.043400,4.509000
SYN-CUST-01715,2026-01-01,80,2,114.480000,0.208300,31,0.018200,0.195000,4,0.036600,4.233000
SYN-CUST-01478,2026-01-01,31,3,356.640000,0.232800,22,0.109800,0.340500,4,0.045300,3.652000
SYN-CUST-02032,2026-01-01,27,5,392.670000,-0.061500,44,0.185900,0.917800,5,0.177400,3.602000
SYN-CUST-01091,2026-01-01,41,3,243.100000,0.226900,19,0.091200,0.233400,4,0.095700,3.927000
SYN-CUST-00948,2026-01-01,35,8,872.220000,0.274200,29,0.073800,0.267100,4,0.069900,4.199000
SYN-CUST-00129,2026-01-01,13,21,2978.210000,0.230000,35,0.086100,0.143500,6,0.030400,4.223000
SYN-CUST-00116,2026-01-01,24,14,2074.890000,0.259600,26,0.186600,0.128800,4,0.034400,4.755000
SYN-CUST-00428,2026-01-01,14,12,2022.630000,0.258500,38,0.210600,0.152900,8,0.038900,4.420000
SYN-CUST-00329,2026-01-01,16,20,2827.790000,0.261400,29,0.187300,0.119600,5,0.053900,5.000000
SYN-CUST-00546,2026-01-01,133,14,2525.320000,0.198200,8,0.083600,0.217400,5,0.077000,4.374000
SYN-CUST-01333,2026-01-01,36,5,366.320000,0.239800,26,0.098000,0.221700,12,0.081300,4.100000
SYN-CUST-00727,2026-01-01,133,10,1259.070000,0.234500,4,0.049800,0.171500,7,0.056000,3.666000
SYN-CUST-00037,2026-01-01,19,13,1785.070000,0.274100,31,0.167200,0.138500,4,0.041500,4.650000
SYN-CUST-02774,2026-01-01,292,0,0.000000,0.145900,3,0.024900,0.400400,2,0.094200,3.063000
SYN-CUST-01267,2026-01-01,36,2,189.570000,0.234600,28,0.104500,0.300100,5,0.056600,3.921000
SYN-CUST-01203,2026-01-01,49,2,151.160000,0.261300,16,0.135200,0.350400,5,0.060100,3.697000
SYN-CUST-00778,2026-01-01,127,12,2518.320000,0.233900,6,0.064900,0.209500,5,0.061800,3.759000
SYN-CUST-00311,2026-01-01,14,13,1840.660000,0.273100,25,0.158200,0.139600,4,0.029000,4.580000
SYN-CUST-01446,2026-01-01,40,3,267.570000,0.227200,21,0.077500,0.246300,8,0.053400,4.034000
SYN-CUST-01186,2026-01-01,45,1,95.170000,0.216300,15,0.088600,0.307600,1,0.076000,3.923000
SYN-CUST-02172,2026-01-01,21,12,714.250000,-0.068100,29,0.096500,0.810300,5,0.147600,3.552000
SYN-CUST-01028,2026-01-01,54,3,339.930000,0.271000,20,0.075300,0.298100,1,0.073100,4.211000
SYN-CUST-02119,2026-01-01,29,17,1071.080000,-0.062600,30,0.146500,0.823000,3,0.111100,3.220000
SYN-CUST-02106,2026-01-01,36,11,679.670000,-0.086000,30,0.137200,0.760400,5,0.094900,3.497000
SYN-CUST-02764,2026-01-01,264,0,0.000000,0.131300,2,0.008100,0.326000,2,0.058800,3.696000
SYN-CUST-00517,2026-01-01,232,12,1864.280000,0.249400,10,0.048300,0.177300,9,0.048500,3.809000
SYN-CUST-02136,2026-01-01,19,5,317.200000,-0.047500,20,0.096900,0.802400,7,0.150800,3.623000
SYN-CUST-02982,2026-01-01,231,0,0.000000,0.178500,1,0.027900,0.401300,1,0.026600,3.556000
SYN-CUST-00486,2026-01-01,123,5,803.070000,0.216800,6,0.057600,0.182000,1,0.061000,4.114000
SYN-CUST-02300,2026-01-01,26,12,631.340000,-0.055500,32,0.161600,0.672800,4,0.130000,3.125000
SYN-CUST-01156,2026-01-01,31,1,78.490000,0.175000,12,0.094200,0.248000,6,0.036800,4.221000
SYN-CUST-01301,2026-01-01,33,4,397.740000,0.200900,18,0.075600,0.260700,4,0.048000,3.983000
SYN-CUST-01347,2026-01-01,36,2,208.020000,0.175600,16,0.097400,0.287800,3,0.069800,4.067000
SYN-CUST-02089,2026-01-01,20,11,701.800000,-0.067100,29,0.193800,0.799600,1,0.128300,3.252000
SYN-CUST-02643,2026-01-01,245,0,0.000000,0.161900,4,0.009000,0.465000,2,0.057200,3.338000
SYN-CUST-00265,2026-01-01,16,13,1737.400000,0.260100,40,0.193500,0.151100,8,0.057400,4.579000
SYN-CUST-01235,2026-01-01,52,4,460.310000,0.229800,25,0.074000,0.328100,4,0.074600,3.875000
SYN-CUST-00922,2026-01-01,52,4,357.370000,0.242700,30,0.097700,0.313300,5,0.046200,3.796000
SYN-CUST-01009,2026-01-01,52,0,0.000000,0.210400,22,0.113200,0.298000,6,0.072200,4.182000
SYN-CUST-01904,2026-01-01,86,1,76.050000,0.213000,46,0.047000,0.252500,7,0.042600,4.274000
SYN-CUST-01917,2026-01-01,75,1,91.110000,0.180200,34,0.033500,0.176600,2,0.036900,4.204000
SYN-CUST-02026,2026-01-01,28,4,220.560000,-0.044800,34,0.096200,0.848700,6,0.088200,3.808000
SYN-CUST-00600,2026-01-01,152,12,2476.890000,0.258500,9,0.058200,0.188400,2,0.060300,4.101000
SYN-CUST-02242,2026-01-01,24,7,397.600000,-0.066500,27,0.149000,0.689400,5,0.160300,3.417000
SYN-CUST-02311,2026-01-01,26,8,466.930000,-0.050600,25,0.126900,0.873500,4,0.181100,3.362000
SYN-CUST-02446,2026-01-01,191,0,0.000000,0.125500,1,0.015400,0.381800,1,0.077500,3.365000
SYN-CUST-02232,2026-01-01,26,6,337.220000,-0.046500,16,0.170200,0.705700,4,0.133400,3.337000
SYN-CUST-00660,2026-01-01,109,7,992.150000,0.293500,4,0.048400,0.191500,4,0.052800,3.731000
SYN-CUST-02722,2026-01-01,262,0,0.000000,0.127200,2,0.010300,0.504000,1,0.064100,3.310000
SYN-CUST-02025,2026-01-01,34,12,699.820000,-0.068700,37,0.136600,0.838400,1,0.061700,3.707000
SYN-CUST-00834,2026-01-01,36,3,207.640000,0.205600,23,0.090200,0.277800,6,0.050000,4.000000
SYN-CUST-00659,2026-01-01,166,11,1444.940000,0.264000,6,0.076600,0.162500,3,0.055600,3.757000
SYN-CUST-00643,2026-01-01,132,6,1249.410000,0.257700,6,0.078800,0.184000,5,0.063300,4.293000
SYN-CUST-02093,2026-01-01,27,18,1347.600000,-0.056300,31,0.127000,0.600900,5,0.095900,3.676000
SYN-CUST-02253,2026-01-01,36,9,448.830000,-0.050200,19,0.159300,0.889400,6,0.123700,3.638000
SYN-CUST-02664,2026-01-01,247,1,60.290000,0.134100,0,0.000000,0.452100,2,0.103200,3.661000
SYN-CUST-01163,2026-01-01,40,2,188.020000,0.207100,38,0.102400,0.326000,4,0.079400,3.736000
SYN-CUST-00177,2026-01-01,17,19,3045.090000,0.265500,43,0.137900,0.170600,6,0.023100,4.744000
SYN-CUST-01024,2026-01-01,32,3,207.600000,0.202400,27,0.092700,0.279100,9,0.070800,4.014000
SYN-CUST-00509,2026-01-01,211,8,1149.480000,0.221000,5,0.053500,0.163300,3,0.058600,3.839000
SYN-CUST-02581,2026-01-01,284,0,0.000000,0.145500,2,0.028400,0.386400,1,0.092700,3.235000
SYN-CUST-01622,2026-01-01,97,2,149.070000,0.142200,49,0.031000,0.189800,4,0.033000,4.014000
SYN-CUST-01219,2026-01-01,29,5,553.890000,0.221100,22,0.099400,0.278300,2,0.067200,4.227000
SYN-CUST-01621,2026-01-01,83,1,64.580000,0.212800,46,0.019300,0.175800,7,0.048600,3.586000
SYN-CUST-01782,2026-01-01,97,2,147.580000,0.181500,50,0.018700,0.211000,12,0.056500,4.029000
SYN-CUST-00644,2026-01-01,184,6,1004.590000,0.283100,4,0.052700,0.169400,3,0.058900,3.926000
SYN-CUST-00747,2026-01-01,146,5,1130.750000,0.259900,7,0.068900,0.169700,1,0.056500,3.537000
SYN-CUST-00247,2026-01-01,23,9,1536.280000,0.283500,24,0.250800,0.140300,4,0.029500,4.975000
SYN-CUST-01609,2026-01-01,91,3,265.200000,0.223900,59,0.014400,0.208900,7,0.046700,3.852000
SYN-CUST-02126,2026-01-01,24,3,174.780000,-0.058000,27,0.090900,0.775900,3,0.163700,3.388000
SYN-CUST-00042,2026-01-01,15,9,1854.500000,0.280500,31,0.173600,0.151000,8,0.038400,4.309000
SYN-CUST-00989,2026-01-01,44,5,501.410000,0.215700,23,0.076500,0.297300,3,0.058700,4.210000
SYN-CUST-01505,2026-01-01,70,1,74.130000,0.199300,55,0.004200,0.158900,9,0.033800,3.937000
SYN-CUST-02331,2026-01-01,25,13,815.070000,-0.055600,42,0.167400,0.895500,4,0.136800,3.379000
SYN-CUST-00179,2026-01-01,17,10,1823.650000,0.222800,27,0.173100,0.144100,4,0.048800,4.565000
SYN-CUST-00222,2026-01-01,24,13,1914.380000,0.255300,37,0.228900,0.137600,6,0.027600,4.613000
SYN-CUST-00472,2026-01-01,164,6,925.820000,0.221500,4,0.063000,0.172000,1,0.041600,3.637000
SYN-CUST-01027,2026-01-01,47,8,885.500000,0.230900,26,0.114200,0.265800,9,0.055300,4.010000
SYN-CUST-02857,2026-01-01,241,2,107.400000,0.153000,1,0.023200,0.406000,1,0.095700,3.276000
SYN-CUST-00046,2026-01-01,21,10,1532.930000,0.293600,27,0.144600,0.157200,9,0.026800,4.353000
SYN-CUST-00330,2026-01-01,22,12,1569.360000,0.256400,28,0.143200,0.140200,4,0.031300,4.486000
SYN-CUST-00054,2026-01-01,15,12,1349.360000,0.267700,36,0.194900,0.140800,7,0.036000,4.421000
SYN-CUST-02571,2026-01-01,295,0,0.000000,0.165600,1,0.008500,0.409800,1,0.110600,3.388000
SYN-CUST-01921,2026-01-01,83,3,222.110000,0.194600,36,0.017200,0.205400,4,0.051000,3.910000
SYN-CUST-02803,2026-01-01,212,0,0.000000,0.125800,1,0.012200,0.411400,3,0.075200,3.134000
SYN-CUST-00909,2026-01-01,44,3,289.730000,0.218900,20,0.107400,0.315100,6,0.063500,4.190000
SYN-CUST-02164,2026-01-01,31,10,576.380000,-0.053700,31,0.199800,0.972300,5,0.178000,3.515000
SYN-CUST-01361,2026-01-01,62,4,397.590000,0.223400,17,0.126400,0.326400,2,0.059800,4.179000
SYN-CUST-00308,2026-01-01,17,13,2611.170000,0.250800,22,0.166400,0.142600,5,0.036500,4.322000
SYN-CUST-02897,2026-01-01,211,1,45.800000,0.133500,3,0.010900,0.425200,1,0.085100,3.184000
SYN-CUST-01078,2026-01-01,42,1,86.070000,0.198700,17,0.099900,0.304300,4,0.065700,4.097000
SYN-CUST-00147,2026-01-01,21,11,1602.390000,0.325900,25,0.190600,0.146800,4,0.049100,4.625000
SYN-CUST-01570,2026-01-01,72,2,137.170000,0.168000,46,0.039400,0.230800,7,0.038900,3.839000
SYN-CUST-02579,2026-01-01,255,1,48.230000,0.149100,1,0.008400,0.366900,1,0.071600,3.313000
SYN-CUST-01410,2026-01-01,33,3,307.920000,0.177200,25,0.124500,0.291900,6,0.064300,4.014000
SYN-CUST-02029,2026-01-01,22,11,798.250000,-0.057200,42,0.135700,0.746700,2,0.087600,3.600000
SYN-CUST-02517,2026-01-01,207,1,46.320000,0.136600,2,0.030500,0.507000,2,0.102200,3.330000
SYN-CUST-00932,2026-01-01,33,1,83.770000,0.252800,30,0.114800,0.269700,2,0.079900,3.848000
SYN-CUST-02604,2026-01-01,285,2,81.820000,0.138300,4,0.012400,0.497900,1,0.073100,3.345000
SYN-CUST-00358,2026-01-01,17,7,1178.510000,0.253900,28,0.170100,0.151200,5,0.011400,4.869000
SYN-CUST-00534,2026-01-01,152,8,1737.970000,0.237500,4,0.083900,0.216400,4,0.061600,3.825000
SYN-CUST-01631,2026-01-01,106,1,63.920000,0.182400,43,0.004600,0.199200,8,0.053800,4.074000
SYN-CUST-02366,2026-01-01,17,14,850.040000,-0.047300,29,0.194000,0.785300,8,0.125400,3.357000
SYN-CUST-00874,2026-01-01,52,8,725.190000,0.195300,39,0.085300,0.242900,6,0.066700,4.054000
SYN-CUST-00682,2026-01-01,118,5,1182.850000,0.290500,4,0.065000,0.193900,2,0.043500,3.788000
SYN-CUST-02454,2026-01-01,246,2,91.920000,0.132900,4,0.028700,0.444300,2,0.080400,3.329000
SYN-CUST-01424,2026-01-01,44,1,66.630000,0.249400,36,0.087100,0.319400,9,0.063500,4.415000
SYN-CUST-01623,2026-01-01,62,2,114.230000,0.206900,63,0.026300,0.203900,5,0.042100,3.677000
SYN-CUST-01893,2026-01-01,93,0,0.000000,0.193100,39,0.033500,0.225200,7,0.043900,3.714000
SYN-CUST-02068,2026-01-01,31,7,463.300000,-0.068700,37,0.139100,0.775900,10,0.087800,3.551000
SYN-CUST-01310,2026-01-01,42,3,285.440000,0.171100,22,0.100700,0.275600,5,0.081200,4.029000
SYN-CUST-00194,2026-01-01,11,11,1889.900000,0.260600,37,0.203800,0.142100,9,0.040300,4.675000
SYN-CUST-02984,2026-01-01,232,0,0.000000,0.139200,3,0.001000,0.396600,2,0.090800,3.503000
SYN-CUST-00794,2026-01-01,116,10,1804.560000,0.214100,3,0.070300,0.184700,6,0.060100,3.698000
SYN-CUST-01577,2026-01-01,110,0,0.000000,0.232600,39,0.021800,0.183700,10,0.031000,3.643000
SYN-CUST-00396,2026-01-01,24,21,4310.080000,0.259300,34,0.153900,0.131500,13,0.026800,4.754000
SYN-CUST-02580,2026-01-01,225,0,0.000000,0.148900,5,0.015000,0.412500,1,0.079400,3.405000
SYN-CUST-02186,2026-01-01,26,14,878.240000,-0.052900,30,0.167400,0.562500,3,0.137200,3.808000
SYN-CUST-01546,2026-01-01,104,1,70.980000,0.167200,36,0.006600,0.196200,7,0.052000,4.005000
SYN-CUST-01650,2026-01-01,82,1,94.130000,0.149100,57,0.003900,0.250000,12,0.040400,3.752000
SYN-CUST-00573,2026-01-01,150,8,1275.650000,0.199700,2,0.055000,0.164700,5,0.072100,4.173000
SYN-CUST-02838,2026-01-01,230,0,0.000000,0.157700,3,0.008700,0.455600,1,0.096200,3.367000
SYN-CUST-02905,2026-01-01,332,1,45.910000,0.117600,3,0.003300,0.421000,2,0.078900,3.185000
SYN-CUST-00388,2026-01-01,18,11,1770.770000,0.284900,31,0.196800,0.163800,9,0.033100,5.000000
SYN-CUST-01289,2026-01-01,44,3,275.700000,0.223100,19,0.081500,0.320400,6,0.047800,4.155000
SYN-CUST-01881,2026-01-01,70,0,0.000000,0.218000,44,0.030800,0.165600,5,0.033100,3.684000
SYN-CUST-00571,2026-01-01,161,11,2158.680000,0.235900,3,0.065000,0.131100,5,0.052500,4.006000
SYN-CUST-02663,2026-01-01,230,2,98.820000,0.135100,2,0.015600,0.412000,3,0.091400,3.314000
SYN-CUST-01619,2026-01-01,94,0,0.000000,0.190900,38,0.020200,0.210600,8,0.050300,4.076000
SYN-CUST-00744,2026-01-01,120,11,1522.700000,0.219900,11,0.050100,0.167300,5,0.054300,3.946000
SYN-CUST-01181,2026-01-01,46,5,381.450000,0.232900,23,0.102100,0.303000,9,0.052800,3.869000
SYN-CUST-00896,2026-01-01,40,3,303.590000,0.220100,21,0.070700,0.333300,5,0.044000,4.067000
SYN-CUST-00454,2026-01-01,13,12,1842.530000,0.294100,34,0.164700,0.143400,5,0.029700,4.421000
SYN-CUST-00767,2026-01-01,109,8,1685.450000,0.224500,7,0.048600,0.183500,4,0.054500,4.277000
SYN-CUST-00023,2026-01-01,25,5,842.540000,0.242800,38,0.177100,0.133500,6,0.039100,4.597000
SYN-CUST-01423,2026-01-01,31,4,395.110000,0.190800,32,0.110300,0.288700,4,0.047600,3.903000
SYN-CUST-01215,2026-01-01,34,2,190.840000,0.212200,28,0.110800,0.310700,8,0.066400,3.781000
SYN-CUST-00709,2026-01-01,144,10,1109.860000,0.313700,5,0.060400,0.198900,4,0.065700,3.258000
SYN-CUST-01952,2026-01-01,82,0,0.000000,0.200100,31,0.003000,0.176100,8,0.048800,3.994000
SYN-CUST-00494,2026-01-01,186,9,1642.840000,0.233400,5,0.055300,0.169800,6,0.070800,3.841000
SYN-CUST-02309,2026-01-01,27,4,198.760000,-0.063400,27,0.166500,1.000000,2,0.126900,3.843000
