customer_id,synthetic_persona
SYN-CUST-01838,engaged_low_conversion
SYN-CUST-01651,engaged_low_conversion
SYN-CUST-01873,engaged_low_conversion
SYN-CUST-01885,engaged_low_conversion
SYN-CUST-00996,growth_potential
SYN-CUST-01870,engaged_low_conversion
SYN-CUST-02921,dormant_low_value
SYN-CUST-02553,dormant_low_value
SYN-CUST-00064,loyal_high_value
SYN-CUST-02717,dormant_low_value
SYN-CUST-02244,discount_led_frequent
SYN-CUST-01988,engaged_low_conversion
SYN-CUST-02351,discount_led_frequent
SYN-CUST-00139,loyal_high_value
SYN-CUST-01742,engaged_low_conversion
SYN-CUST-00475,high_value_at_risk
SYN-CUST-00980,growth_potential
SYN-CUST-02966,dormant_low_value
SYN-CUST-02501,dormant_low_value
SYN-CUST-00962,growth_potential
SYN-CUST-02550,dormant_low_value
SYN-CUST-01931,engaged_low_conversion
SYN-CUST-00162,loyal_high_value
SYN-CUST-01922,engaged_low_conversion
SYN-CUST-01331,growth_potential
SYN-CUST-02150,discount_led_frequent
SYN-CUST-02162,discount_led_frequent
SYN-CUST-01690,engaged_low_conversion
SYN-CUST-00750,high_value_at_risk
SYN-CUST-00554,high_value_at_risk
SYN-CUST-00072,loyal_high_value
SYN-CUST-00197,loyal_high_value
SYN-CUST-00531,high_value_at_risk
SYN-CUST-00619,high_value_at_risk
SYN-CUST-01872,engaged_low_conversion
SYN-CUST-02901,dormant_low_value
SYN-CUST-00630,high_value_at_risk
SYN-CUST-00866,growth_potential
SYN-CUST-02668,dormant_low_value
SYN-CUST-01977,engaged_low_conversion
SYN-CUST-00502,high_value_at_risk
SYN-CUST-02047,discount_led_frequent
SYN-CUST-01140,growth_potential
SYN-CUST-00010,loyal_high_value
SYN-CUST-00911,growth_potential
SYN-CUST-01292,growth_potential
SYN-CUST-01099,growth_potential
SYN-CUST-02015,engaged_low_conversion
SYN-CUST-01752,engaged_low_conversion
SYN-CUST-02536,dormant_low_value
SYN-CUST-00299,loyal_high_value
SYN-CUST-00851,growth_potential
SYN-CUST-02329,discount_led_frequent
SYN-CUST-02812,dormant_low_value
SYN-CUST-02568,dormant_low_value
SYN-CUST-02214,discount_led_frequent
SYN-CUST-00203,loyal_high_value
SYN-CUST-01920,engaged_low_conversion
SYN-CUST-02922,dormant_low_value
SYN-CUST-00048,loyal_high_value
SYN-CUST-00043,loyal_high_value
SYN-CUST-01040,growth_potential
SYN-CUST-00278,loyal_high_value
SYN-CUST-02003,engaged_low_conversion
SYN-CUST-00837,growth_potential
SYN-CUST-02439,discount_led_frequent
SYN-CUST-00843,growth_potential
SYN-CUST-01141,growth_potential
SYN-CUST-01945,engaged_low_conversion
SYN-CUST-02307,discount_led_frequent
SYN-CUST-02339,discount_led_frequent
SYN-CUST-00899,growth_potential
SYN-CUST-00367,loyal_high_value
SYN-CUST-01538,engaged_low_conversion
SYN-CUST-01144,growth_potential
SYN-CUST-02859,dormant_low_value
SYN-CUST-00666,high_value_at_risk
SYN-CUST-00995,growth_potential
SYN-CUST-00158,loyal_high_value
SYN-CUST-01547,engaged_low_conversion
SYN-CUST-02514,dormant_low_value
SYN-CUST-00578,high_value_at_risk
SYN-CUST-01868,engaged_low_conversion
SYN-CUST-01820,engaged_low_conversion
SYN-CUST-02061,discount_led_frequent
SYN-CUST-01150,growth_potential
SYN-CUST-02599,dormant_low_value
SYN-CUST-02879,dormant_low_value
SYN-CUST-02712,dormant_low_value
SYN-CUST-02245,discount_led_frequent
SYN-CUST-02704,dormant_low_value
SYN-CUST-00875,growth_potential
SYN-CUST-00621,high_value_at_risk
SYN-CUST-02146,discount_led_frequent
SYN-CUST-02856,dormant_low_value
SYN-CUST-02852,dormant_low_value
SYN-CUST-01341,growth_potential
SYN-CUST-00005,loyal_high_value
SYN-CUST-02616,dormant_low_value
SYN-CUST-00355,loyal_high_value
SYN-CUST-02315,discount_led_frequent
SYN-CUST-01062,growth_potential
SYN-CUST-01112,growth_potential
SYN-CUST-00522,high_value_at_risk
SYN-CUST-02174,discount_led_frequent
SYN-CUST-00455,high_value_at_risk
SYN-CUST-02582,dormant_low_value
SYN-CUST-00588,high_value_at_risk
SYN-CUST-01103,growth_potential
SYN-CUST-01510,engaged_low_conversion
SYN-CUST-02059,discount_led_frequent
SYN-CUST-00886,growth_potential
SYN-CUST-01278,growth_potential
SYN-CUST-00180,loyal_high_value
SYN-CUST-00184,loyal_high_value
SYN-CUST-01018,growth_potential
SYN-CUST-01735,engaged_low_conversion
SYN-CUST-00241,loyal_high_value
SYN-CUST-01492,engaged_low_conversion
SYN-CUST-02980,dormant_low_value
SYN-CUST-00835,growth_potential
SYN-CUST-02498,dormant_low_value
SYN-CUST-00568,high_value_at_risk
SYN-CUST-01703,engaged_low_conversion
SYN-CUST-00809,high_value_at_risk
SYN-CUST-02986,dormant_low_value
SYN-CUST-00244,loyal_high_value
SYN-CUST-01462,growth_potential
SYN-CUST-00680,high_value_at_risk
SYN-CUST-00847,growth_potential
SYN-CUST-00199,loyal_high_value
SYN-CUST-00921,growth_potential
SYN-CUST-02431,discount_led_frequent
SYN-CUST-02706,dormant_low_value
SYN-CUST-00872,growth_potential
SYN-CUST-00856,growth_potential
SYN-CUST-02733,dormant_low_value
SYN-CUST-01762,engaged_low_conversion
SYN-CUST-02834,dormant_low_value
SYN-CUST-02144,discount_led_frequent
SYN-CUST-01210,growth_potential
SYN-CUST-02319,discount_led_frequent
SYN-CUST-01544,engaged_low_conversion
SYN-CUST-02756,dormant_low_value
SYN-CUST-00227,loyal_high_value
SYN-CUST-01481,engaged_low_conversion
SYN-CUST-00836,growth_potential
SYN-CUST-02270,discount_led_frequent
SYN-CUST-01057,growth_potential
SYN-CUST-02938,dormant_low_value
SYN-CUST-00917,growth_potential
SYN-CUST-01052,growth_potential
SYN-CUST-02693,dormant_low_value
SYN-CUST-02743,dormant_low_value
SYN-CUST-00209,loyal_high_value
SYN-CUST-02467,dormant_low_value
SYN-CUST-02212,discount_led_frequent
SYN-CUST-00702,high_value_at_risk
SYN-CUST-01008,growth_potential
SYN-CUST-02698,dormant_low_value
SYN-CUST-02224,discount_led_frequent
SYN-CUST-02971,dormant_low_value
SYN-CUST-01791,engaged_low_conversion
SYN-CUST-01903,engaged_low_conversion
SYN-CUST-02383,discount_led_frequent
SYN-CUST-00991,growth_potential
SYN-CUST-01213,growth_potential
SYN-CUST-02524,dormant_low_value
SYN-CUST-01480,engaged_low_conversion
SYN-CUST-01951,engaged_low_conversion
SYN-CUST-01242,growth_potential
SYN-CUST-00520,high_value_at_risk
SYN-CUST-01555,engaged_low_conversion
SYN-CUST-02978,dormant_low_value
SYN-CUST-02102,discount_led_frequent
SYN-CUST-02725,dormant_low_value
SYN-CUST-01812,engaged_low_conversion
SYN-CUST-01119,growth_potential
SYN-CUST-01876,engaged_low_conversion
SYN-CUST-02373,discount_led_frequent
SYN-CUST-02116,discount_led_frequent
SYN-CUST-01438,growth_potential
SYN-CUST-02342,discount_led_frequent
SYN-CUST-02168,discount_led_frequent
SYN-CUST-01417,growth_potential
SYN-CUST-01363,growth_potential
SYN-CUST-02460,dormant_low_value
SYN-CUST-00266,loyal_high_value
SYN-CUST-01100,growth_potential
SYN-CUST-01898,engaged_low_conversion
SYN-CUST-02018,discount_led_frequent
SYN-CUST-02659,dormant_low_value
SYN-CUST-00581,high_value_at_risk
SYN-CUST-00803,high_value_at_risk
SYN-CUST-02886,dormant_low_value
SYN-CUST-00575,high_value_at_risk
SYN-CUST-00518,high_value_at_risk
SYN-CUST-01342,growth_potential
SYN-CUST-02357,discount_led_frequent
SYN-CUST-02661,dormant_low_value
SYN-CUST-00374,loyal_high_value
SYN-CUST-00484,high_value_at_risk
SYN-CUST-00338,loyal_high_value
SYN-CUST-02125,discount_led_frequent
SYN-CUST-00017,loyal_high_value
SYN-CUST-00405,loyal_high_value
SYN-CUST-01934,engaged_low_conversion
SYN-CUST-01636,engaged_low_conversion
SYN-CUST-02110,discount_led_frequent
SYN-CUST-01709,engaged_low_conversion
SYN-CUST-01471,growth_potential
SYN-CUST-02969,dormant_low_value
SYN-CUST-00766,high_value_at_risk
SYN-CUST-00689,high_value_at_risk
SYN-CUST-00993,growth_potential
SYN-CUST-01591,engaged_low_conversion
SYN-CUST-01047,growth_potential
SYN-CUST-02092,discount_led_frequent
SYN-CUST-02650,dormant_low_value
SYN-CUST-00300,loyal_high_value
SYN-CUST-00250,loyal_high_value
SYN-CUST-02183,discount_led_frequent
SYN-CUST-02933,dormant_low_value
SYN-CUST-01536,engaged_low_conversion
SYN-CUST-01764,engaged_low_conversion
SYN-CUST-00395,loyal_high_value
SYN-CUST-02586,dormant_low_value
SYN-CUST-01155,growth_potential
SYN-CUST-01357,growth_potential
SYN-CUST-00093,loyal_high_value
SYN-CUST-01612,engaged_low_conversion
SYN-CUST-02658,dormant_low_value
SYN-CUST-00267,loyal_high_value
SYN-CUST-01288,growth_potential
SYN-CUST-01947,engaged_low_conversion
SYN-CUST-02452,dormant_low_value
SYN-CUST-01120,growth_potential
SYN-CUST-02967,dormant_low_value
SYN-CUST-00146,loyal_high_value
SYN-CUST-02408,discount_led_frequent
SYN-CUST-00949,growth_potential
SYN-CUST-02924,dormant_low_value
SYN-CUST-00002,loyal_high_value
SYN-CUST-02771,dormant_low_value
SYN-CUST-02724,dormant_low_value
SYN-CUST-00988,growth_potential
SYN-CUST-00950,growth_potential
SYN-CUST-02738,dormant_low_value
SYN-CUST-01409,growth_potential
SYN-CUST-02961,dormant_low_value
SYN-CUST-02056,discount_led_frequent
SYN-CUST-01545,engaged_low_conversion
SYN-CUST-01716,engaged_low_conversion
SYN-CUST-02292,discount_led_frequent
SYN-CUST-02907,dormant_low_value
SYN-CUST-00933,growth_potential
SYN-CUST-00973,growth_potential
SYN-CUST-02223,discount_led_frequent
SYN-CUST-00685,high_value_at_risk
SYN-CUST-01220,growth_potential
SYN-CUST-01234,growth_potential
SYN-CUST-01745,engaged_low_conversion
SYN-CUST-00665,high_value_at_risk
SYN-CUST-02337,discount_led_frequent
SYN-CUST-02710,dormant_low_value
SYN-CUST-01501,engaged_low_conversion
SYN-CUST-00648,high_value_at_risk
SYN-CUST-01315,growth_potential
SYN-CUST-01097,growth_potential
SYN-CUST-01659,engaged_low_conversion
SYN-CUST-01491,engaged_low_conversion
SYN-CUST-01844,engaged_low_conversion
SYN-CUST-00487,high_value_at_risk
SYN-CUST-01033,growth_potential
SYN-CUST-00596,high_value_at_risk
SYN-CUST-02648,dormant_low_value
SYN-CUST-01525,engaged_low_conversion
SYN-CUST-01558,engaged_low_conversion
SYN-CUST-02379,discount_led_frequent
SYN-CUST-00528,high_value_at_risk
SYN-CUST-00420,loyal_high_value
SYN-CUST-02618,dormant_low_value
SYN-CUST-02310,discount_led_frequent
SYN-CUST-00101,loyal_high_value
SYN-CUST-00490,high_value_at_risk
SYN-CUST-01483,engaged_low_conversion
SYN-CUST-02657,dormant_low_value
SYN-CUST-02322,discount_led_frequent
SYN-CUST-00021,loyal_high_value
SYN-CUST-02919,dormant_low_value
SYN-CUST-01254,growth_potential
SYN-CUST-00012,loyal_high_value
SYN-CUST-00431,loyal_high_value
SYN-CUST-01581,engaged_low_conversion
SYN-CUST-01489,engaged_low_conversion
SYN-CUST-00679,high_value_at_risk
SYN-CUST-01756,engaged_low_conversion
SYN-CUST-01815,engaged_low_conversion
SYN-CUST-00577,high_value_at_risk
SYN-CUST-00343,loyal_high_value
SYN-CUST-00633,high_value_at_risk
SYN-CUST-02080,discount_led_frequent
SYN-CUST-02560,dormant_low_value
SYN-CUST-02404,discount_led_frequent
SYN-CUST-00108,loyal_high_value
SYN-CUST-02587,dormant_low_value
SYN-CUST-00969,growth_potential
SYN-CUST-01086,growth_potential
SYN-CUST-02057,discount_led_frequent
SYN-CUST-00939,growth_potential
SYN-CUST-02301,discount_led_frequent
SYN-CUST-02486,dormant_low_value
SYN-CUST-00191,loyal_high_value
SYN-CUST-02974,dormant_low_value
SYN-CUST-01038,growth_potential
SYN-CUST-00626,high_value_at_risk
SYN-CUST-01579,engaged_low_conversion
SYN-CUST-00109,loyal_high_value
SYN-CUST-01880,engaged_low_conversion
SYN-CUST-02251,discount_led_frequent
SYN-CUST-00370,loyal_high_value
SYN-CUST-02078,discount_led_frequent
SYN-CUST-00061,loyal_high_value
SYN-CUST-01183,growth_potential
SYN-CUST-00130,loyal_high_value
SYN-CUST-00976,growth_potential
SYN-CUST-02462,dormant_low_value
SYN-CUST-02497,dormant_low_value
SYN-CUST-00592,high_value_at_risk
SYN-CUST-02213,discount_led_frequent
SYN-CUST-02328,discount_led_frequent
SYN-CUST-02062,discount_led_frequent
SYN-CUST-00765,high_value_at_risk
SYN-CUST-01311,growth_potential
SYN-CUST-01377,growth_potential
SYN-CUST-01209,growth_potential
SYN-CUST-02118,discount_led_frequent
SYN-CUST-00134,loyal_high_value
SYN-CUST-02683,dormant_low_value
SYN-CUST-00774,high_value_at_risk
SYN-CUST-00978,growth_potential
SYN-CUST-01584,engaged_low_conversion
SYN-CUST-00639,high_value_at_risk
SYN-CUST-00291,loyal_high_value
SYN-CUST-00145,loyal_high_value
SYN-CUST-02946,dormant_low_value
SYN-CUST-02851,dormant_low_value
SYN-CUST-01307,growth_potential
SYN-CUST-02826,dormant_low_value
SYN-CUST-02508,dormant_low_value
SYN-CUST-02959,dormant_low_value
SYN-CUST-01804,engaged_low_conversion
SYN-CUST-02983,dormant_low_value
SYN-CUST-02906,dormant_low_value
SYN-CUST-02325,discount_led_frequent
SYN-CUST-00751,high_value_at_risk
SYN-CUST-01387,growth_potential
SYN-CUST-02792,dormant_low_value
SYN-CUST-01878,engaged_low_conversion
SYN-CUST-00550,high_value_at_risk
SYN-CUST-01104,growth_potential
SYN-CUST-01675,engaged_low_conversion
SYN-CUST-00238,loyal_high_value
SYN-CUST-01674,engaged_low_conversion
SYN-CUST-00360,loyal_high_value
SYN-CUST-01204,growth_potential
SYN-CUST-02847,dormant_low_value
SYN-CUST-02952,dormant_low_value
SYN-CUST-01436,growth_potential
SYN-CUST-00811,high_value_at_risk
SYN-CUST-00757,high_value_at_risk
SYN-CUST-01328,growth_potential
SYN-CUST-00974,growth_potential
SYN-CUST-02503,dormant_low_value
SYN-CUST-02833,dormant_low_value
SYN-CUST-01418,growth_potential
SYN-CUST-00140,loyal_high_value
SYN-CUST-02591,dormant_low_value
SYN-CUST-01339,growth_potential
SYN-CUST-02633,dormant_low_value
SYN-CUST-02996,dormant_low_value
SYN-CUST-01189,growth_potential
SYN-CUST-00201,loyal_high_value
SYN-CUST-00141,loyal_high_value
SYN-CUST-01461,growth_potential
SYN-CUST-01154,growth_potential
SYN-CUST-00443,loyal_high_value
SYN-CUST-00310,loyal_high_value
SYN-CUST-01494,engaged_low_conversion
SYN-CUST-01031,growth_potential
SYN-CUST-00440,loyal_high_value
SYN-CUST-02330,discount_led_frequent
SYN-CUST-01594,engaged_low_conversion
SYN-CUST-00963,growth_potential
SYN-CUST-01771,engaged_low_conversion
SYN-CUST-02099,discount_led_frequent
SYN-CUST-00057,loyal_high_value
SYN-CUST-00569,high_value_at_risk
SYN-CUST-01578,engaged_low_conversion
SYN-CUST-02275,discount_led_frequent
SYN-CUST-01729,engaged_low_conversion
SYN-CUST-02206,discount_led_frequent
SYN-CUST-02878,dormant_low_value
SYN-CUST-00478,high_value_at_risk
SYN-CUST-00788,high_value_at_risk
SYN-CUST-02530,dormant_low_value
SYN-CUST-00274,loyal_high_value
SYN-CUST-01172,growth_potential
SYN-CUST-02138,discount_led_frequent
SYN-CUST-01726,engaged_low_conversion
SYN-CUST-01862,engaged_low_conversion
SYN-CUST-01999,engaged_low_conversion
SYN-CUST-02173,discount_led_frequent
SYN-CUST-01834,engaged_low_conversion
SYN-CUST-00024,loyal_high_value
SYN-CUST-01131,growth_potential
SYN-CUST-02703,dormant_low_value
SYN-CUST-00151,loyal_high_value
SYN-CUST-02925,dormant_low_value
SYN-CUST-01390,growth_potential
SYN-CUST-00094,loyal_high_value
SYN-CUST-01413,growth_potential
SYN-CUST-01611,engaged_low_conversion
SYN-CUST-00333,loyal_high_value
SYN-CUST-01169,growth_potential
SYN-CUST-01769,engaged_low_conversion
SYN-CUST-00175,loyal_high_value
SYN-CUST-00027,loyal_high_value
SYN-CUST-00752,high_value_at_risk
SYN-CUST-00912,growth_potential
SYN-CUST-00152,loyal_high_value
SYN-CUST-01354,growth_potential
SYN-CUST-00723,high_value_at_risk
SYN-CUST-02964,dormant_low_value
SYN-CUST-02988,dormant_low_value
SYN-CUST-01464,growth_potential
SYN-CUST-02355,discount_led_frequent
SYN-CUST-01906,engaged_low_conversion
SYN-CUST-02678,dormant_low_value
SYN-CUST-02682,dormant_low_value
SYN-CUST-02709,dormant_low_value
SYN-CUST-00447,loyal_high_value
SYN-CUST-01405,growth_potential
SYN-CUST-00078,loyal_high_value
SYN-CUST-02768,dormant_low_value
SYN-CUST-01773,engaged_low_conversion
SYN-CUST-01929,engaged_low_conversion
SYN-CUST-02786,dormant_low_value
SYN-CUST-00590,high_value_at_risk
SYN-CUST-01511,engaged_low_conversion
SYN-CUST-02799,dormant_low_value
SYN-CUST-00466,high_value_at_risk
SYN-CUST-00664,high_value_at_risk
SYN-CUST-01976,engaged_low_conversion
SYN-CUST-00537,high_value_at_risk
SYN-CUST-02569,dormant_low_value
SYN-CUST-01585,engaged_low_conversion
SYN-CUST-01230,growth_potential
SYN-CUST-00058,loyal_high_value
SYN-CUST-00613,high_value_at_risk
SYN-CUST-02522,dormant_low_value
SYN-CUST-00353,loyal_high_value
SYN-CUST-01216,growth_potential
SYN-CUST-01039,growth_potential
SYN-CUST-00155,loyal_high_value
SYN-CUST-00544,high_value_at_risk
SYN-CUST-02191,discount_led_frequent
SYN-CUST-00303,loyal_high_value
SYN-CUST-00087,loyal_high_value
SYN-CUST-00031,loyal_high_value
SYN-CUST-01698,engaged_low_conversion
SYN-CUST-02757,dormant_low_value
SYN-CUST-00986,growth_potential
SYN-CUST-01386,growth_potential
SYN-CUST-01435,growth_potential
SYN-CUST-01051,growth_potential
SYN-CUST-00615,high_value_at_risk
SYN-CUST-00563,high_value_at_risk
SYN-CUST-02317,discount_led_frequent
SYN-CUST-01669,engaged_low_conversion
SYN-CUST-00081,loyal_high_value
SYN-CUST-02225,discount_led_frequent
SYN-CUST-01373,growth_potential
SYN-CUST-01561,engaged_low_conversion
SYN-CUST-00676,high_value_at_risk
SYN-CUST-00977,growth_potential
SYN-CUST-00562,high_value_at_risk
SYN-CUST-01264,growth_potential
SYN-CUST-00290,loyal_high_value
SYN-CUST-00449,loyal_high_value
SYN-CUST-01245,growth_potential
SYN-CUST-00756,high_value_at_risk
SYN-CUST-00870,growth_potential
SYN-CUST-02426,discount_led_frequent
SYN-CUST-01369,growth_potential
SYN-CUST-02171,discount_led_frequent
SYN-CUST-00150,loyal_high_value
SYN-CUST-00436,loyal_high_value
SYN-CUST-01530,engaged_low_conversion
SYN-CUST-01127,growth_potential
SYN-CUST-01711,engaged_low_conversion
SYN-CUST-00880,growth_potential
SYN-CUST-01229,growth_potential
SYN-CUST-01139,growth_potential
SYN-CUST-01517,engaged_low_conversion
SYN-CUST-01344,growth_potential
SYN-CUST-02930,dormant_low_value
SYN-CUST-00985,growth_potential
SYN-CUST-01793,engaged_low_conversion
SYN-CUST-01320,growth_potential
SYN-CUST-02360,discount_led_frequent
SYN-CUST-00208,loyal_high_value
SYN-CUST-00820,high_value_at_risk
SYN-CUST-00425,loyal_high_value
SYN-CUST-01733,engaged_low_conversion
SYN-CUST-02572,dormant_low_value
SYN-CUST-01314,growth_potential
SYN-CUST-02028,discount_led_frequent
SYN-CUST-01195,growth_potential
SYN-CUST-02815,dormant_low_value
SYN-CUST-00095,loyal_high_value
SYN-CUST-02755,dormant_low_value
SYN-CUST-02154,discount_led_frequent
SYN-CUST-01317,growth_potential
SYN-CUST-01343,growth_potential
SYN-CUST-02566,dormant_low_value
SYN-CUST-02882,dormant_low_value
SYN-CUST-00699,high_value_at_risk
SYN-CUST-02979,dormant_low_value
SYN-CUST-02760,dormant_low_value
SYN-CUST-00868,growth_potential
SYN-CUST-00972,growth_potential
SYN-CUST-00507,high_value_at_risk
SYN-CUST-01067,growth_potential
SYN-CUST-01519,engaged_low_conversion
SYN-CUST-01542,engaged_low_conversion
SYN-CUST-00297,loyal_high_value
SYN-CUST-00816,high_value_at_risk
SYN-CUST-01734,engaged_low_conversion
SYN-CUST-01730,engaged_low_conversion
SYN-CUST-02371,discount_led_frequent
SYN-CUST-01218,growth_potential
SYN-CUST-01021,growth_potential
SYN-CUST-01184,growth_potential
SYN-CUST-02179,discount_led_frequent
SYN-CUST-02884,dormant_low_value
SYN-CUST-02781,dormant_low_value
SYN-CUST-02796,dormant_low_value
SYN-CUST-02837,dormant_low_value
SYN-CUST-00256,loyal_high_value
SYN-CUST-00066,loyal_high_value
SYN-CUST-02161,discount_led_frequent
SYN-CUST-01017,growth_potential
SYN-CUST-01848,engaged_low_conversion
SYN-CUST-02081,discount_led_frequent
SYN-CUST-01985,engaged_low_conversion
SYN-CUST-02830,dormant_low_value
SYN-CUST-00294,loyal_high_value
SYN-CUST-01757,engaged_low_conversion
SYN-CUST-01467,growth_potential
SYN-CUST-01776,engaged_low_conversion
SYN-CUST-01205,growth_potential
SYN-CUST-00902,growth_potential
SYN-CUST-01818,engaged_low_conversion
SYN-CUST-02051,discount_led_frequent
SYN-CUST-02612,dormant_low_value
SYN-CUST-01859,engaged_low_conversion
SYN-CUST-00703,high_value_at_risk
SYN-CUST-02631,dormant_low_value
SYN-CUST-01107,growth_potential
SYN-CUST-00641,high_value_at_risk
SYN-CUST-00885,growth_potential
SYN-CUST-02574,dormant_low_value
SYN-CUST-00275,loyal_high_value
SYN-CUST-02359,discount_led_frequent
SYN-CUST-00392,loyal_high_value
SYN-CUST-01950,engaged_low_conversion
SYN-CUST-01224,growth_potential
SYN-CUST-00236,loyal_high_value
SYN-CUST-01260,growth_potential
SYN-CUST-02095,discount_led_frequent
SYN-CUST-00276,loyal_high_value
SYN-CUST-00404,loyal_high_value
SYN-CUST-02641,dormant_low_value
SYN-CUST-00559,high_value_at_risk
SYN-CUST-01135,growth_potential
SYN-CUST-02700,dormant_low_value
SYN-CUST-01252,growth_potential
SYN-CUST-01122,growth_potential
SYN-CUST-00523,high_value_at_risk
SYN-CUST-00019,loyal_high_value
SYN-CUST-00369,loyal_high_value
SYN-CUST-00606,high_value_at_risk
SYN-CUST-02278,discount_led_frequent
SYN-CUST-01466,growth_potential
SYN-CUST-01933,engaged_low_conversion
SYN-CUST-02794,dormant_low_value
SYN-CUST-00258,loyal_high_value
SYN-CUST-02485,dormant_low_value
SYN-CUST-01840,engaged_low_conversion
SYN-CUST-00725,high_value_at_risk
SYN-CUST-01719,engaged_low_conversion
SYN-CUST-02259,discount_led_frequent
SYN-CUST-01199,growth_potential
SYN-CUST-01738,engaged_low_conversion
SYN-CUST-01044,growth_potential
SYN-CUST-02914,dormant_low_value
SYN-CUST-01244,growth_potential
SYN-CUST-00362,loyal_high_value
SYN-CUST-01037,growth_potential
SYN-CUST-00160,loyal_high_value
SYN-CUST-01420,growth_potential
SYN-CUST-02669,dormant_low_value
SYN-CUST-02097,discount_led_frequent
SYN-CUST-01967,engaged_low_conversion
SYN-CUST-00272,loyal_high_value
SYN-CUST-01196,growth_potential
SYN-CUST-01450,growth_potential
SYN-CUST-02438,discount_led_frequent
SYN-CUST-01924,engaged_low_conversion
SYN-CUST-02447,dormant_low_value
SYN-CUST-02605,dormant_low_value
SYN-CUST-02890,dormant_low_value
SYN-CUST-02147,discount_led_frequent
SYN-CUST-00726,high_value_at_risk
SYN-CUST-02540,dormant_low_value
SYN-CUST-01642,engaged_low_conversion
SYN-CUST-00824,high_value_at_risk
SYN-CUST-00706,high_value_at_risk
SYN-CUST-02430,discount_led_frequent
SYN-CUST-02679,dormant_low_value
SYN-CUST-01598,engaged_low_conversion
SYN-CUST-02419,discount_led_frequent
SYN-CUST-00332,loyal_high_value
SYN-CUST-00545,high_value_at_risk
SYN-CUST-02511,dormant_low_value
SYN-CUST-00378,loyal_high_value
SYN-CUST-01763,engaged_low_conversion
SYN-CUST-00215,loyal_high_value
SYN-CUST-02970,dormant_low_value
SYN-CUST-00603,high_value_at_risk
SYN-CUST-02687,dormant_low_value
SYN-CUST-01830,engaged_low_conversion
SYN-CUST-00761,high_value_at_risk
SYN-CUST-02625,dormant_low_value
SYN-CUST-02535,dormant_low_value
SYN-CUST-00482,high_value_at_risk
SYN-CUST-02831,dormant_low_value
SYN-CUST-01123,growth_potential
SYN-CUST-02002,engaged_low_conversion
SYN-CUST-01046,growth_potential
SYN-CUST-01460,growth_potential
SYN-CUST-02666,dormant_low_value
SYN-CUST-00852,growth_potential
SYN-CUST-00174,loyal_high_value
SYN-CUST-01627,engaged_low_conversion
SYN-CUST-02575,dormant_low_value
SYN-CUST-01398,growth_potential
SYN-CUST-01212,growth_potential
SYN-CUST-00464,high_value_at_risk
SYN-CUST-01073,growth_potential
SYN-CUST-00088,loyal_high_value
SYN-CUST-01087,growth_potential
SYN-CUST-02289,discount_led_frequent
SYN-CUST-02434,discount_led_frequent
SYN-CUST-00345,loyal_high_value
SYN-CUST-02038,discount_led_frequent
SYN-CUST-00196,loyal_high_value
SYN-CUST-02090,discount_led_frequent
SYN-CUST-01705,engaged_low_conversion
SYN-CUST-00733,high_value_at_risk
SYN-CUST-00426,loyal_high_value
SYN-CUST-02197,discount_led_frequent
SYN-CUST-01832,engaged_low_conversion
SYN-CUST-02478,dormant_low_value
SYN-CUST-02230,discount_led_frequent
SYN-CUST-00934,growth_potential
SYN-CUST-02113,discount_led_frequent
SYN-CUST-01474,growth_potential
SYN-CUST-02120,discount_led_frequent
SYN-CUST-01198,growth_potential
SYN-CUST-02195,discount_led_frequent
SYN-CUST-02039,discount_led_frequent
SYN-CUST-01238,growth_potential
SYN-CUST-01239,growth_potential
SYN-CUST-00929,growth_potential
SYN-CUST-01849,engaged_low_conversion
SYN-CUST-02200,discount_led_frequent
SYN-CUST-01194,growth_potential
SYN-CUST-02563,dormant_low_value
SYN-CUST-00417,loyal_high_value
SYN-CUST-01335,growth_potential
SYN-CUST-00907,growth_potential
SYN-CUST-01515,engaged_low_conversion
SYN-CUST-02754,dormant_low_value
SYN-CUST-01476,growth_potential
SYN-CUST-01070,growth_potential
SYN-CUST-00634,high_value_at_risk
SYN-CUST-02889,dormant_low_value
SYN-CUST-01074,growth_potential
SYN-CUST-01426,growth_potential
SYN-CUST-01487,engaged_low_conversion
SYN-CUST-02115,discount_led_frequent
SYN-CUST-01895,engaged_low_conversion
SYN-CUST-00383,loyal_high_value
SYN-CUST-01736,engaged_low_conversion
SYN-CUST-00955,growth_potential
SYN-CUST-01453,growth_potential
SYN-CUST-02072,discount_led_frequent
SYN-CUST-00432,loyal_high_value
SYN-CUST-01068,growth_potential
SYN-CUST-01032,growth_potential
SYN-CUST-00663,high_value_at_risk
SYN-CUST-00341,loyal_high_value
SYN-CUST-00694,high_value_at_risk
SYN-CUST-01495,engaged_low_conversion
SYN-CUST-01959,engaged_low_conversion
SYN-CUST-02128,discount_led_frequent
SYN-CUST-00918,growth_potential
SYN-CUST-02829,dormant_low_value
SYN-CUST-01058,growth_potential
SYN-CUST-01041,growth_potential
SYN-CUST-00268,loyal_high_value
SYN-CUST-02482,dormant_low_value
SYN-CUST-02075,discount_led_frequent
SYN-CUST-00366,loyal_high_value
SYN-CUST-01029,growth_potential
SYN-CUST-00164,loyal_high_value
SYN-CUST-00045,loyal_high_value
SYN-CUST-00460,high_value_at_risk
SYN-CUST-01652,engaged_low_conversion
SYN-CUST-01055,growth_potential
SYN-CUST-00063,loyal_high_value
SYN-CUST-00777,high_value_at_risk
SYN-CUST-01454,growth_potential
SYN-CUST-01136,growth_potential
SYN-CUST-00410,loyal_high_value
SYN-CUST-00908,growth_potential
SYN-CUST-00050,loyal_high_value
SYN-CUST-02773,dormant_low_value
SYN-CUST-02714,dormant_low_value
SYN-CUST-02732,dormant_low_value
SYN-CUST-00444,loyal_high_value
SYN-CUST-00132,loyal_high_value
SYN-CUST-01940,engaged_low_conversion
SYN-CUST-01403,growth_potential
SYN-CUST-02762,dormant_low_value
SYN-CUST-01266,growth_potential
SYN-CUST-01001,growth_potential
SYN-CUST-01943,engaged_low_conversion
SYN-CUST-00257,loyal_high_value
SYN-CUST-02827,dormant_low_value
SYN-CUST-00960,growth_potential
SYN-CUST-00829,growth_potential
SYN-CUST-00576,high_value_at_risk
SYN-CUST-02205,discount_led_frequent
SYN-CUST-01916,engaged_low_conversion
SYN-CUST-02321,discount_led_frequent
SYN-CUST-00394,loyal_high_value
SYN-CUST-00041,loyal_high_value
SYN-CUST-01367,growth_potential
SYN-CUST-00468,high_value_at_risk
SYN-CUST-00462,high_value_at_risk
SYN-CUST-02400,discount_led_frequent
SYN-CUST-02406,discount_led_frequent
SYN-CUST-00536,high_value_at_risk
SYN-CUST-00313,loyal_high_value
SYN-CUST-02338,discount_led_frequent
SYN-CUST-00865,growth_potential
SYN-CUST-02241,discount_led_frequent
SYN-CUST-00919,growth_potential
SYN-CUST-01564,engaged_low_conversion
SYN-CUST-00561,high_value_at_risk
SYN-CUST-01937,engaged_low_conversion
SYN-CUST-00252,loyal_high_value
SYN-CUST-01588,engaged_low_conversion
SYN-CUST-02011,engaged_low_conversion
SYN-CUST-01034,growth_potential
SYN-CUST-00705,high_value_at_risk
SYN-CUST-02425,discount_led_frequent
SYN-CUST-01647,engaged_low_conversion
SYN-CUST-01499,engaged_low_conversion
SYN-CUST-01783,engaged_low_conversion
SYN-CUST-00105,loyal_high_value
SYN-CUST-00598,high_value_at_risk
SYN-CUST-01961,engaged_low_conversion
SYN-CUST-02937,dormant_low_value
SYN-CUST-02858,dormant_low_value
SYN-CUST-00317,loyal_high_value
SYN-CUST-01825,engaged_low_conversion
SYN-CUST-02832,dormant_low_value
SYN-CUST-00465,high_value_at_risk
SYN-CUST-00617,high_value_at_risk
SYN-CUST-01271,growth_potential
SYN-CUST-02940,dormant_low_value
SYN-CUST-00239,loyal_high_value
SYN-CUST-00051,loyal_high_value
SYN-CUST-02784,dormant_low_value
SYN-CUST-00457,high_value_at_risk
SYN-CUST-00453,loyal_high_value
SYN-CUST-00385,loyal_high_value
SYN-CUST-00218,loyal_high_value
SYN-CUST-00284,loyal_high_value
SYN-CUST-00348,loyal_high_value
SYN-CUST-02737,dormant_low_value
SYN-CUST-01683,engaged_low_conversion
SYN-CUST-02887,dormant_low_value
SYN-CUST-01456,growth_potential
SYN-CUST-01866,engaged_low_conversion
SYN-CUST-02911,dormant_low_value
SYN-CUST-02860,dormant_low_value
SYN-CUST-00881,growth_potential
SYN-CUST-01737,engaged_low_conversion
SYN-CUST-00188,loyal_high_value
SYN-CUST-01960,engaged_low_conversion
SYN-CUST-02035,discount_led_frequent
SYN-CUST-01970,engaged_low_conversion
SYN-CUST-01509,engaged_low_conversion
SYN-CUST-00008,loyal_high_value
SYN-CUST-00762,high_value_at_risk
SYN-CUST-00813,high_value_at_risk
SYN-CUST-02294,discount_led_frequent
SYN-CUST-00325,loyal_high_value
SYN-CUST-00533,high_value_at_risk
SYN-CUST-02149,discount_led_frequent
SYN-CUST-00786,high_value_at_risk
SYN-CUST-02975,dormant_low_value
SYN-CUST-00738,high_value_at_risk
SYN-CUST-02655,dormant_low_value
SYN-CUST-01807,engaged_low_conversion
SYN-CUST-00539,high_value_at_risk
SYN-CUST-00230,loyal_high_value
SYN-CUST-00077,loyal_high_value
SYN-CUST-02521,dormant_low_value
SYN-CUST-01263,growth_potential
SYN-CUST-00364,loyal_high_value
SYN-CUST-01692,engaged_low_conversion
SYN-CUST-00951,growth_potential
SYN-CUST-00237,loyal_high_value
SYN-CUST-00015,loyal_high_value
SYN-CUST-01600,engaged_low_conversion
SYN-CUST-01124,growth_potential
SYN-CUST-02037,discount_led_frequent
SYN-CUST-02793,dormant_low_value
SYN-CUST-00115,loyal_high_value
SYN-CUST-02345,discount_led_frequent
SYN-CUST-02296,discount_led_frequent
SYN-CUST-02880,dormant_low_value
SYN-CUST-01166,growth_potential
SYN-CUST-00213,loyal_high_value
SYN-CUST-00047,loyal_high_value
SYN-CUST-01605,engaged_low_conversion
SYN-CUST-02209,discount_led_frequent
SYN-CUST-00983,growth_potential
SYN-CUST-02280,discount_led_frequent
SYN-CUST-00913,growth_potential
SYN-CUST-00580,high_value_at_risk
SYN-CUST-02176,discount_led_frequent
SYN-CUST-02277,discount_led_frequent
SYN-CUST-02547,dormant_low_value
SYN-CUST-01023,growth_potential
SYN-CUST-02070,discount_led_frequent
SYN-CUST-00226,loyal_high_value
SYN-CUST-00769,high_value_at_risk
SYN-CUST-02624,dormant_low_value
SYN-CUST-01193,growth_potential
SYN-CUST-01035,growth_potential
SYN-CUST-00240,loyal_high_value
SYN-CUST-02868,dormant_low_value
SYN-CUST-01407,growth_potential
SYN-CUST-00349,loyal_high_value
SYN-CUST-02626,dormant_low_value
SYN-CUST-00998,growth_potential
SYN-CUST-00357,loyal_high_value
SYN-CUST-00411,loyal_high_value
SYN-CUST-02236,discount_led_frequent
SYN-CUST-01724,engaged_low_conversion
SYN-CUST-00903,growth_potential
SYN-CUST-02589,dormant_low_value
SYN-CUST-01092,growth_potential
SYN-CUST-01496,engaged_low_conversion
SYN-CUST-01532,engaged_low_conversion
SYN-CUST-01272,growth_potential
SYN-CUST-01348,growth_potential
SYN-CUST-02108,discount_led_frequent
SYN-CUST-02881,dormant_low_value
SYN-CUST-01863,engaged_low_conversion
SYN-CUST-00729,high_value_at_risk
SYN-CUST-00365,loyal_high_value
SYN-CUST-02158,discount_led_frequent
SYN-CUST-00731,high_value_at_risk
SYN-CUST-00957,growth_potential
SYN-CUST-01732,engaged_low_conversion
SYN-CUST-00337,loyal_high_value
SYN-CUST-00535,high_value_at_risk
SYN-CUST-01785,engaged_low_conversion
SYN-CUST-01066,growth_potential
SYN-CUST-01938,engaged_low_conversion
SYN-CUST-01740,engaged_low_conversion
SYN-CUST-00628,high_value_at_risk
SYN-CUST-01421,growth_potential
SYN-CUST-01658,engaged_low_conversion
SYN-CUST-00283,loyal_high_value
SYN-CUST-02096,discount_led_frequent
SYN-CUST-00407,loyal_high_value
SYN-CUST-01634,engaged_low_conversion
SYN-CUST-01365,growth_potential
SYN-CUST-02593,dormant_low_value
SYN-CUST-01045,growth_potential
SYN-CUST-02374,discount_led_frequent
SYN-CUST-01687,engaged_low_conversion
SYN-CUST-00493,high_value_at_risk
SYN-CUST-02014,engaged_low_conversion
SYN-CUST-01660,engaged_low_conversion
SYN-CUST-00638,high_value_at_risk
SYN-CUST-02825,dormant_low_value
SYN-CUST-02902,dormant_low_value
SYN-CUST-00361,loyal_high_value
SYN-CUST-00214,loyal_high_value
SYN-CUST-00640,high_value_at_risk
SYN-CUST-02160,discount_led_frequent
SYN-CUST-02909,dormant_low_value
SYN-CUST-01236,growth_potential
SYN-CUST-01754,engaged_low_conversion
SYN-CUST-00675,high_value_at_risk
SYN-CUST-02836,dormant_low_value
SYN-CUST-02151,discount_led_frequent
SYN-CUST-00305,loyal_high_value
SYN-CUST-02451,dormant_low_value
SYN-CUST-00990,growth_potential
SYN-CUST-01897,engaged_low_conversion
SYN-CUST-01971,engaged_low_conversion
SYN-CUST-01590,engaged_low_conversion
SYN-CUST-01188,growth_potential
SYN-CUST-01477,growth_potential
SYN-CUST-00560,high_value_at_risk
SYN-CUST-01096,growth_potential
SYN-CUST-01312,growth_potential
SYN-CUST-00133,loyal_high_value
SYN-CUST-00079,loyal_high_value
SYN-CUST-02527,dormant_low_value
SYN-CUST-02130,discount_led_frequent
SYN-CUST-01225,growth_potential
SYN-CUST-01356,growth_potential
SYN-CUST-00677,high_value_at_risk
SYN-CUST-00319,loyal_high_value
SYN-CUST-01708,engaged_low_conversion
SYN-CUST-02621,dormant_low_value
SYN-CUST-02739,dormant_low_value
SYN-CUST-01964,engaged_low_conversion
SYN-CUST-00552,high_value_at_risk
SYN-CUST-01602,engaged_low_conversion
SYN-CUST-02972,dormant_low_value
SYN-CUST-01955,engaged_low_conversion
SYN-CUST-01167,growth_potential
SYN-CUST-01472,growth_potential
SYN-CUST-00827,growth_potential
SYN-CUST-00910,growth_potential
SYN-CUST-02877,dormant_low_value
SYN-CUST-02414,discount_led_frequent
SYN-CUST-00496,high_value_at_risk
SYN-CUST-00298,loyal_high_value
SYN-CUST-00143,loyal_high_value
SYN-CUST-00961,growth_potential
SYN-CUST-00538,high_value_at_risk
SYN-CUST-00605,high_value_at_risk
SYN-CUST-02684,dormant_low_value
SYN-CUST-01582,engaged_low_conversion
SYN-CUST-02007,engaged_low_conversion
SYN-CUST-02654,dormant_low_value
SYN-CUST-00314,loyal_high_value
SYN-CUST-00282,loyal_high_value
SYN-CUST-00940,growth_potential
SYN-CUST-02101,discount_led_frequent
SYN-CUST-01276,growth_potential
SYN-CUST-01531,engaged_low_conversion
SYN-CUST-02178,discount_led_frequent
SYN-CUST-01753,engaged_low_conversion
SYN-CUST-01900,engaged_low_conversion
SYN-CUST-00335,loyal_high_value
SYN-CUST-01618,engaged_low_conversion
SYN-CUST-01325,growth_potential
SYN-CUST-00635,high_value_at_risk
SYN-CUST-01625,engaged_low_conversion
SYN-CUST-00055,loyal_high_value
SYN-CUST-01524,engaged_low_conversion
SYN-CUST-01290,growth_potential
SYN-CUST-01841,engaged_low_conversion
SYN-CUST-01061,growth_potential
SYN-CUST-02594,dormant_low_value
SYN-CUST-02361,discount_led_frequent
SYN-CUST-01101,growth_potential
SYN-CUST-00316,loyal_high_value
SYN-CUST-01839,engaged_low_conversion
SYN-CUST-00324,loyal_high_value
SYN-CUST-00653,high_value_at_risk
SYN-CUST-00860,growth_potential
SYN-CUST-02413,discount_led_frequent
SYN-CUST-00403,loyal_high_value
SYN-CUST-00642,high_value_at_risk
SYN-CUST-02021,discount_led_frequent
SYN-CUST-01993,engaged_low_conversion
SYN-CUST-01211,growth_potential
SYN-CUST-02523,dormant_low_value
SYN-CUST-02962,dormant_low_value
SYN-CUST-02885,dormant_low_value
SYN-CUST-00735,high_value_at_risk
SYN-CUST-01968,engaged_low_conversion
SYN-CUST-02207,discount_led_frequent
SYN-CUST-02418,discount_led_frequent
SYN-CUST-00169,loyal_high_value
SYN-CUST-00347,loyal_high_value
SYN-CUST-02620,dormant_low_value
SYN-CUST-02692,dormant_low_value
SYN-CUST-01449,growth_potential
SYN-CUST-00039,loyal_high_value
SYN-CUST-02588,dormant_low_value
SYN-CUST-01284,growth_potential
SYN-CUST-00233,loyal_high_value
SYN-CUST-02696,dormant_low_value
SYN-CUST-00942,growth_potential
SYN-CUST-02133,discount_led_frequent
SYN-CUST-01814,engaged_low_conversion
SYN-CUST-02386,discount_led_frequent
SYN-CUST-00471,high_value_at_risk
SYN-CUST-01808,engaged_low_conversion
SYN-CUST-00553,high_value_at_risk
SYN-CUST-02627,dormant_low_value
SYN-CUST-01130,growth_potential
SYN-CUST-00402,loyal_high_value
SYN-CUST-02622,dormant_low_value
SYN-CUST-01175,growth_potential
SYN-CUST-00165,loyal_high_value
SYN-CUST-01662,engaged_low_conversion
SYN-CUST-00508,high_value_at_risk
SYN-CUST-01796,engaged_low_conversion
SYN-CUST-02888,dormant_low_value
SYN-CUST-00248,loyal_high_value
SYN-CUST-02701,dormant_low_value
SYN-CUST-01633,engaged_low_conversion
SYN-CUST-00755,high_value_at_risk
SYN-CUST-01392,growth_potential
SYN-CUST-01562,engaged_low_conversion
SYN-CUST-01996,engaged_low_conversion
SYN-CUST-01249,growth_potential
SYN-CUST-00189,loyal_high_value
SYN-CUST-00223,loyal_high_value
SYN-CUST-00586,high_value_at_risk
SYN-CUST-00075,loyal_high_value
SYN-CUST-01077,growth_potential
SYN-CUST-00815,high_value_at_risk
SYN-CUST-02424,discount_led_frequent
SYN-CUST-00287,loyal_high_value
SYN-CUST-02981,dormant_low_value
SYN-CUST-00799,high_value_at_risk
SYN-CUST-02023,discount_led_frequent
SYN-CUST-00178,loyal_high_value
SYN-CUST-00412,loyal_high_value
SYN-CUST-01465,growth_potential
SYN-CUST-00429,loyal_high_value
SYN-CUST-02470,dormant_low_value
SYN-CUST-00863,growth_potential
SYN-CUST-02776,dormant_low_value
SYN-CUST-00202,loyal_high_value
SYN-CUST-00488,high_value_at_risk
SYN-CUST-01563,engaged_low_conversion
SYN-CUST-02273,discount_led_frequent
SYN-CUST-01187,growth_potential
SYN-CUST-02027,discount_led_frequent
SYN-CUST-01257,growth_potential
SYN-CUST-02303,discount_led_frequent
SYN-CUST-01646,engaged_low_conversion
SYN-CUST-00060,loyal_high_value
SYN-CUST-02122,discount_led_frequent
SYN-CUST-01308,growth_potential
SYN-CUST-00001,loyal_high_value
SYN-CUST-01294,growth_potential
SYN-CUST-02694,dormant_low_value
SYN-CUST-02900,dormant_low_value
SYN-CUST-02949,dormant_low_value
SYN-CUST-02055,discount_led_frequent
SYN-CUST-00704,high_value_at_risk
SYN-CUST-02745,dormant_low_value
SYN-CUST-02872,dormant_low_value
SYN-CUST-02215,discount_led_frequent
SYN-CUST-01149,growth_potential
SYN-CUST-00593,high_value_at_risk
SYN-CUST-02651,dormant_low_value
SYN-CUST-02528,dormant_low_value
SYN-CUST-02767,dormant_low_value
SYN-CUST-00107,loyal_high_value
SYN-CUST-00966,growth_potential
SYN-CUST-01223,growth_potential
SYN-CUST-01394,growth_potential
SYN-CUST-01890,engaged_low_conversion
SYN-CUST-02994,dormant_low_value
SYN-CUST-01852,engaged_low_conversion
SYN-CUST-02143,discount_led_frequent
SYN-CUST-01932,engaged_low_conversion
SYN-CUST-02382,discount_led_frequent
SYN-CUST-00228,loyal_high_value
SYN-CUST-01016,growth_potential
SYN-CUST-00720,high_value_at_risk
SYN-CUST-02585,dormant_low_value
SYN-CUST-00975,growth_potential
SYN-CUST-00354,loyal_high_value
SYN-CUST-02031,discount_led_frequent
SYN-CUST-00032,loyal_high_value
SYN-CUST-01374,growth_potential
SYN-CUST-01569,engaged_low_conversion
SYN-CUST-00161,loyal_high_value
SYN-CUST-02033,discount_led_frequent
SYN-CUST-00519,high_value_at_risk
SYN-CUST-01694,engaged_low_conversion
SYN-CUST-01293,growth_potential
SYN-CUST-01401,growth_potential
SYN-CUST-02189,discount_led_frequent
SYN-CUST-00790,high_value_at_risk
SYN-CUST-00459,high_value_at_risk
SYN-CUST-00583,high_value_at_risk
SYN-CUST-02367,discount_led_frequent
SYN-CUST-00894,growth_potential
SYN-CUST-00510,high_value_at_risk
SYN-CUST-01129,growth_potential
SYN-CUST-02013,engaged_low_conversion
SYN-CUST-01780,engaged_low_conversion
SYN-CUST-00224,loyal_high_value
SYN-CUST-00971,growth_potential
SYN-CUST-00277,loyal_high_value
SYN-CUST-01268,growth_potential
SYN-CUST-02476,dormant_low_value
SYN-CUST-01572,engaged_low_conversion
SYN-CUST-02677,dormant_low_value
SYN-CUST-00710,high_value_at_risk
SYN-CUST-01316,growth_potential
SYN-CUST-01628,engaged_low_conversion
SYN-CUST-00565,high_value_at_risk
SYN-CUST-01253,growth_potential
SYN-CUST-01843,engaged_low_conversion
SYN-CUST-00938,growth_potential
SYN-CUST-00749,high_value_at_risk
SYN-CUST-00481,high_value_at_risk
SYN-CUST-00839,growth_potential
SYN-CUST-02993,dormant_low_value
SYN-CUST-01226,growth_potential
SYN-CUST-02976,dormant_low_value
SYN-CUST-00092,loyal_high_value
SYN-CUST-01200,growth_potential
SYN-CUST-01553,engaged_low_conversion
SYN-CUST-01498,engaged_low_conversion
SYN-CUST-00263,loyal_high_value
SYN-CUST-00372,loyal_high_value
SYN-CUST-01829,engaged_low_conversion
SYN-CUST-00542,high_value_at_risk
SYN-CUST-02954,dormant_low_value
SYN-CUST-00783,high_value_at_risk
SYN-CUST-02735,dormant_low_value
SYN-CUST-02609,dormant_low_value
SYN-CUST-02950,dormant_low_value
SYN-CUST-02957,dormant_low_value
SYN-CUST-01445,growth_potential
SYN-CUST-02281,discount_led_frequent
SYN-CUST-02163,discount_led_frequent
SYN-CUST-02219,discount_led_frequent
SYN-CUST-01601,engaged_low_conversion
SYN-CUST-02302,discount_led_frequent
SYN-CUST-01442,growth_potential
SYN-CUST-02053,discount_led_frequent
SYN-CUST-00850,growth_potential
SYN-CUST-00328,loyal_high_value
SYN-CUST-02688,dormant_low_value
SYN-CUST-02992,dormant_low_value
SYN-CUST-02353,discount_led_frequent
SYN-CUST-02973,dormant_low_value
SYN-CUST-01957,engaged_low_conversion
SYN-CUST-00670,high_value_at_risk
SYN-CUST-02024,discount_led_frequent
SYN-CUST-01250,growth_potential
SYN-CUST-01108,growth_potential
SYN-CUST-02846,dormant_low_value
SYN-CUST-00097,loyal_high_value
SYN-CUST-02436,discount_led_frequent
SYN-CUST-00999,growth_potential
SYN-CUST-01419,growth_potential
SYN-CUST-01704,engaged_low_conversion
SYN-CUST-02611,dormant_low_value
SYN-CUST-00469,high_value_at_risk
SYN-CUST-01887,engaged_low_conversion
SYN-CUST-02935,dormant_low_value
SYN-CUST-02139,discount_led_frequent
SYN-CUST-02990,dormant_low_value
SYN-CUST-02318,discount_led_frequent
SYN-CUST-00736,high_value_at_risk
SYN-CUST-02313,discount_led_frequent
SYN-CUST-02630,dormant_low_value
SYN-CUST-01760,engaged_low_conversion
SYN-CUST-01459,growth_potential
SYN-CUST-02083,discount_led_frequent
SYN-CUST-01747,engaged_low_conversion
SYN-CUST-02402,discount_led_frequent
SYN-CUST-00742,high_value_at_risk
SYN-CUST-01884,engaged_low_conversion
SYN-CUST-00172,loyal_high_value
SYN-CUST-00555,high_value_at_risk
SYN-CUST-00089,loyal_high_value
SYN-CUST-01118,growth_potential
SYN-CUST-02044,discount_led_frequent
SYN-CUST-02835,dormant_low_value
SYN-CUST-01727,engaged_low_conversion
SYN-CUST-01151,growth_potential
SYN-CUST-01463,growth_potential
SYN-CUST-02500,dormant_low_value
SYN-CUST-02894,dormant_low_value
SYN-CUST-01251,growth_potential
SYN-CUST-00779,high_value_at_risk
SYN-CUST-01857,engaged_low_conversion
SYN-CUST-02199,discount_led_frequent
SYN-CUST-02392,discount_led_frequent
SYN-CUST-02156,discount_led_frequent
SYN-CUST-00259,loyal_high_value
SYN-CUST-00935,growth_potential
SYN-CUST-00661,high_value_at_risk
SYN-CUST-00052,loyal_high_value
SYN-CUST-01755,engaged_low_conversion
SYN-CUST-00557,high_value_at_risk
SYN-CUST-00309,loyal_high_value
SYN-CUST-00210,loyal_high_value
SYN-CUST-00034,loyal_high_value
SYN-CUST-00415,loyal_high_value
SYN-CUST-00363,loyal_high_value
SYN-CUST-01470,growth_potential
SYN-CUST-02602,dormant_low_value
SYN-CUST-00028,loyal_high_value
SYN-CUST-02689,dormant_low_value
SYN-CUST-02155,discount_led_frequent
SYN-CUST-02069,discount_led_frequent
SYN-CUST-00069,loyal_high_value
SYN-CUST-02819,dormant_low_value
SYN-CUST-01287,growth_potential
SYN-CUST-01121,growth_potential
SYN-CUST-01231,growth_potential
SYN-CUST-02196,discount_led_frequent
SYN-CUST-01359,growth_potential
SYN-CUST-01770,engaged_low_conversion
SYN-CUST-00183,loyal_high_value
SYN-CUST-00647,high_value_at_risk
SYN-CUST-00669,high_value_at_risk
SYN-CUST-01291,growth_potential
SYN-CUST-00914,growth_potential
SYN-CUST-00845,growth_potential
SYN-CUST-01015,growth_potential
SYN-CUST-01512,engaged_low_conversion
SYN-CUST-00629,high_value_at_risk
SYN-CUST-01400,growth_potential
SYN-CUST-01080,growth_potential
SYN-CUST-00182,loyal_high_value
SYN-CUST-01877,engaged_low_conversion
SYN-CUST-00076,loyal_high_value
SYN-CUST-01114,growth_potential
SYN-CUST-02968,dormant_low_value
SYN-CUST-00941,growth_potential
SYN-CUST-01717,engaged_low_conversion
SYN-CUST-02592,dormant_low_value
SYN-CUST-00572,high_value_at_risk
SYN-CUST-02180,discount_led_frequent
SYN-CUST-01433,growth_potential
SYN-CUST-00186,loyal_high_value
SYN-CUST-02763,dormant_low_value
SYN-CUST-02445,discount_led_frequent
SYN-CUST-01404,growth_potential
SYN-CUST-00867,growth_potential
SYN-CUST-02295,discount_led_frequent
SYN-CUST-01486,engaged_low_conversion
SYN-CUST-02727,dormant_low_value
SYN-CUST-01259,growth_potential
SYN-CUST-01888,engaged_low_conversion
SYN-CUST-00207,loyal_high_value
SYN-CUST-00389,loyal_high_value
SYN-CUST-00959,growth_potential
SYN-CUST-02904,dormant_low_value
SYN-CUST-02005,engaged_low_conversion
SYN-CUST-02267,discount_led_frequent
SYN-CUST-01655,engaged_low_conversion
SYN-CUST-02210,discount_led_frequent
SYN-CUST-01989,engaged_low_conversion
SYN-CUST-02228,discount_led_frequent
SYN-CUST-01309,growth_potential
SYN-CUST-01182,growth_potential
SYN-CUST-01568,engaged_low_conversion
SYN-CUST-02941,dormant_low_value
SYN-CUST-00622,high_value_at_risk
SYN-CUST-01298,growth_potential
SYN-CUST-01860,engaged_low_conversion
SYN-CUST-02306,discount_led_frequent
SYN-CUST-00326,loyal_high_value
SYN-CUST-02237,discount_led_frequent
SYN-CUST-01430,growth_potential
SYN-CUST-00506,high_value_at_risk
SYN-CUST-02427,discount_led_frequent
SYN-CUST-01697,engaged_low_conversion
SYN-CUST-00623,high_value_at_risk
SYN-CUST-00373,loyal_high_value
SYN-CUST-02372,discount_led_frequent
SYN-CUST-02260,discount_led_frequent
SYN-CUST-02761,dormant_low_value
SYN-CUST-00439,loyal_high_value
SYN-CUST-01962,engaged_low_conversion
SYN-CUST-00861,growth_potential
SYN-CUST-01788,engaged_low_conversion
SYN-CUST-02623,dormant_low_value
SYN-CUST-00857,growth_potential
SYN-CUST-01699,engaged_low_conversion
SYN-CUST-02145,discount_led_frequent
SYN-CUST-00128,loyal_high_value
SYN-CUST-01102,growth_potential
SYN-CUST-02287,discount_led_frequent
SYN-CUST-01128,growth_potential
SYN-CUST-01632,engaged_low_conversion
SYN-CUST-02449,dormant_low_value
SYN-CUST-02429,discount_led_frequent
SYN-CUST-00279,loyal_high_value
SYN-CUST-02030,discount_led_frequent
SYN-CUST-01036,growth_potential
SYN-CUST-02326,discount_led_frequent
SYN-CUST-02518,dormant_low_value
SYN-CUST-01012,growth_potential
SYN-CUST-01134,growth_potential
SYN-CUST-01805,engaged_low_conversion
SYN-CUST-01685,engaged_low_conversion
SYN-CUST-01670,engaged_low_conversion
SYN-CUST-01789,engaged_low_conversion
SYN-CUST-01081,growth_potential
SYN-CUST-00288,loyal_high_value
SYN-CUST-00787,high_value_at_risk
SYN-CUST-00371,loyal_high_value
SYN-CUST-02377,discount_led_frequent
SYN-CUST-01653,engaged_low_conversion
SYN-CUST-01882,engaged_low_conversion
SYN-CUST-00627,high_value_at_risk
SYN-CUST-02876,dormant_low_value
SYN-CUST-02695,dormant_low_value
SYN-CUST-02608,dormant_low_value
SYN-CUST-02728,dormant_low_value
SYN-CUST-02797,dormant_low_value
SYN-CUST-02458,dormant_low_value
SYN-CUST-02272,discount_led_frequent
SYN-CUST-01384,growth_potential
SYN-CUST-00548,high_value_at_risk
SYN-CUST-00763,high_value_at_risk
SYN-CUST-00645,high_value_at_risk
SYN-CUST-01030,growth_potential
SYN-CUST-01319,growth_potential
SYN-CUST-00512,high_value_at_risk
SYN-CUST-02759,dormant_low_value
SYN-CUST-00620,high_value_at_risk
SYN-CUST-00456,high_value_at_risk
SYN-CUST-01147,growth_potential
SYN-CUST-02590,dormant_low_value
SYN-CUST-00206,loyal_high_value
SYN-CUST-01828,engaged_low_conversion
SYN-CUST-01452,growth_potential
SYN-CUST-00516,high_value_at_risk
SYN-CUST-02262,discount_led_frequent
SYN-CUST-02285,discount_led_frequent
SYN-CUST-01944,engaged_low_conversion
SYN-CUST-00646,high_value_at_risk
SYN-CUST-02920,dormant_low_value
SYN-CUST-00782,high_value_at_risk
SYN-CUST-00954,growth_potential
SYN-CUST-00170,loyal_high_value
SYN-CUST-00312,loyal_high_value
SYN-CUST-00871,growth_potential
SYN-CUST-02211,discount_led_frequent
SYN-CUST-00340,loyal_high_value
SYN-CUST-01592,engaged_low_conversion
SYN-CUST-00714,high_value_at_risk
SYN-CUST-00713,high_value_at_risk
SYN-CUST-01094,growth_potential
SYN-CUST-02555,dormant_low_value
SYN-CUST-00221,loyal_high_value
SYN-CUST-02074,discount_led_frequent
SYN-CUST-02455,dormant_low_value
SYN-CUST-00458,high_value_at_risk
SYN-CUST-01171,growth_potential
SYN-CUST-02190,discount_led_frequent
SYN-CUST-00650,high_value_at_risk
SYN-CUST-02020,discount_led_frequent
SYN-CUST-00883,growth_potential
SYN-CUST-00499,high_value_at_risk
SYN-CUST-02841,dormant_low_value
SYN-CUST-00541,high_value_at_risk
SYN-CUST-02094,discount_led_frequent
SYN-CUST-00306,loyal_high_value
SYN-CUST-02874,dormant_low_value
SYN-CUST-01241,growth_potential
SYN-CUST-01576,engaged_low_conversion
SYN-CUST-00113,loyal_high_value
SYN-CUST-02917,dormant_low_value
SYN-CUST-00807,high_value_at_risk
SYN-CUST-00582,high_value_at_risk
SYN-CUST-02464,dormant_low_value
SYN-CUST-00718,high_value_at_risk
SYN-CUST-02370,discount_led_frequent
SYN-CUST-02356,discount_led_frequent
SYN-CUST-00422,loyal_high_value
SYN-CUST-00173,loyal_high_value
SYN-CUST-02495,dormant_low_value
SYN-CUST-00071,loyal_high_value
SYN-CUST-00234,loyal_high_value
SYN-CUST-01190,growth_potential
SYN-CUST-00715,high_value_at_risk
SYN-CUST-02652,dormant_low_value
SYN-CUST-02817,dormant_low_value
SYN-CUST-01883,engaged_low_conversion
SYN-CUST-00770,high_value_at_risk
SYN-CUST-01939,engaged_low_conversion
SYN-CUST-02640,dormant_low_value
SYN-CUST-02960,dormant_low_value
SYN-CUST-01402,growth_potential
SYN-CUST-01748,engaged_low_conversion
SYN-CUST-01088,growth_potential
SYN-CUST-02036,discount_led_frequent
SYN-CUST-01768,engaged_low_conversion
SYN-CUST-02348,discount_led_frequent
SYN-CUST-00997,growth_potential
SYN-CUST-01493,engaged_low_conversion
SYN-CUST-00805,high_value_at_risk
SYN-CUST-01728,engaged_low_conversion
SYN-CUST-01000,growth_potential
SYN-CUST-02928,dormant_low_value
SYN-CUST-02422,discount_led_frequent
SYN-CUST-02087,discount_led_frequent
SYN-CUST-01395,growth_potential
SYN-CUST-00376,loyal_high_value
SYN-CUST-01393,growth_potential
SYN-CUST-00772,high_value_at_risk
SYN-CUST-02004,engaged_low_conversion
SYN-CUST-01593,engaged_low_conversion
SYN-CUST-01772,engaged_low_conversion
SYN-CUST-01846,engaged_low_conversion
SYN-CUST-01710,engaged_low_conversion
SYN-CUST-00286,loyal_high_value
SYN-CUST-01306,growth_potential
SYN-CUST-00529,high_value_at_risk
SYN-CUST-01388,growth_potential
SYN-CUST-02117,discount_led_frequent
SYN-CUST-01201,growth_potential
SYN-CUST-01321,growth_potential
SYN-CUST-01901,engaged_low_conversion
SYN-CUST-00380,loyal_high_value
SYN-CUST-01508,engaged_low_conversion
SYN-CUST-02040,discount_led_frequent
SYN-CUST-02124,discount_led_frequent
SYN-CUST-02775,dormant_low_value
SYN-CUST-00810,high_value_at_risk
SYN-CUST-00956,growth_potential
SYN-CUST-01059,growth_potential
SYN-CUST-01448,growth_potential
SYN-CUST-00053,loyal_high_value
SYN-CUST-01765,engaged_low_conversion
SYN-CUST-00610,high_value_at_risk
SYN-CUST-01002,growth_potential
SYN-CUST-02435,discount_led_frequent
SYN-CUST-01214,growth_potential
SYN-CUST-00098,loyal_high_value
SYN-CUST-00654,high_value_at_risk
SYN-CUST-01079,growth_potential
SYN-CUST-01125,growth_potential
SYN-CUST-02248,discount_led_frequent
SYN-CUST-00187,loyal_high_value
SYN-CUST-00656,high_value_at_risk
SYN-CUST-02947,dormant_low_value
SYN-CUST-00212,loyal_high_value
SYN-CUST-01980,engaged_low_conversion
SYN-CUST-01376,growth_potential
SYN-CUST-02849,dormant_low_value
SYN-CUST-00708,high_value_at_risk
SYN-CUST-01816,engaged_low_conversion
SYN-CUST-01071,growth_potential
SYN-CUST-02634,dormant_low_value
SYN-CUST-01537,engaged_low_conversion
SYN-CUST-01197,growth_potential
SYN-CUST-01718,engaged_low_conversion
SYN-CUST-02955,dormant_low_value
SYN-CUST-00163,loyal_high_value
SYN-CUST-00386,loyal_high_value
SYN-CUST-01910,engaged_low_conversion
SYN-CUST-01069,growth_potential
SYN-CUST-01979,engaged_low_conversion
SYN-CUST-01451,growth_potential
SYN-CUST-01202,growth_potential
SYN-CUST-01936,engaged_low_conversion
SYN-CUST-02091,discount_led_frequent
SYN-CUST-01567,engaged_low_conversion
SYN-CUST-00984,growth_potential
SYN-CUST-00882,growth_potential
SYN-CUST-00036,loyal_high_value
SYN-CUST-00149,loyal_high_value
SYN-CUST-02632,dormant_low_value
SYN-CUST-02766,dormant_low_value
SYN-CUST-01350,growth_potential
SYN-CUST-02883,dormant_low_value
SYN-CUST-00423,loyal_high_value
SYN-CUST-02494,dormant_low_value
SYN-CUST-02713,dormant_low_value
SYN-CUST-01065,growth_potential
SYN-CUST-01949,engaged_low_conversion
SYN-CUST-02437,discount_led_frequent
SYN-CUST-00450,loyal_high_value
SYN-CUST-02844,dormant_low_value
SYN-CUST-00111,loyal_high_value
SYN-CUST-02123,discount_led_frequent
SYN-CUST-02923,dormant_low_value
SYN-CUST-00915,growth_potential
SYN-CUST-02405,discount_led_frequent
SYN-CUST-02243,discount_led_frequent
SYN-CUST-00530,high_value_at_risk
SYN-CUST-02410,discount_led_frequent
SYN-CUST-00231,loyal_high_value
SYN-CUST-01982,engaged_low_conversion
SYN-CUST-00504,high_value_at_risk
SYN-CUST-01861,engaged_low_conversion
SYN-CUST-02142,discount_led_frequent
SYN-CUST-00848,growth_potential
SYN-CUST-00216,loyal_high_value
SYN-CUST-01237,growth_potential
SYN-CUST-00789,high_value_at_risk
SYN-CUST-02104,discount_led_frequent
SYN-CUST-01854,engaged_low_conversion
SYN-CUST-00243,loyal_high_value
SYN-CUST-00351,loyal_high_value
SYN-CUST-01313,growth_potential
SYN-CUST-00125,loyal_high_value
SYN-CUST-02417,discount_led_frequent
SYN-CUST-00784,high_value_at_risk
SYN-CUST-02537,dormant_low_value
SYN-CUST-00858,growth_potential
SYN-CUST-01668,engaged_low_conversion
SYN-CUST-01965,engaged_low_conversion
SYN-CUST-01790,engaged_low_conversion
SYN-CUST-01997,engaged_low_conversion
SYN-CUST-02484,dormant_low_value
SYN-CUST-02109,discount_led_frequent
SYN-CUST-01775,engaged_low_conversion
SYN-CUST-00085,loyal_high_value
SYN-CUST-00890,growth_potential
SYN-CUST-00124,loyal_high_value
SYN-CUST-01956,engaged_low_conversion
SYN-CUST-02912,dormant_low_value
SYN-CUST-00602,high_value_at_risk
SYN-CUST-00400,loyal_high_value
SYN-CUST-00200,loyal_high_value
SYN-CUST-01280,growth_potential
SYN-CUST-01666,engaged_low_conversion
SYN-CUST-00745,high_value_at_risk
SYN-CUST-02544,dormant_low_value
SYN-CUST-02848,dormant_low_value
SYN-CUST-02529,dormant_low_value
SYN-CUST-00822,high_value_at_risk
SYN-CUST-00292,loyal_high_value
SYN-CUST-01277,growth_potential
SYN-CUST-02376,discount_led_frequent
SYN-CUST-02477,dormant_low_value
SYN-CUST-01766,engaged_low_conversion
SYN-CUST-02873,dormant_low_value
SYN-CUST-00889,growth_potential
SYN-CUST-00965,growth_potential
SYN-CUST-02227,discount_led_frequent
SYN-CUST-00261,loyal_high_value
SYN-CUST-01534,engaged_low_conversion
SYN-CUST-01972,engaged_low_conversion
SYN-CUST-00887,growth_potential
SYN-CUST-02770,dormant_low_value
SYN-CUST-02238,discount_led_frequent
SYN-CUST-02708,dormant_low_value
SYN-CUST-01654,engaged_low_conversion
SYN-CUST-01296,growth_potential
SYN-CUST-00930,growth_potential
SYN-CUST-02892,dormant_low_value
SYN-CUST-01671,engaged_low_conversion
SYN-CUST-00624,high_value_at_risk
SYN-CUST-02853,dormant_low_value
SYN-CUST-01518,engaged_low_conversion
SYN-CUST-00424,loyal_high_value
SYN-CUST-01482,engaged_low_conversion
SYN-CUST-01688,engaged_low_conversion
SYN-CUST-01894,engaged_low_conversion
SYN-CUST-00651,high_value_at_risk
SYN-CUST-02798,dormant_low_value
SYN-CUST-02246,discount_led_frequent
SYN-CUST-01447,growth_potential
SYN-CUST-00944,growth_potential
SYN-CUST-01085,growth_potential
SYN-CUST-02064,discount_led_frequent
SYN-CUST-02939,dormant_low_value
SYN-CUST-02220,discount_led_frequent
SYN-CUST-00409,loyal_high_value
SYN-CUST-02263,discount_led_frequent
SYN-CUST-00549,high_value_at_risk
SYN-CUST-01875,engaged_low_conversion
SYN-CUST-01638,engaged_low_conversion
SYN-CUST-02378,discount_led_frequent
SYN-CUST-00587,high_value_at_risk
SYN-CUST-00315,loyal_high_value
SYN-CUST-00022,loyal_high_value
SYN-CUST-00419,loyal_high_value
SYN-CUST-02789,dormant_low_value
SYN-CUST-00102,loyal_high_value
SYN-CUST-02354,discount_led_frequent
SYN-CUST-00495,high_value_at_risk
SYN-CUST-02479,dormant_low_value
SYN-CUST-00166,loyal_high_value
SYN-CUST-02913,dormant_low_value
SYN-CUST-00195,loyal_high_value
SYN-CUST-02840,dormant_low_value
SYN-CUST-02105,discount_led_frequent
SYN-CUST-00235,loyal_high_value
SYN-CUST-00758,high_value_at_risk
SYN-CUST-00864,growth_potential
SYN-CUST-00217,loyal_high_value
SYN-CUST-02871,dormant_low_value
SYN-CUST-02085,discount_led_frequent
SYN-CUST-02963,dormant_low_value
SYN-CUST-01152,growth_potential
SYN-CUST-01847,engaged_low_conversion
SYN-CUST-02170,discount_led_frequent
SYN-CUST-02570,dormant_low_value
SYN-CUST-00387,loyal_high_value
SYN-CUST-01689,engaged_low_conversion
SYN-CUST-00011,loyal_high_value
SYN-CUST-01022,growth_potential
SYN-CUST-02985,dormant_low_value
SYN-CUST-02842,dormant_low_value
SYN-CUST-02942,dormant_low_value
SYN-CUST-00414,loyal_high_value
SYN-CUST-01338,growth_potential
SYN-CUST-00905,growth_potential
SYN-CUST-02685,dormant_low_value
SYN-CUST-01109,growth_potential
SYN-CUST-02058,discount_led_frequent
SYN-CUST-02779,dormant_low_value
SYN-CUST-00103,loyal_high_value
SYN-CUST-01615,engaged_low_conversion
SYN-CUST-02493,dormant_low_value
SYN-CUST-00800,high_value_at_risk
SYN-CUST-02433,discount_led_frequent
SYN-CUST-02818,dormant_low_value
SYN-CUST-02218,discount_led_frequent
SYN-CUST-01573,engaged_low_conversion
SYN-CUST-02545,dormant_low_value
SYN-CUST-00099,loyal_high_value
SYN-CUST-00817,high_value_at_risk
SYN-CUST-02327,discount_led_frequent
SYN-CUST-02234,discount_led_frequent
SYN-CUST-02734,dormant_low_value
SYN-CUST-00928,growth_potential
SYN-CUST-00849,growth_potential
SYN-CUST-00007,loyal_high_value
SYN-CUST-00724,high_value_at_risk
SYN-CUST-01746,engaged_low_conversion
SYN-CUST-02601,dormant_low_value
SYN-CUST-01643,engaged_low_conversion
SYN-CUST-02646,dormant_low_value
SYN-CUST-02681,dormant_low_value
SYN-CUST-02086,discount_led_frequent
SYN-CUST-00792,high_value_at_risk
SYN-CUST-01984,engaged_low_conversion
SYN-CUST-01935,engaged_low_conversion
SYN-CUST-01701,engaged_low_conversion
SYN-CUST-02999,dormant_low_value
SYN-CUST-00451,loyal_high_value
SYN-CUST-01261,growth_potential
SYN-CUST-02707,dormant_low_value
SYN-CUST-02750,dormant_low_value
SYN-CUST-01098,growth_potential
SYN-CUST-01975,engaged_low_conversion
SYN-CUST-02805,dormant_low_value
SYN-CUST-00463,high_value_at_risk
SYN-CUST-01749,engaged_low_conversion
SYN-CUST-00270,loyal_high_value
SYN-CUST-00229,loyal_high_value
SYN-CUST-01075,growth_potential
SYN-CUST-02806,dormant_low_value
SYN-CUST-00296,loyal_high_value
SYN-CUST-01616,engaged_low_conversion
SYN-CUST-02098,discount_led_frequent
SYN-CUST-00958,growth_potential
SYN-CUST-01412,growth_potential
SYN-CUST-00080,loyal_high_value
SYN-CUST-02332,discount_led_frequent
SYN-CUST-00597,high_value_at_risk
SYN-CUST-01973,engaged_low_conversion
SYN-CUST-02073,discount_led_frequent
SYN-CUST-01629,engaged_low_conversion
SYN-CUST-02461,dormant_low_value
SYN-CUST-02487,dormant_low_value
SYN-CUST-01850,engaged_low_conversion
SYN-CUST-01422,growth_potential
SYN-CUST-01053,growth_potential
SYN-CUST-02489,dormant_low_value
SYN-CUST-00952,growth_potential
SYN-CUST-00489,high_value_at_risk
SYN-CUST-00668,high_value_at_risk
SYN-CUST-00192,loyal_high_value
SYN-CUST-01326,growth_potential
SYN-CUST-00754,high_value_at_risk
SYN-CUST-02466,dormant_low_value
SYN-CUST-01867,engaged_low_conversion
SYN-CUST-01138,growth_potential
SYN-CUST-02304,discount_led_frequent
SYN-CUST-01305,growth_potential
SYN-CUST-00743,high_value_at_risk
SYN-CUST-00739,high_value_at_risk
SYN-CUST-02412,discount_led_frequent
SYN-CUST-01391,growth_potential
SYN-CUST-02637,dormant_low_value
SYN-CUST-02502,dormant_low_value
SYN-CUST-00888,growth_potential
SYN-CUST-00461,high_value_at_risk
SYN-CUST-02505,dormant_low_value
SYN-CUST-01469,growth_potential
SYN-CUST-01551,engaged_low_conversion
SYN-CUST-02862,dormant_low_value
SYN-CUST-01334,growth_potential
SYN-CUST-00025,loyal_high_value
SYN-CUST-01176,growth_potential
SYN-CUST-00293,loyal_high_value
SYN-CUST-02531,dormant_low_value
SYN-CUST-01543,engaged_low_conversion
SYN-CUST-00616,high_value_at_risk
SYN-CUST-01383,growth_potential
SYN-CUST-02715,dormant_low_value
SYN-CUST-00501,high_value_at_risk
SYN-CUST-02390,discount_led_frequent
SYN-CUST-02483,dormant_low_value
SYN-CUST-01580,engaged_low_conversion
SYN-CUST-01986,engaged_low_conversion
SYN-CUST-01886,engaged_low_conversion
SYN-CUST-01389,growth_potential
SYN-CUST-00433,loyal_high_value
SYN-CUST-01535,engaged_low_conversion
SYN-CUST-00168,loyal_high_value
SYN-CUST-01707,engaged_low_conversion
SYN-CUST-02741,dormant_low_value
SYN-CUST-00350,loyal_high_value
SYN-CUST-00249,loyal_high_value
SYN-CUST-02795,dormant_low_value
SYN-CUST-00384,loyal_high_value
SYN-CUST-01571,engaged_low_conversion
SYN-CUST-01892,engaged_low_conversion
SYN-CUST-01297,growth_potential
SYN-CUST-02788,dormant_low_value
SYN-CUST-01371,growth_potential
SYN-CUST-01497,engaged_low_conversion
SYN-CUST-02415,discount_led_frequent
SYN-CUST-00795,high_value_at_risk
SYN-CUST-01056,growth_potential
SYN-CUST-00220,loyal_high_value
SYN-CUST-02751,dormant_low_value
SYN-CUST-01093,growth_potential
SYN-CUST-02686,dormant_low_value
SYN-CUST-01912,engaged_low_conversion
SYN-CUST-02910,dormant_low_value
SYN-CUST-00473,high_value_at_risk
SYN-CUST-02718,dormant_low_value
SYN-CUST-02656,dormant_low_value
SYN-CUST-00785,high_value_at_risk
SYN-CUST-00382,loyal_high_value
SYN-CUST-02699,dormant_low_value
SYN-CUST-02554,dormant_low_value
SYN-CUST-02639,dormant_low_value
SYN-CUST-00566,high_value_at_risk
SYN-CUST-00614,high_value_at_risk
SYN-CUST-01360,growth_potential
SYN-CUST-02769,dormant_low_value
SYN-CUST-00359,loyal_high_value
SYN-CUST-00515,high_value_at_risk
SYN-CUST-01781,engaged_low_conversion
SYN-CUST-02932,dormant_low_value
SYN-CUST-02208,discount_led_frequent
SYN-CUST-01273,growth_potential
SYN-CUST-00924,growth_potential
SYN-CUST-00391,loyal_high_value
SYN-CUST-01714,engaged_low_conversion
SYN-CUST-02867,dormant_low_value
SYN-CUST-01533,engaged_low_conversion
SYN-CUST-01680,engaged_low_conversion
SYN-CUST-02463,dormant_low_value
SYN-CUST-01164,growth_potential
SYN-CUST-00931,growth_potential
SYN-CUST-01322,growth_potential
SYN-CUST-02305,discount_led_frequent
SYN-CUST-02041,discount_led_frequent
SYN-CUST-01178,growth_potential
SYN-CUST-01222,growth_potential
SYN-CUST-00020,loyal_high_value
SYN-CUST-00877,growth_potential
SYN-CUST-00673,high_value_at_risk
SYN-CUST-00038,loyal_high_value
SYN-CUST-02421,discount_led_frequent
SYN-CUST-02839,dormant_low_value
SYN-CUST-01686,engaged_low_conversion
SYN-CUST-00246,loyal_high_value
SYN-CUST-02670,dormant_low_value
SYN-CUST-01256,growth_potential
SYN-CUST-00609,high_value_at_risk
SYN-CUST-01702,engaged_low_conversion
SYN-CUST-01010,growth_potential
SYN-CUST-02804,dormant_low_value
SYN-CUST-02320,discount_led_frequent
SYN-CUST-02908,dormant_low_value
SYN-CUST-02916,dormant_low_value
SYN-CUST-00301,loyal_high_value
SYN-CUST-02276,discount_led_frequent
SYN-CUST-00891,growth_potential
SYN-CUST-01819,engaged_low_conversion
SYN-CUST-02411,discount_led_frequent
SYN-CUST-00979,growth_potential
SYN-CUST-01607,engaged_low_conversion
SYN-CUST-02557,dormant_low_value
SYN-CUST-01919,engaged_low_conversion
SYN-CUST-00631,high_value_at_risk
SYN-CUST-00925,growth_potential
SYN-CUST-01514,engaged_low_conversion
SYN-CUST-00906,growth_potential
SYN-CUST-01720,engaged_low_conversion
SYN-CUST-01987,engaged_low_conversion
SYN-CUST-00342,loyal_high_value
SYN-CUST-01994,engaged_low_conversion
SYN-CUST-01475,growth_potential
SYN-CUST-00804,high_value_at_risk
SYN-CUST-01806,engaged_low_conversion
SYN-CUST-02471,dormant_low_value
SYN-CUST-01559,engaged_low_conversion
SYN-CUST-00953,growth_potential
SYN-CUST-02828,dormant_low_value
SYN-CUST-02157,discount_led_frequent
SYN-CUST-01902,engaged_low_conversion
SYN-CUST-01137,growth_potential
SYN-CUST-02672,dormant_low_value
SYN-CUST-01778,engaged_low_conversion
SYN-CUST-00900,growth_potential
SYN-CUST-01909,engaged_low_conversion
SYN-CUST-02551,dormant_low_value
SYN-CUST-01025,growth_potential
SYN-CUST-01837,engaged_low_conversion
SYN-CUST-01774,engaged_low_conversion
SYN-CUST-01635,engaged_low_conversion
SYN-CUST-00126,loyal_high_value
SYN-CUST-02680,dormant_low_value
SYN-CUST-02578,dormant_low_value
SYN-CUST-02468,dormant_low_value
SYN-CUST-01800,engaged_low_conversion
SYN-CUST-00114,loyal_high_value
SYN-CUST-01706,engaged_low_conversion
SYN-CUST-02135,discount_led_frequent
SYN-CUST-02169,discount_led_frequent
SYN-CUST-02562,dormant_low_value
SYN-CUST-02787,dormant_low_value
SYN-CUST-01641,engaged_low_conversion
SYN-CUST-02290,discount_led_frequent
SYN-CUST-00159,loyal_high_value
SYN-CUST-02079,discount_led_frequent
SYN-CUST-00612,high_value_at_risk
SYN-CUST-02312,discount_led_frequent
SYN-CUST-00232,loyal_high_value
SYN-CUST-02472,dormant_low_value
SYN-CUST-01441,growth_potential
SYN-CUST-02948,dormant_low_value
SYN-CUST-02203,discount_led_frequent
SYN-CUST-01161,growth_potential
SYN-CUST-01700,engaged_low_conversion
SYN-CUST-01918,engaged_low_conversion
SYN-CUST-00000,loyal_high_value
SYN-CUST-01007,growth_potential
SYN-CUST-00262,loyal_high_value
SYN-CUST-00776,high_value_at_risk
SYN-CUST-02742,dormant_low_value
SYN-CUST-01265,growth_potential
SYN-CUST-00686,high_value_at_risk
SYN-CUST-01217,growth_potential
SYN-CUST-02729,dormant_low_value
SYN-CUST-01082,growth_potential
SYN-CUST-01506,engaged_low_conversion
SYN-CUST-01827,engaged_low_conversion
SYN-CUST-00016,loyal_high_value
SYN-CUST-01484,engaged_low_conversion
SYN-CUST-02747,dormant_low_value
SYN-CUST-00893,growth_potential
SYN-CUST-00543,high_value_at_risk
SYN-CUST-01899,engaged_low_conversion
SYN-CUST-00503,high_value_at_risk
SYN-CUST-02316,discount_led_frequent
SYN-CUST-00106,loyal_high_value
SYN-CUST-01379,growth_potential
SYN-CUST-00119,loyal_high_value
SYN-CUST-02341,discount_led_frequent
SYN-CUST-00006,loyal_high_value
SYN-CUST-01437,growth_potential
SYN-CUST-00771,high_value_at_risk
SYN-CUST-02409,discount_led_frequent
SYN-CUST-02001,engaged_low_conversion
SYN-CUST-00336,loyal_high_value
SYN-CUST-02958,dormant_low_value
SYN-CUST-02989,dormant_low_value
SYN-CUST-00814,high_value_at_risk
SYN-CUST-00448,loyal_high_value
SYN-CUST-02222,discount_led_frequent
SYN-CUST-02204,discount_led_frequent
SYN-CUST-01864,engaged_low_conversion
SYN-CUST-02820,dormant_low_value
SYN-CUST-00156,loyal_high_value
SYN-CUST-00137,loyal_high_value
SYN-CUST-00898,growth_potential
SYN-CUST-02526,dormant_low_value
SYN-CUST-02577,dormant_low_value
SYN-CUST-02239,discount_led_frequent
SYN-CUST-02629,dormant_low_value
SYN-CUST-00049,loyal_high_value
SYN-CUST-01803,engaged_low_conversion
SYN-CUST-02956,dormant_low_value
SYN-CUST-01767,engaged_low_conversion
SYN-CUST-00176,loyal_high_value
SYN-CUST-02380,discount_led_frequent
SYN-CUST-00844,growth_potential
SYN-CUST-00513,high_value_at_risk
SYN-CUST-02256,discount_led_frequent
SYN-CUST-01958,engaged_low_conversion
SYN-CUST-00320,loyal_high_value
SYN-CUST-00556,high_value_at_risk
SYN-CUST-01275,growth_potential
SYN-CUST-00712,high_value_at_risk
SYN-CUST-00004,loyal_high_value
SYN-CUST-01281,growth_potential
SYN-CUST-02077,discount_led_frequent
SYN-CUST-00120,loyal_high_value
SYN-CUST-00280,loyal_high_value
SYN-CUST-02444,discount_led_frequent
SYN-CUST-00452,loyal_high_value
SYN-CUST-02398,discount_led_frequent
SYN-CUST-01550,engaged_low_conversion
SYN-CUST-02711,dormant_low_value
SYN-CUST-00681,high_value_at_risk
SYN-CUST-02778,dormant_low_value
SYN-CUST-00514,high_value_at_risk
SYN-CUST-02822,dormant_low_value
SYN-CUST-02264,discount_led_frequent
SYN-CUST-00377,loyal_high_value
SYN-CUST-00381,loyal_high_value
SYN-CUST-02394,discount_led_frequent
SYN-CUST-00970,growth_potential
SYN-CUST-02918,dormant_low_value
SYN-CUST-01043,growth_potential
SYN-CUST-02800,dormant_low_value
SYN-CUST-00253,loyal_high_value
SYN-CUST-02271,discount_led_frequent
SYN-CUST-02423,discount_led_frequent
SYN-CUST-00073,loyal_high_value
SYN-CUST-01170,growth_potential
SYN-CUST-00698,high_value_at_risk
SYN-CUST-01723,engaged_low_conversion
SYN-CUST-02283,discount_led_frequent
SYN-CUST-00331,loyal_high_value
SYN-CUST-00920,growth_potential
SYN-CUST-01528,engaged_low_conversion
SYN-CUST-02548,dormant_low_value
SYN-CUST-02137,discount_led_frequent
SYN-CUST-00611,high_value_at_risk
SYN-CUST-01946,engaged_low_conversion
SYN-CUST-01672,engaged_low_conversion
SYN-CUST-00672,high_value_at_risk
SYN-CUST-01824,engaged_low_conversion
SYN-CUST-02443,discount_led_frequent
SYN-CUST-00035,loyal_high_value
SYN-CUST-00823,high_value_at_risk
SYN-CUST-01116,growth_potential
SYN-CUST-00264,loyal_high_value
SYN-CUST-01520,engaged_low_conversion
SYN-CUST-02229,discount_led_frequent
SYN-CUST-00936,growth_potential
SYN-CUST-01731,engaged_low_conversion
SYN-CUST-00721,high_value_at_risk
SYN-CUST-02584,dormant_low_value
SYN-CUST-02603,dormant_low_value
SYN-CUST-01399,growth_potential
SYN-CUST-00678,high_value_at_risk
SYN-CUST-02401,discount_led_frequent
SYN-CUST-02299,discount_led_frequent
SYN-CUST-01691,engaged_low_conversion
SYN-CUST-00796,high_value_at_risk
SYN-CUST-01255,growth_potential
SYN-CUST-00558,high_value_at_risk
SYN-CUST-01362,growth_potential
SYN-CUST-02510,dormant_low_value
SYN-CUST-02112,discount_led_frequent
SYN-CUST-02721,dormant_low_value
SYN-CUST-00211,loyal_high_value
SYN-CUST-02613,dormant_low_value
SYN-CUST-00148,loyal_high_value
SYN-CUST-01798,engaged_low_conversion
SYN-CUST-00339,loyal_high_value
SYN-CUST-02546,dormant_low_value
SYN-CUST-00649,high_value_at_risk
SYN-CUST-02052,discount_led_frequent
SYN-CUST-01179,growth_potential
SYN-CUST-00846,growth_potential
SYN-CUST-02017,discount_led_frequent
SYN-CUST-02255,discount_led_frequent
SYN-CUST-01269,growth_potential
SYN-CUST-00074,loyal_high_value
SYN-CUST-01684,engaged_low_conversion
SYN-CUST-01663,engaged_low_conversion
SYN-CUST-01983,engaged_low_conversion
SYN-CUST-00579,high_value_at_risk
SYN-CUST-02188,discount_led_frequent
SYN-CUST-02854,dormant_low_value
SYN-CUST-02049,discount_led_frequent
SYN-CUST-00307,loyal_high_value
SYN-CUST-02516,dormant_low_value
SYN-CUST-02045,discount_led_frequent
SYN-CUST-01603,engaged_low_conversion
SYN-CUST-01856,engaged_low_conversion
SYN-CUST-01366,growth_potential
SYN-CUST-01743,engaged_low_conversion
SYN-CUST-02084,discount_led_frequent
SYN-CUST-01340,growth_potential
SYN-CUST-02177,discount_led_frequent
SYN-CUST-02344,discount_led_frequent
SYN-CUST-01148,growth_potential
SYN-CUST-02488,dormant_low_value
SYN-CUST-02152,discount_led_frequent
SYN-CUST-02576,dormant_low_value
SYN-CUST-01473,growth_potential
SYN-CUST-02824,dormant_low_value
SYN-CUST-00474,high_value_at_risk
SYN-CUST-02869,dormant_low_value
SYN-CUST-02071,discount_led_frequent
SYN-CUST-02532,dormant_low_value
SYN-CUST-00808,high_value_at_risk
SYN-CUST-00722,high_value_at_risk
SYN-CUST-02298,discount_led_frequent
SYN-CUST-00390,loyal_high_value
SYN-CUST-01358,growth_potential
SYN-CUST-02934,dormant_low_value
SYN-CUST-01115,growth_potential
SYN-CUST-02381,discount_led_frequent
SYN-CUST-01637,engaged_low_conversion
SYN-CUST-00601,high_value_at_risk
SYN-CUST-02247,discount_led_frequent
SYN-CUST-01429,growth_potential
SYN-CUST-01656,engaged_low_conversion
SYN-CUST-02496,dormant_low_value
SYN-CUST-00477,high_value_at_risk
SYN-CUST-01192,growth_potential
SYN-CUST-01048,growth_potential
SYN-CUST-01468,growth_potential
SYN-CUST-02997,dormant_low_value
SYN-CUST-01554,engaged_low_conversion
SYN-CUST-02676,dormant_low_value
SYN-CUST-02791,dormant_low_value
SYN-CUST-00833,growth_potential
SYN-CUST-02746,dormant_low_value
SYN-CUST-02915,dormant_low_value
SYN-CUST-00205,loyal_high_value
SYN-CUST-01526,engaged_low_conversion
SYN-CUST-00701,high_value_at_risk
SYN-CUST-00427,loyal_high_value
SYN-CUST-01162,growth_potential
SYN-CUST-02927,dormant_low_value
SYN-CUST-01014,growth_potential
SYN-CUST-00441,loyal_high_value
SYN-CUST-01279,growth_potential
SYN-CUST-02127,discount_led_frequent
SYN-CUST-00608,high_value_at_risk
SYN-CUST-02349,discount_led_frequent
SYN-CUST-02019,discount_led_frequent
SYN-CUST-02140,discount_led_frequent
SYN-CUST-02480,dormant_low_value
SYN-CUST-00696,high_value_at_risk
SYN-CUST-01300,growth_potential
SYN-CUST-01667,engaged_low_conversion
SYN-CUST-00655,high_value_at_risk
SYN-CUST-00825,growth_potential
SYN-CUST-00154,loyal_high_value
SYN-CUST-02850,dormant_low_value
SYN-CUST-01416,growth_potential
SYN-CUST-00033,loyal_high_value
SYN-CUST-02987,dormant_low_value
SYN-CUST-00719,high_value_at_risk
SYN-CUST-00987,growth_potential
SYN-CUST-01657,engaged_low_conversion
SYN-CUST-00070,loyal_high_value
SYN-CUST-02257,discount_led_frequent
SYN-CUST-01330,growth_potential
SYN-CUST-02690,dormant_low_value
SYN-CUST-02265,discount_led_frequent
SYN-CUST-02067,discount_led_frequent
SYN-CUST-02636,dormant_low_value
SYN-CUST-01295,growth_potential
SYN-CUST-00323,loyal_high_value
SYN-CUST-00003,loyal_high_value
SYN-CUST-00683,high_value_at_risk
SYN-CUST-01595,engaged_low_conversion
SYN-CUST-00497,high_value_at_risk
SYN-CUST-00707,high_value_at_risk
SYN-CUST-01440,growth_potential
SYN-CUST-02705,dormant_low_value
SYN-CUST-00657,high_value_at_risk
SYN-CUST-01677,engaged_low_conversion
SYN-CUST-01869,engaged_low_conversion
SYN-CUST-01981,engaged_low_conversion
SYN-CUST-01160,growth_potential
SYN-CUST-01953,engaged_low_conversion
SYN-CUST-02314,discount_led_frequent
SYN-CUST-01221,growth_potential
SYN-CUST-01630,engaged_low_conversion
SYN-CUST-02403,discount_led_frequent
SYN-CUST-00084,loyal_high_value
SYN-CUST-00801,high_value_at_risk
SYN-CUST-02323,discount_led_frequent
SYN-CUST-01521,engaged_low_conversion
SYN-CUST-00687,high_value_at_risk
SYN-CUST-00014,loyal_high_value
SYN-CUST-02744,dormant_low_value
SYN-CUST-02006,engaged_low_conversion
SYN-CUST-02385,discount_led_frequent
SYN-CUST-00117,loyal_high_value
SYN-CUST-02509,dormant_low_value
SYN-CUST-01425,growth_potential
SYN-CUST-00994,growth_potential
SYN-CUST-00873,growth_potential
SYN-CUST-00065,loyal_high_value
SYN-CUST-01329,growth_potential
SYN-CUST-01992,engaged_low_conversion
SYN-CUST-00818,high_value_at_risk
SYN-CUST-01378,growth_potential
SYN-CUST-02254,discount_led_frequent
SYN-CUST-00013,loyal_high_value
SYN-CUST-00879,growth_potential
SYN-CUST-02534,dormant_low_value
SYN-CUST-00884,growth_potential
SYN-CUST-02167,discount_led_frequent
SYN-CUST-02129,discount_led_frequent
SYN-CUST-00401,loyal_high_value
SYN-CUST-00144,loyal_high_value
SYN-CUST-00830,growth_potential
SYN-CUST-02823,dormant_low_value
SYN-CUST-02132,discount_led_frequent
SYN-CUST-01500,engaged_low_conversion
SYN-CUST-02364,discount_led_frequent
SYN-CUST-00585,high_value_at_risk
SYN-CUST-01665,engaged_low_conversion
SYN-CUST-00695,high_value_at_risk
SYN-CUST-02334,discount_led_frequent
SYN-CUST-02809,dormant_low_value
SYN-CUST-00062,loyal_high_value
SYN-CUST-00570,high_value_at_risk
SYN-CUST-02221,discount_led_frequent
SYN-CUST-02499,dormant_low_value
SYN-CUST-00525,high_value_at_risk
SYN-CUST-02855,dormant_low_value
SYN-CUST-02813,dormant_low_value
SYN-CUST-02375,discount_led_frequent
SYN-CUST-01286,growth_potential
SYN-CUST-01411,growth_potential
SYN-CUST-01978,engaged_low_conversion
SYN-CUST-01375,growth_potential
SYN-CUST-02995,dormant_low_value
SYN-CUST-02022,discount_led_frequent
SYN-CUST-00379,loyal_high_value
SYN-CUST-01587,engaged_low_conversion
SYN-CUST-01270,growth_potential
SYN-CUST-01364,growth_potential
SYN-CUST-02780,dormant_low_value
SYN-CUST-01208,growth_potential
SYN-CUST-01907,engaged_low_conversion
SYN-CUST-02192,discount_led_frequent
SYN-CUST-00748,high_value_at_risk
SYN-CUST-00040,loyal_high_value
SYN-CUST-01574,engaged_low_conversion
SYN-CUST-01626,engaged_low_conversion
SYN-CUST-01020,growth_potential
SYN-CUST-00775,high_value_at_risk
SYN-CUST-00193,loyal_high_value
SYN-CUST-01408,growth_potential
SYN-CUST-01457,growth_potential
SYN-CUST-02765,dormant_low_value
SYN-CUST-02000,engaged_low_conversion
SYN-CUST-00684,high_value_at_risk
SYN-CUST-00442,loyal_high_value
SYN-CUST-00773,high_value_at_risk
SYN-CUST-01913,engaged_low_conversion
SYN-CUST-01930,engaged_low_conversion
SYN-CUST-02542,dormant_low_value
SYN-CUST-01026,growth_potential
SYN-CUST-02340,discount_led_frequent
SYN-CUST-02772,dormant_low_value
SYN-CUST-01682,engaged_low_conversion
SYN-CUST-01896,engaged_low_conversion
SYN-CUST-01431,growth_potential
SYN-CUST-00832,growth_potential
SYN-CUST-02034,discount_led_frequent
SYN-CUST-02506,dormant_low_value
SYN-CUST-02391,discount_led_frequent
SYN-CUST-02216,discount_led_frequent
SYN-CUST-00869,growth_potential
SYN-CUST-00604,high_value_at_risk
SYN-CUST-00242,loyal_high_value
SYN-CUST-00876,growth_potential
SYN-CUST-01566,engaged_low_conversion
SYN-CUST-02448,dormant_low_value
SYN-CUST-02660,dormant_low_value
SYN-CUST-01285,growth_potential
SYN-CUST-02642,dormant_low_value
SYN-CUST-02131,discount_led_frequent
SYN-CUST-02617,dormant_low_value
SYN-CUST-02726,dormant_low_value
SYN-CUST-01610,engaged_low_conversion
SYN-CUST-01649,engaged_low_conversion
SYN-CUST-00485,high_value_at_risk
SYN-CUST-01381,growth_potential
SYN-CUST-01173,growth_potential
SYN-CUST-02730,dormant_low_value
SYN-CUST-01721,engaged_low_conversion
SYN-CUST-01095,growth_potential
SYN-CUST-00693,high_value_at_risk
SYN-CUST-00700,high_value_at_risk
SYN-CUST-01905,engaged_low_conversion
SYN-CUST-01133,growth_potential
SYN-CUST-01759,engaged_low_conversion
SYN-CUST-01597,engaged_low_conversion
SYN-CUST-02346,discount_led_frequent
SYN-CUST-02193,discount_led_frequent
SYN-CUST-00798,high_value_at_risk
SYN-CUST-01004,growth_potential
SYN-CUST-02926,dormant_low_value
SYN-CUST-00346,loyal_high_value
SYN-CUST-00690,high_value_at_risk
SYN-CUST-02875,dormant_low_value
SYN-CUST-00375,loyal_high_value
SYN-CUST-00470,high_value_at_risk
SYN-CUST-02896,dormant_low_value
SYN-CUST-00547,high_value_at_risk
SYN-CUST-00438,loyal_high_value
SYN-CUST-02723,dormant_low_value
SYN-CUST-02565,dormant_low_value
SYN-CUST-02440,discount_led_frequent
SYN-CUST-01337,growth_potential
SYN-CUST-01011,growth_potential
SYN-CUST-02159,discount_led_frequent
SYN-CUST-00526,high_value_at_risk
SYN-CUST-02573,dormant_low_value
SYN-CUST-01969,engaged_low_conversion
SYN-CUST-00285,loyal_high_value
SYN-CUST-01352,growth_potential
SYN-CUST-00110,loyal_high_value
SYN-CUST-00260,loyal_high_value
SYN-CUST-02054,discount_led_frequent
SYN-CUST-00524,high_value_at_risk
SYN-CUST-01995,engaged_low_conversion
SYN-CUST-02181,discount_led_frequent
SYN-CUST-02782,dormant_low_value
SYN-CUST-02016,engaged_low_conversion
SYN-CUST-01942,engaged_low_conversion
SYN-CUST-02893,dormant_low_value
SYN-CUST-01810,engaged_low_conversion
SYN-CUST-02951,dormant_low_value
SYN-CUST-02459,dormant_low_value
SYN-CUST-00618,high_value_at_risk
SYN-CUST-01050,growth_potential
SYN-CUST-01678,engaged_low_conversion
SYN-CUST-01479,growth_potential
SYN-CUST-02457,dormant_low_value
SYN-CUST-01302,growth_potential
SYN-CUST-00059,loyal_high_value
SYN-CUST-01227,growth_potential
SYN-CUST-02558,dormant_low_value
SYN-CUST-01185,growth_potential
SYN-CUST-02416,discount_led_frequent
SYN-CUST-01444,growth_potential
SYN-CUST-02619,dormant_low_value
SYN-CUST-00121,loyal_high_value
SYN-CUST-00479,high_value_at_risk
SYN-CUST-01589,engaged_low_conversion
SYN-CUST-00204,loyal_high_value
SYN-CUST-01165,growth_potential
SYN-CUST-02638,dormant_low_value
SYN-CUST-01228,growth_potential
SYN-CUST-00368,loyal_high_value
SYN-CUST-01529,engaged_low_conversion
SYN-CUST-01146,growth_potential
SYN-CUST-00083,loyal_high_value
SYN-CUST-01925,engaged_low_conversion
SYN-CUST-02662,dormant_low_value
SYN-CUST-01168,growth_potential
SYN-CUST-01414,growth_potential
SYN-CUST-00344,loyal_high_value
SYN-CUST-02943,dormant_low_value
SYN-CUST-01432,growth_potential
SYN-CUST-00764,high_value_at_risk
SYN-CUST-01327,growth_potential
SYN-CUST-02297,discount_led_frequent
SYN-CUST-01817,engaged_low_conversion
SYN-CUST-00118,loyal_high_value
SYN-CUST-02843,dormant_low_value
SYN-CUST-00418,loyal_high_value
SYN-CUST-01879,engaged_low_conversion
SYN-CUST-02368,discount_led_frequent
SYN-CUST-02202,discount_led_frequent
SYN-CUST-02719,dormant_low_value
SYN-CUST-01712,engaged_low_conversion
SYN-CUST-00434,loyal_high_value
SYN-CUST-00781,high_value_at_risk
SYN-CUST-01794,engaged_low_conversion
SYN-CUST-01787,engaged_low_conversion
SYN-CUST-01639,engaged_low_conversion
SYN-CUST-02347,discount_led_frequent
SYN-CUST-01513,engaged_low_conversion
SYN-CUST-00551,high_value_at_risk
SYN-CUST-00123,loyal_high_value
SYN-CUST-02048,discount_led_frequent
SYN-CUST-01539,engaged_low_conversion
SYN-CUST-00112,loyal_high_value
SYN-CUST-01792,engaged_low_conversion
SYN-CUST-00435,loyal_high_value
SYN-CUST-00728,high_value_at_risk
SYN-CUST-00591,high_value_at_risk
SYN-CUST-02748,dormant_low_value
SYN-CUST-01523,engaged_low_conversion
SYN-CUST-00406,loyal_high_value
SYN-CUST-00853,growth_potential
SYN-CUST-00793,high_value_at_risk
SYN-CUST-01560,engaged_low_conversion
SYN-CUST-01158,growth_potential
SYN-CUST-02010,engaged_low_conversion
SYN-CUST-02352,discount_led_frequent
SYN-CUST-00780,high_value_at_risk
SYN-CUST-02645,dormant_low_value
SYN-CUST-02811,dormant_low_value
SYN-CUST-02335,discount_led_frequent
SYN-CUST-01351,growth_potential
SYN-CUST-02903,dormant_low_value
SYN-CUST-00476,high_value_at_risk
SYN-CUST-00632,high_value_at_risk
SYN-CUST-01811,engaged_low_conversion
SYN-CUST-01336,growth_potential
SYN-CUST-00967,growth_potential
SYN-CUST-00245,loyal_high_value
SYN-CUST-02512,dormant_low_value
SYN-CUST-00321,loyal_high_value
SYN-CUST-02598,dormant_low_value
SYN-CUST-01911,engaged_low_conversion
SYN-CUST-02063,discount_led_frequent
SYN-CUST-01126,growth_potential
SYN-CUST-02268,discount_led_frequent
SYN-CUST-00295,loyal_high_value
SYN-CUST-00009,loyal_high_value
SYN-CUST-01345,growth_potential
SYN-CUST-00947,growth_potential
SYN-CUST-00923,growth_potential
SYN-CUST-00838,growth_potential
SYN-CUST-00467,high_value_at_risk
SYN-CUST-01586,engaged_low_conversion
SYN-CUST-02043,discount_led_frequent
SYN-CUST-00759,high_value_at_risk
SYN-CUST-01565,engaged_low_conversion
SYN-CUST-00511,high_value_at_risk
SYN-CUST-01005,growth_potential
SYN-CUST-01858,engaged_low_conversion
SYN-CUST-01207,growth_potential
SYN-CUST-01089,growth_potential
SYN-CUST-01324,growth_potential
SYN-CUST-00171,loyal_high_value
SYN-CUST-00289,loyal_high_value
SYN-CUST-01681,engaged_low_conversion
SYN-CUST-02649,dormant_low_value
SYN-CUST-01177,growth_potential
SYN-CUST-00855,growth_potential
SYN-CUST-01644,engaged_low_conversion
SYN-CUST-00636,high_value_at_risk
SYN-CUST-02864,dormant_low_value
SYN-CUST-02583,dormant_low_value
SYN-CUST-01822,engaged_low_conversion
SYN-CUST-02166,discount_led_frequent
SYN-CUST-01583,engaged_low_conversion
SYN-CUST-02600,dormant_low_value
SYN-CUST-01372,growth_potential
SYN-CUST-02559,dormant_low_value
SYN-CUST-02870,dormant_low_value
SYN-CUST-00753,high_value_at_risk
SYN-CUST-01966,engaged_low_conversion
SYN-CUST-02291,discount_led_frequent
SYN-CUST-02614,dormant_low_value
SYN-CUST-01797,engaged_low_conversion
SYN-CUST-02336,discount_led_frequent
SYN-CUST-00968,growth_potential
SYN-CUST-02520,dormant_low_value
SYN-CUST-01874,engaged_low_conversion
SYN-CUST-00897,growth_potential
SYN-CUST-01353,growth_potential
SYN-CUST-02141,discount_led_frequent
SYN-CUST-02673,dormant_low_value
SYN-CUST-02891,dormant_low_value
SYN-CUST-00737,high_value_at_risk
SYN-CUST-02567,dormant_low_value
SYN-CUST-01019,growth_potential
SYN-CUST-00086,loyal_high_value
SYN-CUST-00806,high_value_at_risk
SYN-CUST-00302,loyal_high_value
SYN-CUST-01332,growth_potential
SYN-CUST-00483,high_value_at_risk
SYN-CUST-01927,engaged_low_conversion
SYN-CUST-00717,high_value_at_risk
SYN-CUST-02515,dormant_low_value
SYN-CUST-01282,growth_potential
SYN-CUST-01914,engaged_low_conversion
SYN-CUST-02397,discount_led_frequent
SYN-CUST-01795,engaged_low_conversion
SYN-CUST-00840,growth_potential
SYN-CUST-01303,growth_potential
SYN-CUST-01283,growth_potential
SYN-CUST-01397,growth_potential
SYN-CUST-02898,dormant_low_value
SYN-CUST-01991,engaged_low_conversion
SYN-CUST-02008,engaged_low_conversion
SYN-CUST-02358,discount_led_frequent
SYN-CUST-02060,discount_led_frequent
SYN-CUST-01693,engaged_low_conversion
SYN-CUST-02187,discount_led_frequent
SYN-CUST-00595,high_value_at_risk
SYN-CUST-02184,discount_led_frequent
SYN-CUST-02369,discount_led_frequent
SYN-CUST-01954,engaged_low_conversion
SYN-CUST-00992,growth_potential
SYN-CUST-01853,engaged_low_conversion
SYN-CUST-02293,discount_led_frequent
SYN-CUST-00334,loyal_high_value
SYN-CUST-01084,growth_potential
SYN-CUST-00030,loyal_high_value
SYN-CUST-02201,discount_led_frequent
SYN-CUST-02556,dormant_low_value
SYN-CUST-02977,dormant_low_value
SYN-CUST-01159,growth_potential
SYN-CUST-02249,discount_led_frequent
SYN-CUST-00446,loyal_high_value
SYN-CUST-02595,dormant_low_value
SYN-CUST-01640,engaged_low_conversion
SYN-CUST-00255,loyal_high_value
SYN-CUST-02519,dormant_low_value
SYN-CUST-01111,growth_potential
SYN-CUST-00167,loyal_high_value
SYN-CUST-00322,loyal_high_value
SYN-CUST-02082,discount_led_frequent
SYN-CUST-02936,dormant_low_value
SYN-CUST-01380,growth_potential
SYN-CUST-00127,loyal_high_value
SYN-CUST-02389,discount_led_frequent
SYN-CUST-02066,discount_led_frequent
SYN-CUST-01928,engaged_low_conversion
SYN-CUST-00945,growth_potential
SYN-CUST-02076,discount_led_frequent
SYN-CUST-00445,loyal_high_value
SYN-CUST-00480,high_value_at_risk
SYN-CUST-02442,discount_led_frequent
SYN-CUST-02258,discount_led_frequent
SYN-CUST-00854,growth_potential
SYN-CUST-01370,growth_potential
SYN-CUST-02552,dormant_low_value
SYN-CUST-02343,discount_led_frequent
SYN-CUST-02606,dormant_low_value
SYN-CUST-00842,growth_potential
SYN-CUST-00136,loyal_high_value
SYN-CUST-00026,loyal_high_value
SYN-CUST-00812,high_value_at_risk
SYN-CUST-02597,dormant_low_value
SYN-CUST-00716,high_value_at_risk
SYN-CUST-00254,loyal_high_value
SYN-CUST-00181,loyal_high_value
SYN-CUST-00584,high_value_at_risk
SYN-CUST-01143,growth_potential
SYN-CUST-00269,loyal_high_value
SYN-CUST-00540,high_value_at_risk
SYN-CUST-00797,high_value_at_risk
SYN-CUST-00662,high_value_at_risk
SYN-CUST-02492,dormant_low_value
SYN-CUST-01434,growth_potential
SYN-CUST-01784,engaged_low_conversion
SYN-CUST-01385,growth_potential
SYN-CUST-02635,dormant_low_value
SYN-CUST-02042,discount_led_frequent
SYN-CUST-01415,growth_potential
SYN-CUST-00878,growth_potential
SYN-CUST-02944,dormant_low_value
SYN-CUST-01865,engaged_low_conversion
SYN-CUST-00271,loyal_high_value
SYN-CUST-02266,discount_led_frequent
SYN-CUST-01891,engaged_low_conversion
SYN-CUST-01676,engaged_low_conversion
SYN-CUST-02009,engaged_low_conversion
SYN-CUST-00356,loyal_high_value
SYN-CUST-01552,engaged_low_conversion
SYN-CUST-00352,loyal_high_value
SYN-CUST-00399,loyal_high_value
SYN-CUST-02474,dormant_low_value
SYN-CUST-02749,dormant_low_value
SYN-CUST-01145,growth_potential
SYN-CUST-01049,growth_potential
SYN-CUST-02050,discount_led_frequent
SYN-CUST-01248,growth_potential
SYN-CUST-02753,dormant_low_value
SYN-CUST-01142,growth_potential
SYN-CUST-01786,engaged_low_conversion
SYN-CUST-02507,dormant_low_value
SYN-CUST-01233,growth_potential
SYN-CUST-02816,dormant_low_value
SYN-CUST-02671,dormant_low_value
SYN-CUST-00652,high_value_at_risk
SYN-CUST-01826,engaged_low_conversion
SYN-CUST-01117,growth_potential
SYN-CUST-00505,high_value_at_risk
SYN-CUST-02456,dormant_low_value
SYN-CUST-00964,growth_potential
SYN-CUST-00157,loyal_high_value
SYN-CUST-01507,engaged_low_conversion
SYN-CUST-02362,discount_led_frequent
SYN-CUST-02814,dormant_low_value
SYN-CUST-01845,engaged_low_conversion
SYN-CUST-01054,growth_potential
SYN-CUST-00768,high_value_at_risk
SYN-CUST-01191,growth_potential
SYN-CUST-01042,growth_potential
SYN-CUST-00082,loyal_high_value
SYN-CUST-02288,discount_led_frequent
SYN-CUST-00421,loyal_high_value
SYN-CUST-02407,discount_led_frequent
SYN-CUST-02783,dormant_low_value
SYN-CUST-00904,growth_potential
SYN-CUST-00625,high_value_at_risk
SYN-CUST-01599,engaged_low_conversion
SYN-CUST-02953,dormant_low_value
SYN-CUST-02801,dormant_low_value
SYN-CUST-02991,dormant_low_value
SYN-CUST-02473,dormant_low_value
SYN-CUST-02702,dormant_low_value
SYN-CUST-01624,engaged_low_conversion
SYN-CUST-02481,dormant_low_value
SYN-CUST-02284,discount_led_frequent
SYN-CUST-00916,growth_potential
SYN-CUST-00981,growth_potential
SYN-CUST-02046,discount_led_frequent
SYN-CUST-00594,high_value_at_risk
SYN-CUST-01889,engaged_low_conversion
SYN-CUST-02226,discount_led_frequent
SYN-CUST-00943,growth_potential
SYN-CUST-00393,loyal_high_value
SYN-CUST-02802,dormant_low_value
SYN-CUST-01809,engaged_low_conversion
SYN-CUST-02269,discount_led_frequent
SYN-CUST-01990,engaged_low_conversion
SYN-CUST-00946,growth_potential
SYN-CUST-02610,dormant_low_value
SYN-CUST-02549,dormant_low_value
SYN-CUST-02564,dormant_low_value
SYN-CUST-02399,discount_led_frequent
SYN-CUST-01695,engaged_low_conversion
SYN-CUST-00927,growth_potential
SYN-CUST-00599,high_value_at_risk
SYN-CUST-02513,dormant_low_value
SYN-CUST-01608,engaged_low_conversion
SYN-CUST-01761,engaged_low_conversion
SYN-CUST-00826,growth_potential
SYN-CUST-00491,high_value_at_risk
SYN-CUST-00760,high_value_at_risk
SYN-CUST-00901,growth_potential
SYN-CUST-00318,loyal_high_value
SYN-CUST-02182,discount_led_frequent
SYN-CUST-01739,engaged_low_conversion
SYN-CUST-00018,loyal_high_value
SYN-CUST-01060,growth_potential
SYN-CUST-00104,loyal_high_value
SYN-CUST-02674,dormant_low_value
SYN-CUST-01346,growth_potential
SYN-CUST-01557,engaged_low_conversion
SYN-CUST-01110,growth_potential
SYN-CUST-00198,loyal_high_value
SYN-CUST-00090,loyal_high_value
SYN-CUST-02777,dormant_low_value
SYN-CUST-00219,loyal_high_value
SYN-CUST-02675,dormant_low_value
SYN-CUST-02899,dormant_low_value
SYN-CUST-01522,engaged_low_conversion
SYN-CUST-02945,dormant_low_value
SYN-CUST-01382,growth_potential
SYN-CUST-01490,engaged_low_conversion
SYN-CUST-01541,engaged_low_conversion
SYN-CUST-00190,loyal_high_value
SYN-CUST-02504,dormant_low_value
SYN-CUST-01831,engaged_low_conversion
SYN-CUST-02387,discount_led_frequent
SYN-CUST-01113,growth_potential
SYN-CUST-02194,discount_led_frequent
SYN-CUST-01923,engaged_low_conversion
SYN-CUST-01799,engaged_low_conversion
SYN-CUST-01908,engaged_low_conversion
SYN-CUST-00430,loyal_high_value
SYN-CUST-02539,dormant_low_value
SYN-CUST-02286,discount_led_frequent
SYN-CUST-01076,growth_potential
SYN-CUST-01617,engaged_low_conversion
SYN-CUST-02395,discount_led_frequent
SYN-CUST-02274,discount_led_frequent
SYN-CUST-02396,discount_led_frequent
SYN-CUST-02231,discount_led_frequent
SYN-CUST-01243,growth_potential
SYN-CUST-01842,engaged_low_conversion
SYN-CUST-00029,loyal_high_value
SYN-CUST-00697,high_value_at_risk
SYN-CUST-01157,growth_potential
SYN-CUST-00413,loyal_high_value
SYN-CUST-01013,growth_potential
SYN-CUST-01821,engaged_low_conversion
SYN-CUST-01596,engaged_low_conversion
SYN-CUST-01620,engaged_low_conversion
SYN-CUST-00982,growth_potential
SYN-CUST-02895,dormant_low_value
SYN-CUST-02785,dormant_low_value
SYN-CUST-01836,engaged_low_conversion
SYN-CUST-01661,engaged_low_conversion
SYN-CUST-02697,dormant_low_value
SYN-CUST-02607,dormant_low_value
SYN-CUST-01274,growth_potential
SYN-CUST-02420,discount_led_frequent
SYN-CUST-02333,discount_led_frequent
SYN-CUST-01247,growth_potential
SYN-CUST-02647,dormant_low_value
SYN-CUST-00225,loyal_high_value
SYN-CUST-00044,loyal_high_value
SYN-CUST-02324,discount_led_frequent
SYN-CUST-02720,dormant_low_value
SYN-CUST-00131,loyal_high_value
SYN-CUST-02065,discount_led_frequent
SYN-CUST-01679,engaged_low_conversion
SYN-CUST-00142,loyal_high_value
SYN-CUST-00138,loyal_high_value
SYN-CUST-02250,discount_led_frequent
SYN-CUST-01368,growth_potential
SYN-CUST-00859,growth_potential
SYN-CUST-01105,growth_potential
SYN-CUST-02807,dormant_low_value
SYN-CUST-01744,engaged_low_conversion
SYN-CUST-00828,growth_potential
SYN-CUST-02393,discount_led_frequent
SYN-CUST-00892,growth_potential
SYN-CUST-00819,high_value_at_risk
SYN-CUST-02469,dormant_low_value
SYN-CUST-01090,growth_potential
SYN-CUST-00100,loyal_high_value
SYN-CUST-01428,growth_potential
SYN-CUST-01006,growth_potential
SYN-CUST-01823,engaged_low_conversion
SYN-CUST-01777,engaged_low_conversion
SYN-CUST-02615,dormant_low_value
SYN-CUST-01713,engaged_low_conversion
SYN-CUST-01064,growth_potential
SYN-CUST-02691,dormant_low_value
SYN-CUST-01575,engaged_low_conversion
SYN-CUST-01174,growth_potential
SYN-CUST-01246,growth_potential
SYN-CUST-00688,high_value_at_risk
SYN-CUST-01527,engaged_low_conversion
SYN-CUST-02153,discount_led_frequent
SYN-CUST-02865,dormant_low_value
SYN-CUST-02736,dormant_low_value
SYN-CUST-01998,engaged_low_conversion
SYN-CUST-01132,growth_potential
SYN-CUST-01871,engaged_low_conversion
SYN-CUST-01323,growth_potential
SYN-CUST-00732,high_value_at_risk
SYN-CUST-00692,high_value_at_risk
SYN-CUST-00741,high_value_at_risk
SYN-CUST-00091,loyal_high_value
SYN-CUST-00802,high_value_at_risk
SYN-CUST-02808,dormant_low_value
SYN-CUST-01926,engaged_low_conversion
SYN-CUST-02111,discount_led_frequent
SYN-CUST-00926,growth_potential
SYN-CUST-00521,high_value_at_risk
SYN-CUST-01801,engaged_low_conversion
SYN-CUST-01516,engaged_low_conversion
SYN-CUST-02107,discount_led_frequent
SYN-CUST-02929,dormant_low_value
SYN-CUST-01941,engaged_low_conversion
SYN-CUST-01063,growth_potential
SYN-CUST-02282,discount_led_frequent
SYN-CUST-01304,growth_potential
SYN-CUST-00791,high_value_at_risk
SYN-CUST-02148,discount_led_frequent
SYN-CUST-02475,dormant_low_value
SYN-CUST-01779,engaged_low_conversion
SYN-CUST-00691,high_value_at_risk
SYN-CUST-01696,engaged_low_conversion
SYN-CUST-01406,growth_potential
SYN-CUST-02217,discount_led_frequent
SYN-CUST-02667,dormant_low_value
SYN-CUST-01725,engaged_low_conversion
SYN-CUST-01751,engaged_low_conversion
SYN-CUST-01427,growth_potential
SYN-CUST-01262,growth_potential
SYN-CUST-01488,engaged_low_conversion
SYN-CUST-01240,growth_potential
SYN-CUST-02490,dormant_low_value
SYN-CUST-00667,high_value_at_risk
SYN-CUST-02491,dormant_low_value
SYN-CUST-02653,dormant_low_value
SYN-CUST-02441,discount_led_frequent
SYN-CUST-01604,engaged_low_conversion
SYN-CUST-02845,dormant_low_value
SYN-CUST-02931,dormant_low_value
SYN-CUST-01502,engaged_low_conversion
SYN-CUST-01443,growth_potential
SYN-CUST-02350,discount_led_frequent
SYN-CUST-02541,dormant_low_value
SYN-CUST-01083,growth_potential
SYN-CUST-02103,discount_led_frequent
SYN-CUST-01003,growth_potential
SYN-CUST-00734,high_value_at_risk
SYN-CUST-00251,loyal_high_value
SYN-CUST-01299,growth_potential
SYN-CUST-02240,discount_led_frequent
SYN-CUST-01915,engaged_low_conversion
SYN-CUST-01833,engaged_low_conversion
SYN-CUST-01802,engaged_low_conversion
SYN-CUST-02233,discount_led_frequent
SYN-CUST-01355,growth_potential
SYN-CUST-01974,engaged_low_conversion
SYN-CUST-01072,growth_potential
SYN-CUST-01349,growth_potential
SYN-CUST-02866,dormant_low_value
SYN-CUST-02134,discount_led_frequent
SYN-CUST-01606,engaged_low_conversion
SYN-CUST-02810,dormant_low_value
SYN-CUST-00500,high_value_at_risk
SYN-CUST-01855,engaged_low_conversion
SYN-CUST-02365,discount_led_frequent
SYN-CUST-01458,growth_potential
SYN-CUST-02861,dormant_low_value
SYN-CUST-00821,high_value_at_risk
SYN-CUST-01614,engaged_low_conversion
SYN-CUST-02185,discount_led_frequent
SYN-CUST-01549,engaged_low_conversion
SYN-CUST-02465,dormant_low_value
SYN-CUST-01750,engaged_low_conversion
SYN-CUST-02543,dormant_low_value
SYN-CUST-02388,discount_led_frequent
SYN-CUST-01540,engaged_low_conversion
SYN-CUST-01673,engaged_low_conversion
SYN-CUST-00056,loyal_high_value
SYN-CUST-00841,growth_potential
SYN-CUST-01613,engaged_low_conversion
SYN-CUST-01504,engaged_low_conversion
SYN-CUST-02561,dormant_low_value
SYN-CUST-00895,growth_potential
SYN-CUST-02998,dormant_low_value
SYN-CUST-00532,high_value_at_risk
SYN-CUST-00831,growth_potential
SYN-CUST-02114,discount_led_frequent
SYN-CUST-02363,discount_led_frequent
SYN-CUST-00327,loyal_high_value
SYN-CUST-02628,dormant_low_value
SYN-CUST-02012,engaged_low_conversion
SYN-CUST-00498,high_value_at_risk
SYN-CUST-01741,engaged_low_conversion
SYN-CUST-01485,engaged_low_conversion
SYN-CUST-02198,discount_led_frequent
SYN-CUST-00067,loyal_high_value
SYN-CUST-02525,dormant_low_value
SYN-CUST-01106,growth_potential
SYN-CUST-02533,dormant_low_value
SYN-CUST-02821,dormant_low_value
SYN-CUST-02432,discount_led_frequent
SYN-CUST-01455,growth_potential
SYN-CUST-00398,loyal_high_value
SYN-CUST-01503,engaged_low_conversion
SYN-CUST-00122,loyal_high_value
SYN-CUST-01153,growth_potential
SYN-CUST-00589,high_value_at_risk
SYN-CUST-00185,loyal_high_value
SYN-CUST-00671,high_value_at_risk
SYN-CUST-00492,high_value_at_risk
SYN-CUST-00397,loyal_high_value
SYN-CUST-01439,growth_potential
SYN-CUST-00862,growth_potential
SYN-CUST-01948,engaged_low_conversion
SYN-CUST-01318,growth_potential
SYN-CUST-01206,growth_potential
SYN-CUST-02100,discount_led_frequent
SYN-CUST-02731,dormant_low_value
SYN-CUST-02644,dormant_low_value
SYN-CUST-01758,engaged_low_conversion
SYN-CUST-02175,discount_led_frequent
SYN-CUST-00527,high_value_at_risk
SYN-CUST-01851,engaged_low_conversion
SYN-CUST-00637,high_value_at_risk
SYN-CUST-00607,high_value_at_risk
SYN-CUST-00096,loyal_high_value
SYN-CUST-02752,dormant_low_value
SYN-CUST-01232,growth_potential
SYN-CUST-02308,discount_led_frequent
SYN-CUST-02450,dormant_low_value
SYN-CUST-02790,dormant_low_value
SYN-CUST-02384,discount_led_frequent
SYN-CUST-01963,engaged_low_conversion
SYN-CUST-01722,engaged_low_conversion
SYN-CUST-02716,dormant_low_value
SYN-CUST-00416,loyal_high_value
SYN-CUST-01835,engaged_low_conversion
SYN-CUST-02261,discount_led_frequent
SYN-CUST-01648,engaged_low_conversion
SYN-CUST-02121,discount_led_frequent
SYN-CUST-00746,high_value_at_risk
SYN-CUST-00740,high_value_at_risk
SYN-CUST-01556,engaged_low_conversion
SYN-CUST-01664,engaged_low_conversion
SYN-CUST-02088,discount_led_frequent
SYN-CUST-00408,loyal_high_value
SYN-CUST-01645,engaged_low_conversion
SYN-CUST-02740,dormant_low_value
SYN-CUST-00567,high_value_at_risk
SYN-CUST-01813,engaged_low_conversion
SYN-CUST-02538,dormant_low_value
SYN-CUST-00937,growth_potential
SYN-CUST-02863,dormant_low_value
SYN-CUST-01258,growth_potential
SYN-CUST-01548,engaged_low_conversion
SYN-CUST-02453,dormant_low_value
SYN-CUST-02758,dormant_low_value
SYN-CUST-00135,loyal_high_value
SYN-CUST-02165,discount_led_frequent
SYN-CUST-01180,growth_potential
SYN-CUST-00304,loyal_high_value
SYN-CUST-00674,high_value_at_risk
SYN-CUST-02428,discount_led_frequent
SYN-CUST-02252,discount_led_frequent
SYN-CUST-00574,high_value_at_risk
SYN-CUST-02965,dormant_low_value
SYN-CUST-00564,high_value_at_risk
SYN-CUST-00153,loyal_high_value
SYN-CUST-02235,discount_led_frequent
SYN-CUST-00711,high_value_at_risk
SYN-CUST-00273,loyal_high_value
SYN-CUST-00658,high_value_at_risk
SYN-CUST-00437,loyal_high_value
SYN-CUST-02596,dormant_low_value
SYN-CUST-00281,loyal_high_value
SYN-CUST-01396,growth_potential
SYN-CUST-02279,discount_led_frequent
SYN-CUST-02665,dormant_low_value
SYN-CUST-00730,high_value_at_risk
SYN-CUST-00068,loyal_high_value
SYN-CUST-01715,engaged_low_conversion
SYN-CUST-01478,growth_potential
SYN-CUST-02032,discount_led_frequent
SYN-CUST-01091,growth_potential
SYN-CUST-00948,growth_potential
SYN-CUST-00129,loyal_high_value
SYN-CUST-00116,loyal_high_value
SYN-CUST-00428,loyal_high_value
SYN-CUST-00329,loyal_high_value
SYN-CUST-00546,high_value_at_risk
SYN-CUST-01333,growth_potential
SYN-CUST-00727,high_value_at_risk
SYN-CUST-00037,loyal_high_value
SYN-CUST-02774,dormant_low_value
SYN-CUST-01267,growth_potential
SYN-CUST-01203,growth_potential
SYN-CUST-00778,high_value_at_risk
SYN-CUST-00311,loyal_high_value
SYN-CUST-01446,growth_potential
SYN-CUST-01186,growth_potential
SYN-CUST-02172,discount_led_frequent
SYN-CUST-01028,growth_potential
SYN-CUST-02119,discount_led_frequent
SYN-CUST-02106,discount_led_frequent
SYN-CUST-02764,dormant_low_value
SYN-CUST-00517,high_value_at_risk
SYN-CUST-02136,discount_led_frequent
SYN-CUST-02982,dormant_low_value
SYN-CUST-00486,high_value_at_risk
SYN-CUST-02300,discount_led_frequent
SYN-CUST-01156,growth_potential
SYN-CUST-01301,growth_potential
SYN-CUST-01347,growth_potential
SYN-CUST-02089,discount_led_frequent
SYN-CUST-02643,dormant_low_value
SYN-CUST-00265,loyal_high_value
SYN-CUST-01235,growth_potential
SYN-CUST-00922,growth_potential
SYN-CUST-01009,growth_potential
SYN-CUST-01904,engaged_low_conversion
SYN-CUST-01917,engaged_low_conversion
SYN-CUST-02026,discount_led_frequent
SYN-CUST-00600,high_value_at_risk
SYN-CUST-02242,discount_led_frequent
SYN-CUST-02311,discount_led_frequent
SYN-CUST-02446,dormant_low_value
SYN-CUST-02232,discount_led_frequent
SYN-CUST-00660,high_value_at_risk
SYN-CUST-02722,dormant_low_value
SYN-CUST-02025,discount_led_frequent
SYN-CUST-00834,growth_potential
SYN-CUST-00659,high_value_at_risk
SYN-CUST-00643,high_value_at_risk
SYN-CUST-02093,discount_led_frequent
SYN-CUST-02253,discount_led_frequent
SYN-CUST-02664,dormant_low_value
SYN-CUST-01163,growth_potential
SYN-CUST-00177,loyal_high_value
SYN-CUST-01024,growth_potential
SYN-CUST-00509,high_value_at_risk
SYN-CUST-02581,dormant_low_value
SYN-CUST-01622,engaged_low_conversion
SYN-CUST-01219,growth_potential
SYN-CUST-01621,engaged_low_conversion
SYN-CUST-01782,engaged_low_conversion
SYN-CUST-00644,high_value_at_risk
SYN-CUST-00747,high_value_at_risk
SYN-CUST-00247,loyal_high_value
SYN-CUST-01609,engaged_low_conversion
SYN-CUST-02126,discount_led_frequent
SYN-CUST-00042,loyal_high_value
SYN-CUST-00989,growth_potential
SYN-CUST-01505,engaged_low_conversion
SYN-CUST-02331,discount_led_frequent
SYN-CUST-00179,loyal_high_value
SYN-CUST-00222,loyal_high_value
SYN-CUST-00472,high_value_at_risk
SYN-CUST-01027,growth_potential
SYN-CUST-02857,dormant_low_value
SYN-CUST-00046,loyal_high_value
SYN-CUST-00330,loyal_high_value
SYN-CUST-00054,loyal_high_value
SYN-CUST-02571,dormant_low_value
SYN-CUST-01921,engaged_low_conversion
SYN-CUST-02803,dormant_low_value
SYN-CUST-00909,growth_potential
SYN-CUST-02164,discount_led_frequent
SYN-CUST-01361,growth_potential
SYN-CUST-00308,loyal_high_value
SYN-CUST-02897,dormant_low_value
SYN-CUST-01078,growth_potential
SYN-CUST-00147,loyal_high_value
SYN-CUST-01570,engaged_low_conversion
SYN-CUST-02579,dormant_low_value
SYN-CUST-01410,growth_potential
SYN-CUST-02029,discount_led_frequent
SYN-CUST-02517,dormant_low_value
SYN-CUST-00932,growth_potential
SYN-CUST-02604,dormant_low_value
SYN-CUST-00358,loyal_high_value
SYN-CUST-00534,high_value_at_risk
SYN-CUST-01631,engaged_low_conversion
SYN-CUST-02366,discount_led_frequent
SYN-CUST-00874,growth_potential
SYN-CUST-00682,high_value_at_risk
SYN-CUST-02454,dormant_low_value
SYN-CUST-01424,growth_potential
SYN-CUST-01623,engaged_low_conversion
SYN-CUST-01893,engaged_low_conversion
SYN-CUST-02068,discount_led_frequent
SYN-CUST-01310,growth_potential
SYN-CUST-00194,loyal_high_value
SYN-CUST-02984,dormant_low_value
SYN-CUST-00794,high_value_at_risk
SYN-CUST-01577,engaged_low_conversion
SYN-CUST-00396,loyal_high_value
SYN-CUST-02580,dormant_low_value
SYN-CUST-02186,discount_led_frequent
SYN-CUST-01546,engaged_low_conversion
SYN-CUST-01650,engaged_low_conversion
SYN-CUST-00573,high_value_at_risk
SYN-CUST-02838,dormant_low_value
SYN-CUST-02905,dormant_low_value
SYN-CUST-00388,loyal_high_value
SYN-CUST-01289,growth_potential
SYN-CUST-01881,engaged_low_conversion
SYN-CUST-00571,high_value_at_risk
SYN-CUST-02663,dormant_low_value
SYN-CUST-01619,engaged_low_conversion
SYN-CUST-00744,high_value_at_risk
SYN-CUST-01181,growth_potential
SYN-CUST-00896,growth_potential
SYN-CUST-00454,loyal_high_value
SYN-CUST-00767,high_value_at_risk
SYN-CUST-00023,loyal_high_value
SYN-CUST-01423,growth_potential
SYN-CUST-01215,growth_potential
SYN-CUST-00709,high_value_at_risk
SYN-CUST-01952,engaged_low_conversion
SYN-CUST-00494,high_value_at_risk
SYN-CUST-02309,discount_led_frequent
